t,stroke_id,action_type,x_des,y_des,z_des,x_act,y_act,z_act,x_cmd,y_cmd,z_cmd,error_x,error_y,error_z,error_norm,q1,q2,q3,q4,q5,q6,q7,qdot1,qdot2,qdot3,qdot4,qdot5,qdot6,qdot7,sigma_min,condition_number,manipulability,lambda_dls,speed_scale,joint_limit_margin,tip_orientation_error_deg,desired_normal_force_n,measured_normal_force_n,filtered_normal_force_n,normal_force_error_n,normal_force_offset_m,force_control_active,contact_active,status,policy_reason
0.0,unknown,move_to_start,0.5,0.03464101615137754,0.222,0.547624489233107,0.0003318771813747299,0.21964614996029225,0.5034,0.03464101615137754,0.222,-0.047624489233107026,0.03430913897000281,0.0023538500397077555,0.05874308130824195,0.0003451859229244292,0.14246287941932678,0.0002894256613217294,-2.1956639289855957,-0.000212103157537058,2.335379123687744,0.7527964115142822,0.03273261711001396,-0.07168661057949066,0.024702012538909912,-0.4495033323764801,-0.01004249881953001,0.0800548791885376,0.1332288235425949,0.2665572003797891,3.008301876015182,0.16884055787018598,0.02,1.0,0.8831720417022706,0.1575537711383715,0.0,0.0,0.0,0.0,0.0,False,False,OK,metrics within configured thresholds
0.02,unknown,move_to_start,0.5,0.03464101615137754,0.222,0.5438260094218077,0.001153748114798138,0.21571301644134921,0.5034,0.03464101615137754,0.222,-0.0438260094218077,0.0334872680365794,0.006286983558650788,0.05551254258868742,0.0012226502876728773,0.1422366201877594,0.0009454448008909822,-2.2056896686553955,-0.00040798416011966765,2.3370721340179443,0.7556518316268921,0.05303521826863289,-0.006044830195605755,0.03875906765460968,-0.4886791706085205,-0.009400852024555206,0.07562559843063354,0.13581161201000214,0.2662150800545403,3.008068584972199,0.16771584689695113,0.02,1.0,0.8761360710144044,0.6219379497772072,0.0,0.0,0.0,0.0,0.0,False,False,OK,metrics within configured thresholds
0.04,unknown,move_to_start,0.5,0.03464101615137754,0.222,0.5396710232114039,0.002263624930513082,0.2111300327438561,0.5034,0.03464101615137754,0.222,-0.03967102321140392,0.03237739122086446,0.010869967256143892,0.05234731829863207,0.002420606091618538,0.142912819981575,0.001827050349675119,-2.216181993484497,-0.0005742262583225965,2.338719129562378,0.7585508227348328,0.0653933733701706,0.021113291382789612,0.04755539447069168,-0.5012195706367493,-0.00795713160187006,0.07422842085361481,0.13788746297359467,0.26575870216971015,3.006598326564197,0.16600655195971845,0.02,1.0,0.8661103313446046,1.167441659793247,0.0,0.0,0.0,0.0,0.0,False,False,OK,metrics within configured thresholds
0.06,unknown,move_to_start,0.5,0.03464101615137754,0.222,0.5353783255155695,0.0035419742901841565,0.2063815673876545,0.5034,0.03464101615137754,0.222,-0.03537832551556952,0.03109904186119338,0.015618432612345495,0.04962571670249441,0.0038144236896187067,0.14390650391578674,0.002849136246368289,-2.2267708778381348,-0.0007035760791040957,2.340345621109009,0.7614676356315613,0.07292718440294266,0.027146071195602417,0.05305544659495354,-0.500843346118927,-0.0061841607093811035,0.07359302043914795,0.13873377442359924,0.26526018452187855,3.005235784543285,0.16417590753916012,0.02,1.0,0.855618006515503,1.737844851383948,0.0,0.0,0.0,0.0,0.0,False,False,OK,metrics within configured thresholds
0.08,unknown,move_to_start,0.5,0.03464101615137754,0.222,0.5314621483475145,0.0049038234068084705,0.2020023029263908,0.5034,0.03464101615137754,0.222,-0.031462148347514485,0.02973719274456907,0.01999769707360921,0.04768726558753918,0.005329079460352659,0.14475280046463013,0.003938816022127867,-2.237008571624756,-0.000856911763548851,2.343215227127075,0.764398992061615,0.0752314031124115,-0.11866184324026108,0.04140935838222504,-0.23154708743095398,-0.044768065214157104,0.36879950761795044,0.14823094010353088,0.26473051882282056,3.0041753337312853,0.16230208863614706,0.02,1.0,0.8450291221618653,2.2084468235841705,0.0,44.84511184692383,0.0,0.0,0.0,False,True,OK,metrics within configured thresholds
0.1,unknown,move_to_start,0.5,0.03464101615137754,0.222,0.5301298468681321,0.006068989947218155,0.2020018593685542,0.5034,0.03464101615137754,0.2235,-0.030129846868132137,0.028572026204159384,0.01999814063144581,0.04608789409837844,0.006617956794798374,0.14093619585037231,0.0048730638809502125,-2.242572546005249,-0.001010352629236877,2.345991611480713,0.7673094272613525,0.06482119858264923,-0.2261013686656952,0.04927670210599899,-0.30732059478759766,-0.00019599869847297668,0.05506964400410652,0.13701629638671875,0.26413110996541433,3.0052003925531143,0.16056467883907585,0.02,1.0,0.8347914283752442,2.1494587109397374,0.0,42.12107849121094,15.695789146423339,-42.12107849121094,0.0015,True,True,OK,metrics within configured thresholds
0.12,unknown,move_to_start,0.5,0.03464101615137754,0.222,0.528472632916649,0.0072448450732891375,0.2020020415193037,0.5034,0.03464101615137754,0.225,-0.028472632916649032,0.0273961710780884,0.0199979584806963,0.04428497892448168,0.007911385037004948,0.13654054701328278,0.005835539661347866,-2.2487707138061523,-0.001118659507483244,2.3481943607330322,0.7702171206474304,0.06568188220262527,-0.2299034148454666,0.05038416385650635,-0.3086667060852051,9.300251258537173e-05,0.0381680428981781,0.1370367854833603,0.26373910182838517,3.0074782573074335,0.15977919796615447,0.02,1.0,0.8292274539947511,2.1264872223039775,0.0,34.94960403442383,24.944640417099,-34.94960403442383,0.003,True,True,OK,metrics within configured thresholds
0.14,unknown,move_to_start,0.5,0.03464101615137754,0.222,0.526751711474118,0.008435889777669398,0.20200213009848275,0.5034,0.03464101615137754,0.2265,-0.026751711474118034,0.026205126373708143,0.01999786990151725,0.04245323916563355,0.009220278821885586,0.1320970207452774,0.006825568620115519,-2.2549524307250977,-0.001211704220622778,2.350059986114502,0.773131787776947,0.0664735957980156,-0.23135483264923096,0.051745880395174026,-0.30727192759513855,0.0009972513653337955,0.017521262168884277,0.1373281180858612,0.2633354642223406,3.008958837867021,0.15884203336047492,0.02,1.0,0.8230292861938477,2.119132053076105,0.0,33.46672058105469,28.446377683162687,-33.46672058105469,0.0045000000000000005,True,True,OK,metrics within configured thresholds
0.16,unknown,move_to_start,0.5,0.03464101615137754,0.222,0.5249716319998925,0.009641859394117647,0.20200188319195223,0.5034,0.03464101615137754,0.228,-0.024971631999892496,0.024999156757259892,0.019998116808047778,0.04060129208757316,0.010544299148023129,0.1276227980852127,0.007843353785574436,-2.2610890865325928,-0.0012866526376456022,2.3515634536743164,0.7760438323020935,0.06728585064411163,-0.23301495611667633,0.05291150137782097,-0.3045046031475067,0.001373204286210239,0.005322202108800411,0.13736236095428467,0.2629390976535459,3.0101229332294026,0.15788161041167903,0.02,1.0,0.8168475692749024,2.128195537444928,0.0,32.20545959472656,30.203497697424886,-32.20545959472656,0.006,True,True,OK,metrics within configured thresholds
0.18,unknown,move_to_start,0.5,0.03464101615137754,0.222,0.523137102180654,0.010860421688486154,0.20200225364998992,0.5034,0.03464101615137754,0.2295,-0.023137102180654012,0.023780594462891387,0.019997746350010087,0.03873954090339568,0.011881841346621513,0.12312719225883484,0.008887192234396935,-2.267167091369629,-0.0013427924131974578,2.3527040481567383,0.778944194316864,0.06791344285011292,-0.23364579677581787,0.05411013960838318,-0.3015309274196625,0.0023627220652997494,-0.015039092861115932,0.13665059208869934,0.26255192419909845,3.010951724768621,0.15690121212605315,0.02,1.0,0.8107109134674073,2.1534644028119065,0.0,30.481605529785156,30.90418436148047,-30.481605529785156,0.0075,True,True,OK,metrics within configured thresholds
0.2,unknown,move_to_start,0.5,0.03464101615137754,0.222,0.5212508548321813,0.012087918412759547,0.2020022280784858,0.5034,0.03464101615137754,0.231,-0.021250854832181254,0.022553097738617994,0.019997771921514196,0.036880237669122996,0.013229545205831528,0.11862143874168396,0.009954214096069336,-2.273169994354248,-0.0013785981573164463,2.3534674644470215,0.7818210124969482,0.06838259845972061,-0.23405811190605164,0.055054642260074615,-0.2973737418651581,0.0030492874793708324,-0.030811136588454247,0.13566358387470245,0.2621744576580636,3.0114491277877673,0.15590345590765814,0.02,1.0,0.8046329086303712,2.195455241287229,0.0,28.934539794921875,30.756281770387112,-28.934539794921875,0.009,True,True,OK,metrics within configured thresholds
0.22,unknown,move_to_start,0.5,0.03464101615137754,0.222,0.5193193707204052,0.013319467720344471,0.20200216389379508,0.5034,0.03464101615137754,0.2325,-0.019319370720405238,0.021321548431033066,0.019997836106204925,0.03503940583771325,0.014583298936486244,0.1141197606921196,0.011040536686778069,-2.279078960418701,-0.001393166254274547,2.3538546562194824,0.7846623659133911,0.06863201409578323,-0.23352177441120148,0.05580923333764076,-0.29282063245773315,0.0038168844766914845,-0.047117672860622406,0.13410869240760803,0.2618077431158409,3.0116065765771896,0.1548903560277816,0.02,1.0,0.798630005645752,2.253861683410438,0.0,27.081523895263672,30.118672078974278,-27.081523895263672,0.010499999999999999,True,True,OK,metrics within configured thresholds
0.24,unknown,move_to_start,0.5,0.03464101615137754,0.222,0.5173460003961884,0.01454970319118439,0.2020023891469221,0.5034,0.03464101615137754,0.234,-0.017346000396188388,0.020091312960193147,0.019997610853077913,0.03323325181260679,0.015937793999910355,0.10963436216115952,0.012141488492488861,-2.28487491607666,-0.0013847557129338384,2.353848457336426,0.7874535322189331,0.06855911761522293,-0.23248058557510376,0.056359417736530304,-0.28685262799263,0.004850688390433788,-0.06629161536693573,0.13169525563716888,0.26145257113087456,3.0114290277206814,0.15386540538735388,0.02,1.0,0.7927210395812989,2.3292778312023716,0.0,25.29926300048828,29.055670214675565,-25.29926300048828,0.011999999999999999,True,True,OK,metrics within configured thresholds
0.26,unknown,move_to_start,0.5,0.03464101615137754,0.222,0.5153381279833955,0.015772786894822737,0.20200257515767792,0.5034,0.03464101615137754,0.2355,-0.01533812798339551,0.018868229256554802,0.019997424842322087,0.031482776968324314,0.01728745736181736,0.10518131405115128,0.013251392170786858,-2.290538787841797,-0.0013532830635085702,2.3534531593322754,0.7901814579963684,0.06820151954889297,-0.23053276538848877,0.056603334844112396,-0.28008726239204407,0.005803389940410852,-0.08421382308006287,0.1286267787218094,0.2611105615983526,3.0108979331627195,0.15283096900498577,0.02,1.0,0.7869250839233399,2.4212811886382593,0.0,23.34699821472168,27.740927689710016,-23.34699821472168,0.013499999999999998,True,True,OK,metrics within configured thresholds
0.28,unknown,move_to_start,0.5,0.03464101615137754,0.222,0.5133054011691204,0.01698169376068276,0.20200300194900847,0.5034,0.03464101615137754,0.237,-0.013305401169120379,0.01765932239069478,0.019996998050991532,0.029812166956145324,0.018626118078827858,0.10077918320894241,0.014363771304488182,-2.2960495948791504,-0.001299187308177352,2.3526804447174072,0.7928302884101868,0.06748741865158081,-0.22732964158058167,0.05659841373562813,-0.27270352840423584,0.007083069533109665,-0.1070016622543335,0.12485899031162262,0.26078273489538484,3.0100197954949053,0.15179098364641289,0.02,1.0,0.7812612121582032,2.529071577997229,0.0,21.214656829833984,26.2030523734641,-21.214656829833984,0.014999999999999998,True,True,OK,metrics within configured thresholds
0.3,unknown,move_to_start,0.5,0.03464101615137754,0.222,0.5112549726685499,0.018169766646409773,0.20200317303976037,0.5034,0.03464101615137754,0.2385,-0.011254972668549912,0.016471249504967766,0.019996826960239633,0.028246230872498244,0.019946802407503128,0.09644545614719391,0.015471513383090496,-2.301386594772339,-0.0012227434199303389,2.3515312671661377,0.7953856587409973,0.0664551630616188,-0.22395458817481995,0.05608706921339035,-0.26351892948150635,0.007717152126133442,-0.1195349395275116,0.12058104574680328,0.26047007507659453,3.0088070000613025,0.15075033583915023,0.02,1.0,0.7757504051208497,2.6523908431726695,0.0,19.375751495361328,24.45711393319356,-19.375751495361328,0.016499999999999997,True,True,OK,metrics within configured thresholds
0.32,unknown,move_to_start,0.5,0.03464101615137754,0.222,0.5091971949768672,0.019329548536933524,0.20200362995174956,0.5034,0.03464101615137754,0.24,-0.009197194976867218,0.015311467614444015,0.019996370048250445,0.026812016915130556,0.02124243974685669,0.09219832718372345,0.01656700298190117,-2.306530714035034,-0.0011252359254285693,2.350022792816162,0.7978325486183167,0.06503993272781372,-0.21918833255767822,0.05527979135513306,-0.2539820969104767,0.008637778460979462,-0.13681572675704956,0.11550945043563843,0.2601736582066064,3.0072614637009996,0.1497125680783894,0.02,1.0,0.7704134052276612,2.7902276444085095,0.0,17.127361297607422,22.67863707995228,-17.127361297607422,0.018,True,True,OK,metrics within configured thresholds
0.34,unknown,move_to_start,0.5,0.03464101615137754,0.222,0.5071423801793331,0.020453891018929048,0.20200396242484214,0.5034,0.03464101615137754,0.2415,-0.007142380179333108,0.014187125132448491,0.01999603757515786,0.025536828950694077,0.022505750879645348,0.08805710077285767,0.017642315477132797,-2.3114635944366455,-0.0010085918474942446,2.3481764793395996,0.8001581430435181,0.06323821097612381,-0.21368661522865295,0.054072055965662,-0.2432047575712204,0.00941344816237688,-0.15226201713085175,0.1096959039568901,0.25989475414260443,3.005395742033653,0.14868299925251358,0.02,1.0,0.7652692859649659,2.941384841890066,0.0,15.064126968383789,20.73569055613158,-15.064126968383789,0.0195,True,True,OK,metrics within configured thresholds
0.36,unknown,move_to_start,0.5,0.03464101615137754,0.222,0.5051018775658921,0.021535667418414426,0.20200442830296586,0.5034,0.03464101615137754,0.243,-0.005101877565892088,0.013105348732963113,0.019995571697034142,0.02444590369778061,0.0237294789403677,0.08403996378183365,0.01868947222828865,-2.3161683082580566,-0.0008752686553634703,2.346018075942993,0.8023508787155151,0.06107160076498985,-0.20728416740894318,0.05249100551009178,-0.231729194521904,0.010149670764803886,-0.16773073375225067,0.10343749821186066,0.259634013706651,3.003229314351854,0.1476662484943487,0.02,1.0,0.7603364055633546,3.10447573441667,0.0,12.931714057922363,18.750643300419853,-12.931714057922363,0.021,True,True,WARNING,metrics within configured thresholds; tip_orientation_error=3.10deg
0.38,unknown,move_to_start,0.5,0.03464101615137754,0.222,0.5030835729824678,0.02256807965195634,0.20200489729273166,0.5034,0.03464101615137754,0.2445,-0.0030835729824677527,0.012072936499421198,0.019995102707268342,0.023559888589114158,0.024906521663069725,0.08016229420900345,0.01970096305012703,-2.3206310272216797,-0.0007271191570907831,2.3435635566711426,0.8044009804725647,0.05857781320810318,-0.20018181204795837,0.050535447895526886,-0.21973003447055817,0.01064163539558649,-0.17998012900352478,0.09667988121509552,0.25939232114705124,3.0007831262983964,0.146667606440622,0.02,1.0,0.7556316917419434,3.2786783014439393,0.0,10.881393432617188,16.71401806554573,-10.881393432617188,0.022500000000000003,True,True,WARNING,metrics within configured thresholds; tip_orientation_error=3.28deg
0.4,unknown,move_to_start,0.5,0.03464101615137754,0.222,0.5010987091478554,0.02354532125721999,0.20200520121164692,0.5034,0.03464101615137754,0.246,-0.00109870914785537,0.01109569489415755,0.019994798788353085,0.02289352715425347,0.026030438020825386,0.07643766701221466,0.020669598132371902,-2.3248441219329834,-0.0005678346497006714,2.3408541679382324,0.8063023090362549,0.05579346418380737,-0.1923481673002243,0.04826519265770912,-0.2074042409658432,0.011051714420318604,-0.19164296984672546,0.08960776031017303,0.25917066837471675,2.9980657955453096,0.1456907181833892,0.02,1.0,0.7511689727783204,3.461957749497066,0.0,8.854400634765625,14.67259944402074,-8.854400634765625,0.024000000000000004,True,True,WARNING,metrics within configured thresholds; tip_orientation_error=3.46deg
0.42,unknown,move_to_start,0.5,0.03464101615137754,0.222,0.4991992281966792,0.024484830228680355,0.2020058984849311,0.5034,0.03464101615137754,0.2445,0.0008007718033207767,0.010156185922697184,0.01999410151506889,0.02243999651007696,0.02710798569023609,0.07279417663812637,0.021617038175463676,-2.3290233612060547,-0.0004038815968669951,2.338538885116577,0.8082146644592285,0.05435703694820404,-0.18986009061336517,0.0477132573723793,-0.20777034759521484,0.01134535763412714,-0.1725674718618393,0.09016775339841843,0.258968818082861,2.9951149809398077,0.14474009926843037,0.02,1.0,0.7469558780670167,3.6253652461371866,0.0,6.8727264404296875,12.63622986078145,-6.8727264404296875,0.022500000000000003,True,True,WARNING,metrics within configured thresholds; tip_orientation_error=3.63deg
0.44,unknown,move_to_start,0.5,0.03464101615137754,0.222,0.49737390527706293,0.02540295622776931,0.20200631885516465,0.5034,0.03464101615137754,0.243,0.002626094722937067,0.009238059923608228,0.01999368114483535,0.022180744134662367,0.02816353179514408,0.06923098117113113,0.022552460432052612,-2.3331546783447266,-0.0002406437270110473,2.3365368843078613,0.8101025819778442,0.05359736457467079,-0.18496841192245483,0.04697788506746292,-0.20437033474445343,0.010279400274157524,-0.15601441264152527,0.08959730714559555,0.25874725240253166,2.9927336730796172,0.14382076061759752,0.02,1.0,0.7427766387939454,3.7726752821050447,0.0,4.8679518699646,10.619003663658333,-4.8679518699646,0.021,True,True,WARNING,metrics within configured thresholds; tip_orientation_error=3.77deg
0.46,unknown,move_to_start,0.5,0.03464101615137754,0.222,0.4956451002493954,0.02630162151682173,0.20200701479069047,0.5034,0.03464101615137754,0.2415,0.004354899750604602,0.00833939463455581,0.019992985209309533,0.022095929767455905,0.02919972874224186,0.06578536331653595,0.0234745554625988,-2.3371975421905518,-8.533481013728306e-05,2.334892511367798,0.8119581937789917,0.05270589888095856,-0.1783549189567566,0.04609217122197151,-0.19965405762195587,0.008878753520548344,-0.1359483152627945,0.08825106918811798,0.25851036094357466,2.9908183397390644,0.14292972208728377,0.02,1.0,0.7386453216552735,3.9011687599537415,0.0,2.5907492637634277,8.606135535865526,-2.5907492637634277,0.0195,True,True,WARNING,metrics within configured thresholds; tip_orientation_error=3.90deg
0.48,unknown,move_to_start,0.5,0.03464101615137754,0.222,0.49403427275989137,0.027177977309017703,0.20200728536348372,0.5034,0.03464101615137754,0.24,0.005965727240108631,0.007463038842359836,0.01999271463651628,0.022158418012193877,0.03021320141851902,0.06249171867966652,0.024377988651394844,-2.3411192893981934,5.627530481433496e-05,2.3336551189422607,0.8137696385383606,0.051471009850502014,-0.1701851636171341,0.04503637179732323,-0.1929294317960739,0.007804958149790764,-0.11476189643144608,0.0861060619354248,0.258260502667698,2.989406817646143,0.1420777986043175,0.02,1.0,0.7346024578094483,4.008108474711568,0.0,0.26130688190460205,6.500750340629792,-0.26130688190460205,0.018,True,True,WARNING,metrics within configured thresholds; tip_orientation_error=4.01deg
0.5,unknown,move_to_start,0.5,0.03464101615137754,0.222,0.49257224363327423,0.02803228837287829,0.2020136719529416,0.5034,0.03464101615137754,0.2385,0.0074277563667257684,0.0066087277784992494,0.01998632804705841,0.022322637754046373,0.031203806400299072,0.05938046798110008,0.02525908313691616,-2.344879627227783,0.00017960208060685545,2.3329031467437744,0.8155210018157959,0.04977666959166527,-0.1674911081790924,0.043689239770174026,-0.17557144165039062,0.006337933707982302,-0.042192667722702026,0.08320330083370209,0.2579989229520351,2.988549522562469,0.14127448229245199,0.02,1.0,0.7306807106018067,4.088417265186092,0.0,0.0,4.316945130075976,0.0,0.016499999999999997,True,False,WARNING,metrics within configured thresholds; tip_orientation_error=4.09deg
0.52,unknown,move_to_start,0.5,0.03464101615137754,0.222,0.4913059061981017,0.0288689885650699,0.20205959730411846,0.5034,0.03464101615137754,0.237,0.008694093801898284,0.00577202758630764,0.019940402695881543,0.02250607094024238,0.03217482939362526,0.056455522775650024,0.026115678250789642,-2.348400115966797,0.0002808970457408577,2.3326961994171143,0.8171916604042053,0.04777076467871666,-0.17048439383506775,0.04185416176915169,-0.1429516077041626,0.0050678676925599575,-0.012865182012319565,0.0793972834944725,0.25772698297233926,2.988322186092825,0.14053295190466614,0.02,1.0,0.7269203727722169,4.134439116903696,0.0,0.0,2.806014334549385,0.0,0.014999999999999998,True,False,WARNING,metrics within configured thresholds; tip_orientation_error=4.13deg
0.54,unknown,move_to_start,0.5,0.03464101615137754,0.222,0.4903884606014131,0.029682974016271117,0.20235005776396808,0.5034,0.03464101615137754,0.2355,0.009611539398586888,0.004958042135106422,0.01964994223603192,0.02242953635952981,0.03311215713620186,0.053520191460847855,0.026934416964650154,-2.351410150527954,0.0003557034069672227,2.3330650329589844,0.8187574744224548,0.045676980167627335,-0.17404133081436157,0.03971075639128685,-0.11565561592578888,0.003569124499335885,0.015467490069568157,0.07446739822626114,0.2574500498857047,2.988766387218494,0.13987300176857284,0.02,1.0,0.7233998840332032,4.117612810921899,0.0,0.0,1.8239093174571002,0.0,0.013499999999999998,True,False,WARNING,metrics within configured thresholds; tip_orientation_error=4.12deg
0.56,unknown,move_to_start,0.5,0.03464101615137754,0.222,0.48984119065074755,0.03046305619615598,0.20290078311974807,0.5034,0.03464101615137754,0.234,0.010158809349252451,0.00417795995522156,0.01909921688025193,0.02203263130497114,0.03400133550167084,0.05056941509246826,0.0277014821767807,-2.3538830280303955,0.00039237935561686754,2.3340470790863037,0.8202045559883118,0.04285608232021332,-0.17301978170871735,0.036924876272678375,-0.09011604636907578,0.0017389662098139524,0.04465244710445404,0.06881958991289139,0.25719030214876015,2.9898472593558587,0.13935421392292752,0.02,1.0,0.720389849472046,4.033966201866634,0.0,0.0,1.1855410563471152,0.0,0.011999999999999999,True,False,WARNING,metrics within configured thresholds; tip_orientation_error=4.03deg
0.58,unknown,move_to_start,0.5,0.03464101615137754,0.222,0.48964564637931385,0.03119714853480255,0.2036613393815488,0.5034,0.03464101615137754,0.2325,0.010354353620686152,0.0034438676165749887,0.018338660618451214,0.02133961893618168,0.03482845425605774,0.04769220948219299,0.028404930606484413,-2.3558430671691895,0.0003861644654534757,2.3356595039367676,0.8215192556381226,0.0394144207239151,-0.16781173646450043,0.033598948270082474,-0.06531178951263428,-0.0003011280787177384,0.07467323541641235,0.06252896785736084,0.2569504991388212,2.991578502175412,0.13898480427653434,0.02,1.0,0.7179169719696046,3.8890158436502276,0.0,0.0,0.7706016866256249,0.0,0.010499999999999999,True,False,WARNING,metrics within configured thresholds; tip_orientation_error=3.89deg
0.6,unknown,move_to_start,0.5,0.03464101615137754,0.222,0.489787092922854,0.03187577823571669,0.20458805071739244,0.5034,0.03464101615137754,0.231,0.010212907077146005,0.0027652379156608495,0.01741194928260756,0.020374640843870726,0.035582270473241806,0.044970136135816574,0.02903476543724537,-2.357306480407715,0.00033484434243291616,2.337914228439331,0.822688102722168,0.03545956313610077,-0.15864185988903046,0.029812010005116463,-0.04126918688416481,-0.002445738296955824,0.1052296832203865,0.05558057501912117,0.2567296554268592,2.993963802904353,0.13875962107449286,0.02,1.0,0.7159569328308106,3.687664871139959,0.0,0.0,0.5008910963066562,0.0,0.009,True,False,WARNING,metrics within configured thresholds; tip_orientation_error=3.69deg
0.62,unknown,move_to_start,0.5,0.03464101615137754,0.222,0.4902462103956443,0.032490657463832576,0.20563760343079476,0.5034,0.03464101615137754,0.2295,0.00975378960435569,0.0021503586875449635,0.01636239656920524,0.019169988931115132,0.03625338152050972,0.042481038719415665,0.02958255261182785,-2.3582935333251953,0.00023827687255106866,2.3408117294311523,0.8236977458000183,0.031075429171323776,-0.14562879502773285,0.025635087862610817,-0.018359515815973282,-0.004596502520143986,0.13585524260997772,0.04801559820771217,0.25652718550887604,2.997006331233287,0.1386750700830131,0.02,1.0,0.7144935195922852,3.435518489039027,0.0,0.0,0.32557921259932654,0.0,0.0075,True,False,WARNING,metrics within configured thresholds; tip_orientation_error=3.44deg
0.64,unknown,move_to_start,0.5,0.03464101615137754,0.222,0.490998211739515,0.03303462039238845,0.20676442224606967,0.5034,0.03464101615137754,0.228,0.009001788260484977,0.0016063957589890904,0.015235577753930335,0.017768948441513364,0.03683397173881531,0.04029933735728264,0.030041469261050224,-2.3588333129882812,9.919129661284387e-05,2.3443410396575928,0.8245366215705872,0.02634279616177082,-0.12895318865776062,0.021148357540369034,0.002873726189136505,-0.00661621754989028,0.16600367426872253,0.03989359736442566,0.25634184142702554,3.0007026486142148,0.13872550181110543,0.02,1.0,0.7135064666748048,3.139146702670205,0.0,0.0,0.21162648818956226,0.0,0.006,True,False,WARNING,metrics within configured thresholds; tip_orientation_error=3.14deg
0.66,unknown,move_to_start,0.5,0.03464101615137754,0.222,0.49201143247270207,0.03350125563485486,0.2079196595371734,0.5034,0.03464101615137754,0.2265,0.00798856752729793,0.0011397605165226823,0.014080340462826607,0.016228747725019796,0.03731794282793999,0.0384933203458786,0.030406566336750984,-2.3589682579040527,-7.736845873296261e-05,2.348480463027954,0.8251961469650269,0.021355189383029938,-0.10897760093212128,0.01644895412027836,0.02180253341794014,-0.008394968695938587,0.19502733647823334,0.03135296329855919,0.25617202435485176,3.0050374829358746,0.1389029631363738,0.02,1.0,0.7129666870117188,2.8061134336416824,0.0,0.0,0.13755721732321546,0.0,0.0045000000000000005,True,False,OK,metrics within configured thresholds
0.68,unknown,move_to_start,0.5,0.03464101615137754,0.222,0.4932026774509064,0.03388331711989295,0.20906479967366756,0.5034,0.03464101615137754,0.22523237423749629,0.0067973225490935985,0.0007576990314845863,0.012935200326332441,0.014632057583985919,0.037700578570365906,0.03706202656030655,0.030675292015075684,-2.35874342918396,-0.0002756844332907349,2.3529300689697266,0.8256644010543823,0.016184436157345772,-0.09102854877710342,0.011653969064354897,0.038698822259902954,-0.009421413764357567,0.20967304706573486,0.02225404977798462,0.2560149912103703,3.009992940216035,0.13919639665870273,0.02,1.0,0.7128317420959474,2.456163314200332,0.0,0.0,0.08941219126009005,0.0,0.003232374237496276,True,False,OK,metrics within configured thresholds
0.7000000000000001,unknown,move_to_start,0.5,0.03464101615137754,0.222,0.49427666487133687,0.034161688897020044,0.21023502072373423,0.5034,0.03464101615137754,0.22518583966255495,0.005723335128663132,0.000479327254357495,0.011764979276265769,0.013092022646738827,0.03797673061490059,0.035674482583999634,0.030848916620016098,-2.358168363571167,-0.000436430360423401,2.3561079502105713,0.8259035348892212,0.010801627300679684,-0.09813177585601807,0.006945849396288395,0.056353889405727386,-0.007606571540236473,0.14843875169754028,0.011353651992976665,0.2558771610941794,3.0152249816300207,0.13957567463419956,0.02,1.0,0.7130565708160401,2.161532956217817,0.0,0.0,0.05811792431905853,0.0,0.003185839662554962,True,False,OK,metrics within configured thresholds
0.72,unknown,move_to_start,0.5,0.03464101615137754,0.222,0.4958138684727418,0.034376334511335906,0.21111410238713485,0.5034,0.03464101615137754,0.222,0.004186131527258219,0.0002646816400416335,0.010885897612865153,0.011666041332511368,0.038155946880578995,0.035329390317201614,0.030930345878005028,-2.3576245307922363,-0.000676361785735935,2.362157106399536,0.8260310292243958,0.006272469647228718,-0.007674121297895908,0.002575635677203536,0.041431959718465805,-0.01141910906881094,0.2861749827861786,0.006062214262783527,0.2558124831667634,3.018864568885917,0.13993416174496018,0.02,1.0,0.7136316364288331,1.7639047110226118,0.0,0.0,0.03777665080738805,0.0,0.0,False,False,OK,metrics within configured thresholds
0.74,unknown,move_to_start,0.5,0.03464101615137754,0.222,0.4964695239890185,0.03446242328826271,0.21118570431931377,0.5034,0.03464101615137754,0.222,0.003530476010981498,0.00017859286311482786,0.010814295680686231,0.011377396334143426,0.03824128955602646,0.03584444150328636,0.030944613739848137,-2.357431173324585,-0.0008091435302048922,2.3652055263519287,0.8259825706481934,0.0020001677330583334,0.008506737649440765,-0.0004893397563137114,0.022240448743104935,-0.0062412177212536335,0.1404028832912445,-0.0023340596817433834,0.2556449153618749,3.0259092569061914,0.14046820519122435,0.02,1.0,0.7141754692077638,1.6075930483128655,0.0,0.0,0.024554823024802233,0.0,0.0,False,False,OK,metrics within configured thresholds
0.76,unknown,move_to_start,0.5,0.03464101615137754,0.222,0.4967144374787642,0.034464673793962786,0.2109319861912321,0.5034,0.03464101615137754,0.222,0.0032855625212357964,0.00017634235741475351,0.011068013808767901,0.011546728860549419,0.03825317323207855,0.03654918074607849,0.030911311507225037,-2.3575727939605713,-0.0008920851978473365,2.367077589035034,0.825860857963562,-0.0009728077566251159,0.012086387723684311,-0.002436771523207426,0.010812884196639061,-0.0038938068319112062,0.08564404398202896,-0.005794227123260498,0.2555539903800837,3.0294731223899203,0.14070949614475411,0.02,1.0,0.7143688266754151,1.5487775240205548,0.0,0.0,0.01596063496612145,0.0,0.0,False,False,OK,metrics within configured thresholds
0.78,unknown,move_to_start,0.5,0.03464101615137754,0.222,0.4967547666464598,0.034419130939213546,0.21057309492148657,0.5034,0.03464101615137754,0.222,0.003245233353540211,0.00022188521216399276,0.011426905078513433,0.011880864120074053,0.03821766749024391,0.03723659738898277,0.03085312433540821,-2.357848644256592,-0.0009423153242096305,2.368229627609253,0.8257243633270264,-0.0026539925020188093,0.007252661511301994,-0.0032730153761804104,0.00786210224032402,-0.0023457894567400217,0.0517888180911541,-0.006493425462394953,0.25547758036452856,3.031712623132141,0.14079983387309747,0.02,1.0,0.7142272060394288,1.537937636965977,0.0,0.0,0.010374412727978944,0.0,0.0,False,False,OK,metrics within configured thresholds
0.8,unknown,move_to_start,0.5,0.03464101615137754,0.222,0.49671928835026735,0.03435518024592485,0.21024640616422927,0.5034,0.03464101615137754,0.222,0.0032807116497326483,0.00028583590545269016,0.011753593835770737,0.01220621723343499,0.03815929964184761,0.03778555616736412,0.030788859352469444,-2.3581254482269287,-0.0009712873725220561,2.368936538696289,0.8256084322929382,-0.003233496332541108,-0.001637401059269905,-0.0032557023223489523,0.00983629934489727,-0.0013418318703770638,0.030885176733136177,-0.0054957251995801926,0.25541551960968545,3.033130520387409,0.14081387102202564,0.02,1.0,0.7139513557434083,1.5447287821464883,0.0,0.0,0.006743368273186313,0.0,0.0,False,False,OK,metrics within configured thresholds
0.8200000000000001,unknown,move_to_start,0.5,0.03464101615137754,0.222,0.496676579286662,0.03429271500928499,0.21001359535002248,0.5034,0.03464101615137754,0.222,0.003323420713338021,0.0003483011420925483,0.011986404649977522,0.012443485659429593,0.03809741884469986,0.03815244883298874,0.030731461942195892,-2.3583388328552246,-0.0009870869107544422,2.3693718910217285,0.8255304098129272,-0.003023338271304965,-0.011124779470264912,-0.002702568657696247,0.013841613195836544,-0.0007214942015707493,0.01808011159300804,-0.003707562806084752,0.2553690839700902,3.034020508165536,0.14079923295869184,0.02,1.0,0.7136745517730714,1.5530192185340312,0.0,0.0,0.004383189377571104,0.0,0.0,False,False,OK,metrics within configured thresholds
0.84,unknown,move_to_start,0.5,0.03464101615137754,0.222,0.4966566319663612,0.034243235491169206,0.20988685187675798,0.5034,0.03464101615137754,0.222,0.003343368033638827,0.0003977806602083328,0.012113148123242018,0.012572378323833377,0.03804468736052513,0.03834853321313858,0.030687930062413216,-2.358466386795044,-0.0009952019900083542,2.3696413040161133,0.8254922032356262,-0.0023574877995997667,-0.01907079853117466,-0.001906382036395371,0.01798589900135994,-0.0003606095851864666,0.010240483097732067,-0.0017923087580129504,0.25533714908140753,3.0345772781048748,0.1407813105557747,0.02,1.0,0.7134611671447755,1.5561190967224032,0.0,0.0,0.0028490730954212175,0.0,0.0,False,False,OK,metrics within configured thresholds
0.86,unknown,move_to_start,0.5,0.03464101615137754,0.222,0.4966629711262419,0.03421119111473388,0.20984669365433162,0.5034,0.03464101615137754,0.222,0.0033370288737580855,0.00042982503664366206,0.012153306345668385,0.012610446716833005,0.038007501512765884,0.03841402754187584,0.03066028095781803,-2.358520030975342,-0.000998942763544619,2.3698108196258545,0.8254879117012024,-0.0015263915993273258,-0.024578407406806946,-0.0010951287113130093,0.021228663623332977,-0.00015564281784463674,0.005444161128252745,-0.000182919975486584,0.2553178127719664,3.034919903943971,0.14077168055193115,0.02,1.0,0.7133336132049561,1.553234819429622,0.0,0.0,0.0018518975120237913,0.0,0.0,False,False,OK,metrics within configured thresholds
0.88,unknown,move_to_start,0.5,0.03464101615137754,0.222,0.4966871678110642,0.03419578583664305,0.20986240649873014,0.5034,0.03464101615137754,0.222,0.0033128321889357992,0.0004452303147344863,0.012137593501269861,0.012589450470424675,0.03798694163560867,0.03839746490120888,0.030646970495581627,-2.358523368835449,-0.0010005352087318897,2.3699185848236084,0.8255069851875305,-0.00074060691986233,-0.02763596922159195,-0.00041760288877412677,0.023271793499588966,-5.528555266209878e-05,0.0024840165860950947,0.0009130405960604548,0.2553077562641568,3.035130299092333,0.140771846150633,0.02,1.0,0.7132799690246583,1.5462914630390057,0.0,0.0,0.0012037333828154645,0.0,0.0,False,False,OK,metrics within configured thresholds
0.9,unknown,move_to_start,0.5,0.03464101615137754,0.222,0.4967201844455462,0.034193366915852355,0.20990657580473923,0.5034,0.03464101615137754,0.222,0.00327981555445378,0.00044764923552518404,0.012093424195260771,0.012538280929849271,0.0379808247089386,0.03834201768040657,0.030644532293081284,-2.3584959506988525,-0.0010014032013714314,2.3699851036071777,0.8255375623703003,-0.00012345403956715018,-0.028741121292114258,5.788646740256809e-05,0.024251788854599,-2.1231118807918392e-05,0.0006294387276284397,0.0015069808578118682,0.2553037877506711,3.035257669504105,0.14077896224297304,0.02,1.0,0.7132766311645509,1.5377315795116462,0.0,0.0,0.0007824266988300519,0.0,0.0,False,False,OK,metrics within configured thresholds
0.92,unknown,move_to_start,0.5,0.03464101615137754,0.222,0.496751980741548,0.03419966104869862,0.2099555225319442,0.5034,0.03464101615137754,0.222,0.003248019258451973,0.00044135510267891837,0.012044477468055814,0.012482542245409779,0.03798513859510422,0.03827853500843048,0.030648943036794662,-2.358461856842041,-0.0010019342880696058,2.3700308799743652,0.8255720138549805,0.000279610714642331,-0.0285970326513052,0.0003258379001636058,0.024398664012551308,-5.452973255160032e-06,-0.0005059659597463906,0.0016432814300060272,0.25530370181344997,3.035330549407393,0.1407900013569577,0.02,1.0,0.7133040493011475,1.5295267299132906,0.0,0.0,0.0005085773542395337,0.0,0.0,False,False,OK,metrics within configured thresholds
0.9400000000000001,unknown,move_to_start,0.5,0.03464101615137754,0.222,0.49677791687517625,0.03421017093579934,0.20999751474721237,0.5034,0.03464101615137754,0.222,0.003222083124823749,0.00043084521557820027,0.012002485252787631,0.012434914535550502,0.0379955917596817,0.038225207477808,0.03065640665590763,-2.358429193496704,-0.0010025800438597798,2.370058298110962,0.825602650642395,0.0004772581160068512,-0.027813104912638664,0.0004156554932706058,0.02412528730928898,-1.0466997991898097e-05,-0.001277556992135942,0.0014903354458510876,0.2553047864562163,3.0353778468316026,0.1408009159722821,0.02,1.0,0.7133381431579591,1.5230307313336835,0.0,0.0,0.00033057528025569696,0.0,0.0,False,False,OK,metrics within configured thresholds
0.96,unknown,move_to_start,0.5,0.03464101615137754,0.222,0.49679745299489486,0.03422162561929203,0.21002787448572943,0.5034,0.03464101615137754,0.222,0.0032025470051051386,0.00041939053208550625,0.01197212551427057,0.012400160687174954,0.038008373230695724,0.0381891094148159,0.03066408634185791,-2.3584022521972656,-0.001003304379992187,2.3700783252716064,0.8256257176399231,0.0005116225220263004,-0.026883218437433243,0.00037957311724312603,0.023636996746063232,-1.3942072655481752e-05,-0.0017504149582237005,0.001166064408607781,0.25530633349274434,3.035404599271482,0.1408101439569809,0.02,1.0,0.713370806503296,1.5182759574691111,0.0,0.0,0.00021487393216620303,0.0,0.0,False,False,OK,metrics within configured thresholds
0.98,unknown,move_to_start,0.5,0.03464101615137754,0.222,0.4968080295233513,0.03423135805672377,0.21004446574795524,0.5034,0.03464101615137754,0.222,0.003191970476648709,0.0004096580946537712,0.011955534252044764,0.012381086161162432,0.03802074119448662,0.03817011043429375,0.030670158565044403,-2.3583874702453613,-0.0010041424538940191,2.370089530944824,0.8256410956382751,0.0004380024620331824,-0.02607683464884758,0.0002714066067710519,0.023126574233174324,-1.840864024416078e-05,-0.0020984881557524204,0.0007930300198495388,0.2553077786904112,3.035422016833538,0.14081738920531417,0.02,1.0,0.7133977478027345,1.5156929286322667,0.0,0.0,0.00013966805590803197,0.0,0.0,False,False,OK,metrics within configured thresholds
1.0,unknown,move_to_start,0.5,0.03464101615137754,0.222,0.4968110764075506,0.0342384574332016,0.21004915044371908,0.5034,0.03464101615137754,0.222,0.0031889235924493775,0.00040255871817593963,0.011950849556280924,0.012375544122054579,0.03803103417158127,0.03816472738981247,0.030673803761601448,-2.3583834171295166,-0.0010047927498817444,2.3700954914093018,0.8256489634513855,0.00031107975519262254,-0.025497781112790108,0.00013888021931052208,0.022754888981580734,-1.0249698789266404e-05,-0.002284423680976033,0.0004546153068076819,0.2553085739086483,3.0354320870148164,0.1408214333457011,0.02,1.0,0.7134125297546388,1.5148170583588896,0.0,0.0,9.078423634022078e-05,0.0,0.0,False,False,OK,metrics within configured thresholds
1.02,unknown,move_to_start,0.5,0.03464101615137754,0.222,0.4968110870432103,0.034242944434663004,0.21004795965179254,0.5034,0.03464101615137754,0.222,0.0031889129567896912,0.0003980717167145348,0.01195204034820746,0.012376546183116205,0.03803860768675804,0.03816807642579079,0.030674921348690987,-2.3583831787109375,-0.0010052709840238094,2.370098352432251,0.8256525993347168,0.000172877887962386,-0.025175604969263077,1.4141078281681985e-05,0.022555692121386528,-6.943865855646436e-07,-0.0024006864987313747,0.00018586180522106588,0.2553086187430749,3.035438570096541,0.14082262622161795,0.02,1.0,0.7134165828704835,1.514830680026741,0.0,0.0,5.900975362114351e-05,0.0,0.0,False,False,OK,metrics within configured thresholds
1.04,unknown,move_to_start,0.5,0.03464101615137754,0.222,0.49680930685436164,0.034244675117152304,0.21004350841766276,0.5034,0.03464101615137754,0.222,0.003190693145638357,0.0003963410342252352,0.011956491582337248,0.012381247914630245,0.03804351016879082,0.03817528486251831,0.03067386895418167,-2.358384847640991,-0.001005834899842739,2.370098352432251,0.8256525993347168,5.1737581088673323e-05,-0.02507581003010273,-8.5786625277251e-05,0.022444823756814003,-4.504630851442926e-06,-0.0024467632174491882,3.16011683025863e-05,0.25530861263770754,3.035440842146066,0.14082287414699302,0.02,1.0,0.7134168212890626,1.5153427671625221,0.0,0.0,3.835633985374328e-05,0.0,0.0,False,False,OK,metrics within configured thresholds
1.06,unknown,move_to_start,0.5,0.03464101615137754,0.222,0.49680756997374254,0.034244474819998115,0.21003888188884243,0.5034,0.03464101615137754,0.222,0.0031924300262574645,0.00039654133137942416,0.011961118111157576,0.012386169745692337,0.038046251982450485,0.03818289190530777,0.03067130781710148,-2.358386754989624,-0.001006050151772797,2.370098352432251,0.8256525993347168,-3.753764758585021e-05,-0.025116564705967903,-0.00014948852185625583,0.022406697273254395,1.2096732461941428e-05,-0.002460986375808716,-5.543403676711023e-05,0.2553083796204264,3.035442439725833,0.14082235232461637,0.02,1.0,0.7134151523590089,1.5158915037444798,0.0,0.0,2.4931620904933133e-05,0.0,0.0,False,False,OK,metrics within configured thresholds
1.08,unknown,move_to_start,0.5,0.03464101615137754,0.222,0.4968059032504969,0.034243364874853605,0.21003496392272883,0.5034,0.03464101615137754,0.222,0.003194096749503106,0.00039765127652393456,0.011965036077271174,0.012390418431728131,0.03804754838347435,0.03818895295262337,0.030667908489704132,-2.358389139175415,-0.001006023259833455,2.370098352432251,0.8256525993347168,-8.955593511927873e-05,-0.025220699608325958,-0.00017919907986652106,0.022405661642551422,2.3196642359835096e-05,-0.0024668218102306128,-6.115257565397769e-05,0.2553083470003984,3.0354418351672714,0.1408219273106349,0.02,1.0,0.7134132450103761,1.5163700361379258,0.0,0.0,1.6205553588206537e-05,0.0,0.0,False,False,OK,metrics within configured thresholds
1.1,unknown,move_to_start,0.5,0.03464101615137754,0.222,0.4968047401897381,0.03424171362746592,0.21003222470613878,0.5034,0.03464101615137754,0.222,0.003195259810261919,0.00039930252391161963,0.011967775293861227,0.012393416528344088,0.03804810717701912,0.03819293528795242,0.03066420368850231,-2.358391046524048,-0.0010059610940515995,2.370098352432251,0.8256525993347168,-0.00011034306953661144,-0.025327781215310097,-0.00018490490037947893,0.022435838356614113,2.4719945940887555e-05,-0.002467281883582473,-2.2350155632011592e-05,0.25530814839947635,3.0354424866872503,0.14082136809390372,0.02,1.0,0.713410860824585,1.5167088871398104,0.0,0.0,1.0533609832334249e-05,0.0,0.0,False,False,OK,metrics within configured thresholds
1.12,unknown,move_to_start,0.5,0.03464101615137754,0.222,0.4968036887077295,0.03424004807665946,0.21003063696333912,0.5034,0.03464101615137754,0.222,0.003196311292270493,0.0004009680747180805,0.01196936303666088,0.012395274614845075,0.03804847598075867,0.03819499909877777,0.030660610646009445,-2.3583929538726807,-0.001005869242362678,2.370098352432251,0.8256525993347168,-0.00010815260611707345,-0.025417262688279152,-0.00017355996533297002,0.022471366450190544,2.5987144908867776e-05,-0.00246568419970572,3.945606658817269e-05,0.2553079779228855,3.0354434786951963,0.14082094268331904,0.02,1.0,0.7134089534759522,1.5169345681697468,0.0,0.0,6.846846391017262e-06,0.0,0.0,False,False,OK,metrics within configured thresholds
1.1400000000000001,unknown,move_to_start,0.5,0.03464101615137754,0.222,0.496803276198218,0.03423861491557041,0.2100296926413581,0.5034,0.03464101615137754,0.222,0.0031967238017819866,0.00040240123580712744,0.011970307358641907,0.012396339301576702,0.03804904222488403,0.03819577768445015,0.030657347291707993,-2.358394145965576,-0.001005703816190362,2.370098352432251,0.8256528377532959,-9.2433336249087e-05,-0.02546609565615654,-0.00015394734509754926,0.022520577535033226,2.940219928859733e-05,-0.0024577772710472345,9.783499262994155e-05,0.2553079644070116,3.0354416704004046,0.14082056930332132,0.02,1.0,0.7134070461273194,1.5170323515129456,0.0,0.0,4.45045015416122e-06,0.0,0.0,False,False,OK,metrics within configured thresholds
1.16,unknown,move_to_start,0.5,0.03464101615137754,0.222,0.4968028771721307,0.03423776374694603,0.21002934080022193,0.5034,0.03464101615137754,0.222,0.0031971228278693253,0.0004032524044315089,0.011970659199778078,0.012396809611968495,0.03804999217391014,0.03819569572806358,0.03065449185669422,-2.3583950996398926,-0.0010055185994133353,2.370098352432251,0.825653076171875,-7.062146323733032e-05,-0.025502663105726242,-0.00013200398825574666,0.022550038993358612,3.055874913115986e-05,-0.002466308418661356,0.00015241818618960679,0.2553078186187921,3.035442742505914,0.14082031613431337,0.02,1.0,0.7134058540344239,1.5170928515399615,0.0,0.0,2.8927926002047934e-06,0.0,0.0,False,False,OK,metrics within configured thresholds
1.18,unknown,move_to_start,0.5,0.03464101615137754,0.222,0.49680244556402453,0.03423707797816386,0.2100291655854277,0.5034,0.03464101615137754,0.222,0.0031975544359754693,0.00040393817321367903,0.011970834414572307,0.01239711244604623,0.038051385432481766,0.038195181638002396,0.030652012676000595,-2.358396053314209,-0.0010054368758574128,2.370098352432251,0.8256546854972839,-4.985541818314232e-05,-0.025515150278806686,-0.0001144233247032389,0.02257804572582245,2.575399230408948e-05,-0.002462148666381836,0.00018233110313303769,0.255307741395843,3.0354434052621686,0.1408201585512949,0.02,1.0,0.7134049003601075,1.5171304791724711,0.0,0.0,1.8803151901331157e-06,0.0,0.0,False,False,OK,metrics within configured thresholds
1.2,unknown,move_to_start,0.5,0.03464101615137754,0.222,0.496802182848586,0.03423692654592456,0.21002898893874117,0.5034,0.03464101615137754,0.222,0.003197817151413984,0.0004040896054529758,0.011971011061258835,0.012397355716921814,0.038053158670663834,0.03819461911916733,0.03064984828233719,-2.3583970069885254,-0.001005263184197247,2.370098352432251,0.8256601691246033,-3.23709609801881e-05,-0.025512179359793663,-0.00010010047844843939,0.022607026621699333,2.8939062758581713e-05,-0.0024606739170849323,0.00018544161866884679,0.255307696428159,3.035442895844031,0.140819934895558,0.02,1.0,0.7134039466857911,1.5171531364646835,0.0,0.0,1.2222048735865253e-06,0.0,0.0,False,False,OK,metrics within configured thresholds
1.22,unknown,move_to_start,0.5,0.03464101615137754,0.222,0.49680212170787175,0.03423697738635194,0.21002922583820016,0.5034,0.03464101615137754,0.222,0.0031978782921282534,0.0004040387650256008,0.011970774161799841,0.012397141078802128,0.03805524855852127,0.038194067776203156,0.03064788691699505,-2.3583972454071045,-0.001005222206003964,2.370098352432251,0.8256675601005554,-2.047763337031938e-05,-0.02551170624792576,-9.202685032505542e-05,0.022623475641012192,2.371604205109179e-05,-0.0024638643953949213,0.00019473240536171943,0.2553075814374409,3.035443450570713,0.14081974121607646,0.02,1.0,0.7134029930114747,1.5171372549985613,0.0,0.0,7.944331678312415e-07,0.0,0.0,False,False,OK,metrics within configured thresholds
1.24,unknown,move_to_start,0.5,0.03464101615137754,0.222,0.49680218240116975,0.034237187636033506,0.21002958024171026,0.5034,0.03464101615137754,0.222,0.003197817598830255,0.00040382851534403325,0.011970419758289746,0.012396776357378035,0.03805750980973244,0.038193557411432266,0.030646026134490967,-2.3583972454071045,-0.0010051727294921875,2.370098352432251,0.825674831867218,-1.4253095287131146e-05,-0.025504983961582184,-8.857358625391498e-05,0.02263149619102478,2.4156875952030532e-05,-0.0024600187316536903,0.00019192582112737,0.25530756000558763,3.035443602418825,0.1408197090399585,0.02,1.0,0.7134027545928956,1.5171035457593973,0.0,0.0,5.16381559090307e-07,0.0,0.0,False,False,OK,metrics within configured thresholds
1.26,unknown,move_to_start,0.5,0.03464101615137754,0.222,0.4968022354500872,0.03423733906873541,0.2100296981702456,0.5034,0.03464101615137754,0.222,0.003197764549912774,0.00040367708264212737,0.011970301829754393,0.01239664386836819,0.03805984929203987,0.0381932333111763,0.030644187703728676,-2.3583972454071045,-0.0010052191792055964,2.370098352432251,0.8256809711456299,-1.2275821063667536e-05,-0.025495057925581932,-8.875258936313912e-05,0.022634094581007957,1.9309147319290787e-05,-0.00245643756352365,0.00018807862943504006,0.25530765203210615,3.035442898021857,0.1408198113743909,0.02,1.0,0.7134027545928956,1.5170901558336463,0.0,0.0,3.3564801340869955e-07,0.0,0.0,False,False,OK,metrics within configured thresholds
1.28,unknown,move_to_start,0.5,0.03464101615137754,0.222,0.49680222379608846,0.03423760094827961,0.21002975650510416,0.5034,0.03464101615137754,0.222,0.00319777620391154,0.00040341520309793155,0.011970243494895838,0.012396582021004401,0.0380621962249279,0.03819303959608078,0.03064233995974064,-2.3583972454071045,-0.0010050501441583037,2.370098352432251,0.8256844878196716,-1.3398466762737371e-05,-0.025490961968898773,-8.991482172859833e-05,0.022631056606769562,3.0105289624771103e-05,-0.00245524849742651,0.00018245342653244734,0.25530767995006953,3.0354425251996413,0.1408198240370573,0.02,1.0,0.7134027545928956,1.5170768804602892,0.0,0.0,2.181712087156547e-07,0.0,0.0,False,False,OK,metrics within configured thresholds
1.3,unknown,move_to_start,0.5,0.03464101615137754,0.222,0.4968022082260795,0.03423780650159928,0.21002981493912656,0.5034,0.03464101615137754,0.222,0.0031977917739204886,0.00040320964977826057,0.01197018506087344,0.012396522925505584,0.03806450217962265,0.03819294646382332,0.030640440061688423,-2.3583972454071045,-0.00100490334443748,2.370098352432251,0.8256858587265015,-1.6085208699223585e-05,-0.02548632211983204,-9.33041374082677e-05,0.022632457315921783,2.8263018975849263e-05,-0.0024588480591773987,0.00018365861615166068,0.2553076171275606,3.035443306672985,0.1408197777212665,0.02,1.0,0.7134027545928956,1.5170646417210323,0.0,0.0,1.4181128566517556e-07,0.0,0.0,False,False,OK,metrics within configured thresholds
1.32,unknown,move_to_start,0.5,0.03464101615137754,0.222,0.4968021427114987,0.0342380040250474,0.21002969584582437,0.5034,0.03464101615137754,0.222,0.0031978572885013046,0.000403012126330142,0.011970304154175632,0.01239664840007429,0.038066744804382324,0.03819290176033974,0.030638473108410835,-2.3583972454071045,-0.001004786230623722,2.370098352432251,0.8256860971450806,-1.961649104487151e-05,-0.02548190951347351,-9.646519902162254e-05,0.022634468972682953,2.723607758525759e-05,-0.0024611433036625385,0.00018216544413007796,0.2553076212633577,3.035443549868391,0.14081980841781794,0.02,1.0,0.7134027545928956,1.5170658543613853,0.0,0.0,9.217733568236412e-08,0.0,0.0,False,False,OK,metrics within configured thresholds
1.34,unknown,move_to_start,0.5,0.03464101615137754,0.222,0.49680223861802564,0.0342379779474978,0.2100297545657114,0.5034,0.03464101615137754,0.222,0.003197761381974362,0.0004030382038797409,0.011970245434288596,0.012396567807540124,0.038068920373916626,0.038192905485630035,0.030636444687843323,-2.3583972454071045,-0.0010047691175714135,2.370098352432251,0.8256863355636597,-2.320950989087578e-05,-0.025481410324573517,-9.988001693272963e-05,0.02263745293021202,2.2421594621846452e-05,-0.00246828724630177,0.00017845546244643629,0.25530758899140016,3.035443563331067,0.14081974654185744,0.02,1.0,0.7134027545928956,1.5170566042514357,0.0,0.0,5.991526819353668e-08,0.0,0.0,False,False,OK,metrics within configured thresholds
1.36,unknown,move_to_start,0.5,0.03464101615137754,0.222,0.49680230866389535,0.034238094337818346,0.21002975421291625,0.5034,0.03464101615137754,0.222,0.0031976913361046466,0.00040292181355919277,0.01197024578708375,0.012396546296127678,0.038071032613515854,0.038192860782146454,0.030634380877017975,-2.3583972454071045,-0.0010046171955764294,2.370098352432251,0.8256865739822388,-2.5746767278178595e-05,-0.025483356788754463,-0.00010092349111801013,0.02263358235359192,2.8887250664411113e-05,-0.002467044396325946,0.000173575448570773,0.25530757973236523,3.035444140899542,0.1408198151311652,0.02,1.0,0.7134027545928956,1.5170529157748585,0.0,0.0,3.894492432579884e-08,0.0,0.0,False,False,OK,metrics within configured thresholds
1.3800000000000001,unknown,move_to_start,0.5,0.03464101615137754,0.222,0.49680228522780967,0.03423804899604504,0.21002969526419213,0.5034,0.03464101615137754,0.222,0.00319771477219033,0.00040296715533250094,0.011970304735807874,0.012396610736837123,0.03807311877608299,0.03819281607866287,0.030632277950644493,-2.3583972454071045,-0.0010046256938949227,2.370098352432251,0.8256868124008179,-2.7353271434549242e-05,-0.025486063212156296,-0.00010296254185959697,0.022629842162132263,2.0194142052787356e-05,-0.0024683536030352116,0.000177220965269953,0.2553076401592121,3.03544381409875,0.14081988212454646,0.02,1.0,0.7134027545928956,1.517059773424569,0.0,0.0,2.5314200811769247e-08,0.0,0.0,False,False,OK,metrics within configured thresholds
1.4000000000000001,unknown,move_to_start,0.5,0.03464101615137754,0.222,0.4968021712884619,0.034238031375061394,0.2100298143277106,0.5034,0.03464101615137754,0.222,0.00319782871153812,0.0004029847763161454,0.011970185672289413,0.012396525732130065,0.038075175136327744,0.0381927490234375,0.030630165711045265,-2.3583972454071045,-0.001004585181362927,2.370098352432251,0.825687050819397,-2.85470796370646e-05,-0.025487424805760384,-0.00010291020589647815,0.022629477083683014,2.356245204282459e-05,-0.0024682937655597925,0.0001757632999215275,0.25530759683776927,3.035444225010341,0.14081984325062022,0.02,1.0,0.7134027545928956,1.5170582493906128,0.0,0.0,1.645423052765001e-08,0.0,0.0,False,False,OK,metrics within configured thresholds
1.42,unknown,move_to_start,0.5,0.03464101615137754,0.222,0.4968021587947041,0.03423795354432616,0.21002981468778742,0.5034,0.03464101615137754,0.222,0.003197841205295926,0.0004030626070513771,0.011970185312212583,0.01239653113770951,0.038077212870121,0.0381927564740181,0.03062804788351059,-2.3583972454071045,-0.0010045807575806975,2.370098352432251,0.8256872892379761,-2.8980277420487255e-05,-0.02547963336110115,-0.00010290944919688627,0.02263742871582508,2.225794924015645e-05,-0.0024646634701639414,0.00017752805433701724,0.25530763800197326,3.0354434488562796,0.14081981502106447,0.02,1.0,0.7134027545928956,1.5170620139834046,0.0,0.0,1.0695249842972507e-08,0.0,0.0,False,False,OK,metrics within configured thresholds
1.44,unknown,move_to_start,0.5,0.03464101615137754,0.222,0.49680224781926924,0.03423793749378645,0.2100297543166087,0.5034,0.03464101615137754,0.222,0.003197752180730762,0.0004030786575910869,0.011970245683391306,0.012396566989869493,0.03807924687862396,0.03819283843040466,0.03062593750655651,-2.3583972454071045,-0.001004538033157587,2.370098352432251,0.8256875276565552,-2.8839942388003692e-05,-0.02547844685614109,-0.00010219469550065696,0.022637203335762024,2.3864236936788075e-05,-0.0024635514710098505,0.00017852686869446188,0.2553076479098589,3.035443362825382,0.14081983621126884,0.02,1.0,0.7134027545928956,1.517053999880627,0.0,0.0,6.95191239793213e-09,0.0,0.0,False,False,OK,metrics within configured thresholds
1.46,unknown,move_to_start,0.5,0.03464101615137754,0.222,0.4968022450450947,0.03423799644585985,0.21002975439086466,0.5034,0.03464101615137754,0.222,0.0031977549549053186,0.0004030197055176904,0.011970245609135344,0.012396565717071848,0.03808129206299782,0.03819284960627556,0.030623840168118477,-2.3583972454071045,-0.0010044790105894208,2.370098352432251,0.8256877660751343,-2.8388205464580096e-05,-0.025482337921857834,-0.00010199682583333924,0.022633079439401627,2.3602431610925123e-05,-0.002468344522640109,0.0001792827679309994,0.25530768704842166,3.03544309524944,0.14081988251606958,0.02,1.0,0.7134027545928956,1.5170547762266888,0.0,0.0,4.518743058655884e-09,0.0,0.0,False,False,OK,metrics within configured thresholds
1.48,unknown,move_to_start,0.5,0.03464101615137754,0.222,0.4968022244089594,0.03423795225716814,0.21002981453560096,0.5034,0.03464101615137754,0.222,0.003197775591040619,0.00040306389420939615,0.011970185464399041,0.012396514400652326,0.03808334097266197,0.03819280490279198,0.030621737241744995,-2.3583972454071045,-0.0010044362861663103,2.370098352432251,0.8256880044937134,-2.875829886761494e-05,-0.025482775643467903,-0.00010214611393166706,0.022633150219917297,2.3788172256899998e-05,-0.0024682499933987856,0.00017686713545117527,0.2553076696152211,3.035443508351461,0.1408198916372588,0.02,1.0,0.7134027545928956,1.5170604228790199,0.0,0.0,2.937182988126325e-09,0.0,0.0,False,False,OK,metrics within configured thresholds
1.5,unknown,move_to_start,0.5,0.03464101615137754,0.222,0.49680222075295355,0.0342378254012682,0.21002975513854327,0.5034,0.03464101615137754,0.222,0.0031977792470464506,0.0004031907501093404,0.01197024486145673,0.012396576823343046,0.03808537498116493,0.03819277882575989,0.030619638040661812,-2.3583972454071045,-0.0010044266236945987,2.370098352432251,0.8256882429122925,-2.8549005946842954e-05,-0.02548118121922016,-0.00010200462565990165,0.022632809355854988,2.130871689587366e-05,-0.0024636525195091963,0.00018070501391775906,0.25530769569393447,3.035443221981891,0.14081988570165288,0.02,1.0,0.7134027545928956,1.5170625931939277,0.0,0.0,1.9091689422821112e-09,0.0,0.0,False,False,OK,metrics within configured thresholds
1.52,unknown,move_to_start,0.5,0.03464101615137754,0.222,0.49680231058962526,0.034237836522441514,0.21002987345274696,0.5034,0.03464101615137754,0.222,0.0031976894103747378,0.0004031796289360248,0.011970126547253046,0.012396439042550238,0.038087423890829086,0.038192760199308395,0.030617566779255867,-2.3583972454071045,-0.0010042183566838503,2.370098352432251,0.8256884813308716,-2.825921001203824e-05,-0.025481844320893288,-0.00010037521133199334,0.022633036598563194,3.142865534755401e-05,-0.0024647628888487816,0.0001759297592798248,0.2553076986812837,3.035443017278269,0.14081986373859168,0.02,1.0,0.7134027545928956,1.517053235082661,0.0,0.0,1.2409598124833724e-09,0.0,0.0,False,False,OK,metrics within configured thresholds
1.54,unknown,move_to_start,0.5,0.03464101615137754,0.222,0.49680216542915967,0.03423784694509125,0.21002987416529675,0.5034,0.03464101615137754,0.222,0.00319783457084033,0.0004031692062862885,0.011970125834703249,0.01239647546079083,0.03808948025107384,0.038192715495824814,0.03061550296843052,-2.3583972454071045,-0.0010042049689218402,2.370098352432251,0.8256887197494507,-2.733680776145775e-05,-0.025482064113020897,-9.996484004659578e-05,0.022629451006650925,2.2559786884812638e-05,-0.0024623486679047346,0.0001844758226070553,0.25530771649183104,3.035443241827399,0.140819937266694,0.02,1.0,0.7134027545928956,1.5170606847864094,0.0,0.0,8.066238781141921e-10,0.0,0.0,False,False,OK,metrics within configured thresholds
1.56,unknown,move_to_start,0.5,0.03464101615137754,0.222,0.4968022751542261,0.03423779708731515,0.21002975522387365,0.5034,0.03464101615137754,0.222,0.0031977248457739083,0.0004032190640623906,0.011970244776126349,0.012396563628815981,0.038091544061899185,0.03819279745221138,0.030613446608185768,-2.3583972454071045,-0.0010041703935712576,2.370098352432251,0.8256889581680298,-2.714821312110871e-05,-0.02547607757151127,-9.9832090199925e-05,0.02263595722615719,2.343330743315164e-05,-0.00246117589995265,0.0001822555932449177,0.2553077472114972,3.03544229947292,0.14081988095848602,0.02,1.0,0.7134027545928956,1.5170634853196103,0.0,0.0,5.243055207742248e-10,0.0,0.0,False,False,OK,metrics within configured thresholds
1.58,unknown,move_to_start,0.5,0.03464101615137754,0.222,0.49680221699031646,0.034237859842843846,0.21002987439583173,0.5034,0.03464101615137754,0.222,0.0031977830096835413,0.0004031563085336934,0.011970125604168269,0.012396461517937125,0.03809361159801483,0.03819280117750168,0.030611403286457062,-2.3583972454071045,-0.0010041117202490568,2.370098352432251,0.8256891965866089,-2.6875952244154178e-05,-0.025483116507530212,-9.909454820444807e-05,0.022629091516137123,2.456957008689642e-05,-0.00246364320628345,0.00018302089301869273,0.2553077233603865,3.035443057641422,0.1408199046243822,0.02,1.0,0.7134027545928956,1.5170630950213713,0.0,0.0,3.407985885032462e-10,0.0,0.0,False,False,OK,metrics within configured thresholds
1.6,unknown,move_to_start,0.5,0.03464101615137754,0.222,0.4968022241302329,0.034237856220167874,0.21002993384669108,0.5034,0.03464101615137754,0.222,0.0031977758697671055,0.0004031599312096651,0.011970066153308923,0.012396402387708687,0.03809569031000137,0.03819284588098526,0.030609356239438057,-2.3583972454071045,-0.001004075980745256,2.370098352432251,0.825689435005188,-2.6976500521413982e-05,-0.025478824973106384,-9.959463204722852e-05,0.022632716223597527,2.304266490682494e-05,-0.002458931878209114,0.0001816607400542125,0.2553077803130307,3.0354423879544608,0.14081993472982354,0.02,1.0,0.7134027545928956,1.5170614872007193,0.0,0.0,2.2151908252711002e-10,0.0,0.0,False,False,OK,metrics within configured thresholds
1.62,unknown,move_to_start,0.5,0.03464101615137754,0.222,0.4968022802066825,0.03423783384903457,0.2100296955516314,0.5034,0.03464101615137754,0.222,0.0031977197933175106,0.00040318230234297203,0.011970304448368607,0.012396618749970913,0.03809775412082672,0.03819293528795242,0.030607307329773903,-2.3583972454071045,-0.0010039909975603223,2.370098352432251,0.8256896734237671,-2.7390109607949853e-05,-0.025477105751633644,-9.95618975139223e-05,0.022631816565990448,2.6022566089523025e-05,-0.002456523710861802,0.00017925399879459292,0.2553078219354229,3.0354418444281737,0.14081993717720923,0.02,1.0,0.7134027545928956,1.5170627785904947,0.0,0.0,1.4398740364262151e-10,0.0,0.0,False,False,OK,metrics within configured thresholds
1.6400000000000001,unknown,move_to_start,0.5,0.03464101615137754,0.222,0.4968022221446815,0.034237897762332034,0.21002981464892856,0.5034,0.03464101615137754,0.222,0.0031977778553184955,0.00040311838904550507,0.011970185351071444,0.012396516647290778,0.03809981048107147,0.038192931562662125,0.030605265870690346,-2.3583972454071045,-0.001003855955787003,2.370098352432251,0.8256899118423462,-2.7775875423685648e-05,-0.025484267622232437,-9.929287625709549e-05,0.02262832224369049,2.8443952032830566e-05,-0.0024671482387930155,0.0001774641132215038,0.2553077641485868,3.0354430738329796,0.14081997775713226,0.02,1.0,0.7134027545928956,1.517061607715354,0.0,0.0,9.359181236770398e-11,0.0,0.0,False,False,OK,metrics within configured thresholds
1.6600000000000001,unknown,move_to_start,0.5,0.03464101615137754,0.222,0.4968021641434188,0.03423785473263341,0.2100297550499019,0.5034,0.03464101615137754,0.222,0.003197835856581177,0.00040316141874412875,0.011970244950098102,0.012396590557913461,0.03810186684131622,0.038192931562662125,0.030603209510445595,-2.3583972454071045,-0.001003880170173943,2.370098352432251,0.8256901502609253,-2.7671911084325984e-05,-0.02548057772219181,-0.00010005824879044667,0.022632377222180367,2.028215749305673e-05,-0.002462443197146058,0.000182498391950503,0.2553077983951477,3.035442216524254,0.14081994740497444,0.02,1.0,0.7134027545928956,1.5170616664524672,0.0,0.0,6.083467803900759e-11,0.0,0.0,False,False,OK,metrics within configured thresholds
1.68,unknown,move_to_start,0.5,0.03464101615137754,0.222,0.49680225768834013,0.03423785594534896,0.21002969619284217,0.5034,0.03464101615137754,0.222,0.003197742311659868,0.0004031602060285758,0.011970303807157828,0.012396623220827597,0.038103919476270676,0.038193006068468094,0.03060115873813629,-2.3583972454071045,-0.0010038309264928102,2.370098352432251,0.8256903886795044,-2.806272095767781e-05,-0.02547897957265377,-9.962111653294414e-05,0.02263636142015457,2.429115556878969e-05,-0.0024659063201397657,0.00018037644622381777,0.2553077368817641,3.0354428718918873,0.14081989442186924,0.02,1.0,0.7134027545928956,1.5170694824053486,0.0,0.0,3.954254072535493e-11,0.0,0.0,False,False,OK,metrics within configured thresholds
1.7,unknown,move_to_start,0.5,0.03464101615137754,0.222,0.4968021439498402,0.034237879688423595,0.2100296960211152,0.5034,0.03464101615137754,0.222,0.0031978560501598197,0.0004031364629539444,0.011970303978884794,0.012396651954145197,0.03810597211122513,0.038192979991436005,0.030599113553762436,-2.3583972454071045,-0.0010036632884293795,2.370098352432251,0.8256906270980835,-2.846187817340251e-05,-0.02548554725944996,-9.967613004846498e-05,0.0226292684674263,2.948423207271844e-05,-0.002463672775775194,0.00017547702009323984,0.25530778443815977,3.0354426790142264,0.14081997545669847,0.02,1.0,0.7134027545928956,1.517067687014341,0.0,0.0,2.5702651471480704e-11,0.0,0.0,False,False,OK,metrics within configured thresholds
1.72,unknown,move_to_start,0.5,0.03464101615137754,0.222,0.4968022447028731,0.03423790047899847,0.21002969648623712,0.5034,0.03464101615137754,0.222,0.003197755297126903,0.0004031156723790716,0.011970303513762881,0.012396624838931957,0.03810800984501839,0.03819296509027481,0.030597057193517685,-2.3583972454071045,-0.0010035681771114469,2.370098352432251,0.8256908655166626,-2.8813698008889332e-05,-0.025480955839157104,-9.991460683522746e-05,0.022637488320469856,2.6485227863304317e-05,-0.0024670532438904047,0.00017703323101159185,0.25530781043128453,3.03544201636596,0.14081995042694162,0.02,1.0,0.7134027545928956,1.5170725498202298,0.0,0.0,1.670672345646246e-11,0.0,0.0,False,False,OK,metrics within configured thresholds
1.74,unknown,move_to_start,0.5,0.03464101615137754,0.222,0.4968021559885308,0.034237937469193576,0.21002969561966742,0.5034,0.03464101615137754,0.222,0.0031978440114692197,0.00040307868218396325,0.011970304380332586,0.012396647357391846,0.03811003640294075,0.03819292038679123,0.030594995245337486,-2.3583972454071045,-0.0010035336017608643,2.370098352432251,0.8256911039352417,-2.8969683626201004e-05,-0.02548632211983204,-0.00010018818284152076,0.02262982167303562,2.312505603185855e-05,-0.00246244203299284,0.00017927087901625782,0.2553078020402863,3.0354424885850717,0.14081996280097037,0.02,1.0,0.7134027545928956,1.517063489904954,0.0,0.0,1.0859370246700598e-11,0.0,0.0,False,False,OK,metrics within configured thresholds
1.76,unknown,move_to_start,0.5,0.03464101615137754,0.222,0.4968022740683128,0.03423770758524538,0.2100298150334024,0.5034,0.03464101615137754,0.222,0.003197725931687212,0.00040330856613216004,0.011970184966597602,0.012396509067808552,0.03811206296086311,0.038192883133888245,0.03059292584657669,-2.3583972454071045,-0.001003631274215877,2.370098352432251,0.8256913423538208,-2.896334626711905e-05,-0.025481387972831726,-0.00010079234198201448,0.02263769693672657,1.6140384104801342e-05,-0.002468330319970846,0.00018394144717603922,0.25530780516924295,3.035442393031672,0.14081996142671596,0.02,1.0,0.7134027545928956,1.5170656273694298,0.0,0.0,7.0585906603553886e-12,0.0,0.0,False,False,OK,metrics within configured thresholds
1.78,unknown,move_to_start,0.5,0.03464101615137754,0.222,0.49680222535045726,0.03423777309961141,0.2100298743270251,0.5034,0.03464101615137754,0.222,0.0031977746495427395,0.0004032430517661306,0.011970125672974896,0.01239646224916079,0.03811407834291458,0.03819283843040466,0.03059089556336403,-2.3583972454071045,-0.0010034069418907166,2.370098352432251,0.8256915807723999,-2.8603706596186385e-05,-0.025483563542366028,-9.822900028666481e-05,0.022629758343100548,3.233989991713315e-05,-0.0024600166361778975,0.00017791752179618925,0.25530787909459973,3.035441626913313,0.14082002738927726,0.02,1.0,0.7134027545928956,1.5170623756496924,0.0,0.0,4.588083929231002e-12,0.0,0.0,False,False,OK,metrics within configured thresholds
1.8,unknown,move_to_start,0.5,0.03464101615137754,0.222,0.4968022681770892,0.03423787407943956,0.21002963628126128,0.5034,0.03464101615137754,0.222,0.0031977318229107765,0.0004031420719379786,0.011970363718738719,0.012396677776739985,0.038116127252578735,0.03819287568330765,0.030588869005441666,-2.3583972454071045,-0.0010032443096861243,2.370098352432251,0.825691819190979,-2.835971099557355e-05,-0.025479035452008247,-9.828001930145547e-05,0.022632937878370285,2.953675175376702e-05,-0.0024588832166045904,0.00017713542911224067,0.2553078290721014,3.0354419644691273,0.14081996231463662,0.02,1.0,0.7134027545928956,1.5170662734126479,0.0,0.0,2.9822545540001517e-12,0.0,0.0,False,False,OK,metrics within configured thresholds
1.82,unknown,move_to_start,0.5,0.03464101615137754,0.222,0.4968022814176175,0.03423783914059017,0.21002981476198385,0.5034,0.03464101615137754,0.222,0.0031977185823824916,0.0004031770107873686,0.011970185238016157,0.012396503154783677,0.03811817988753319,0.03819284960627556,0.030586831271648407,-2.3583972454071045,-0.0010032308055087924,2.370098352432251,0.8256920576095581,-2.8514470614027232e-05,-0.025486305356025696,-9.922128083417192e-05,0.02262941747903824,2.210156890214421e-05,-0.002468376187607646,0.00018034939421340823,0.25530785582354854,3.0354425281452344,0.14082003703695312,0.02,1.0,0.7134027545928956,1.5170627897042637,0.0,0.0,1.9384654601000988e-12,0.0,0.0,False,False,OK,metrics within configured thresholds
1.84,unknown,move_to_start,0.5,0.03464101615137754,0.222,0.4968023076696848,0.03423786218930465,0.2100297544469572,0.5034,0.03464101615137754,0.222,0.003197692330315194,0.00040315396207288995,0.011970245553042796,0.01239655387422781,0.03812021762132645,0.03819280490279198,0.03058479353785515,-2.3583972454071045,-0.0010032058926299214,2.370098352432251,0.8256922960281372,-2.8771233701263554e-05,-0.025483926758170128,-9.889937791740522e-05,0.02262931317090988,2.3265025447472e-05,-0.002461147028952837,0.00018092378741130233,0.2553078746889138,3.0354420329943452,0.14082004202758283,0.02,1.0,0.7134027545928956,1.517055362676274,0.0,0.0,1.2600025490650643e-12,0.0,0.0,False,False,OK,metrics within configured thresholds
1.86,unknown,move_to_start,0.5,0.03464101615137754,0.222,0.49680229662532926,0.03423776403309252,0.21002972504916975,0.5034,0.03464101615137754,0.222,0.003197703374670735,0.00040325211828502044,0.01197027495083025,0.012396588302503076,0.03812225162982941,0.038192760199308395,0.03058275580406189,-2.3583972454071045,-0.0010032209102064371,2.370098352432251,0.8256925344467163,-2.894444696721621e-05,-0.02548471838235855,-9.900418081087992e-05,0.02262953296303749,2.1256480977172032e-05,-0.0024670548737049103,0.00018156251462642103,0.25530780737886355,3.0354431914852906,0.1408200414675207,0.02,1.0,0.7134027545928956,1.5170595920841512,0.0,0.0,8.190016568922918e-13,0.0,0.0,False,False,OK,metrics within configured thresholds
1.8800000000000001,unknown,move_to_start,0.5,0.03464101615137754,0.222,0.496802237333111,0.03423782852337987,0.21002969516156014,0.5034,0.03464101615137754,0.222,0.0031977626668889814,0.00040318762799766705,0.01197030483843986,0.012396630359186162,0.03812427446246147,0.038192715495824814,0.030580734834074974,-2.3583972454071045,-0.0010030376724898815,2.370098352432251,0.8256927728652954,-2.8937700335518457e-05,-0.025485364720225334,-9.807377500692382e-05,0.022629505023360252,3.0828021408524364e-05,-0.002465886529535055,0.00017662919708527625,0.2553078944168155,3.0354422492970623,0.14082007401997737,0.02,1.0,0.7134027545928956,1.5170587004083722,0.0,0.0,5.323510769799896e-13,0.0,0.0,False,False,OK,metrics within configured thresholds
1.9000000000000001,unknown,move_to_start,0.5,0.03464101615137754,0.222,0.49680232949281217,0.034237865226220465,0.2100297837434215,0.5034,0.03464101615137754,0.222,0.003197670507187833,0.0004031509251570739,0.011970216256578514,0.01239651985721196,0.03812630847096443,0.03819267079234123,0.03057870641350746,-2.3583972454071045,-0.0010030196281149983,2.370098352432251,0.8256930112838745,-2.87341172224842e-05,-0.025483565405011177,-9.863284503808245e-05,0.022633912041783333,2.269020478706807e-05,-0.0024693915620446205,0.00018160749459639192,0.2553078692537219,3.0354425049205465,0.1408200590485208,0.02,1.0,0.7134027545928956,1.5170500739186128,0.0,0.0,3.4602820003699327e-13,0.0,0.0,False,False,OK,metrics within configured thresholds
1.92,unknown,move_to_start,0.5,0.03464101615137754,0.222,0.49680224246085214,0.034237838511061554,0.21002975463721352,0.5034,0.03464101615137754,0.222,0.0031977575391478608,0.00040317764031598535,0.011970245362786486,0.012396571281372084,0.038128335028886795,0.03819262608885765,0.03057667426764965,-2.3583972454071045,-0.0010029462864622474,2.370098352432251,0.8256932497024536,-2.945209234894719e-05,-0.02548513188958168,-9.888794011203572e-05,0.022629203274846077,2.550179669924546e-05,-0.0024669980630278587,0.00017707385995890945,0.25530785504326486,3.0354429505853,0.1408200772750226,0.02,1.0,0.7134027545928956,1.517057351805021,0.0,0.0,2.2491833002404564e-13,0.0,0.0,False,False,OK,metrics within configured thresholds
1.94,unknown,move_to_start,0.5,0.03464101615137754,0.222,0.49680234474123874,0.034237706159629816,0.21002993241561183,0.5034,0.03464101615137754,0.222,0.003197655258761256,0.00040330999174772314,0.011970067584388178,0.01239637753854519,0.03813035041093826,0.03819258138537407,0.030574636533856392,-2.3583972454071045,-0.0010029514087364078,2.370098352432251,0.8256934881210327,-2.9320404792088084e-05,-0.0254822950810194,-9.886219049803913e-05,0.022633206099271774,2.124713319062721e-05,-0.002467046957463026,0.00018192535208072513,0.25530787962657453,3.0354422297406636,0.14082003163310422,0.02,1.0,0.7134027545928956,1.5170465252458742,0.0,0.0,1.4619691451562966e-13,0.0,0.0,False,False,OK,metrics within configured thresholds
1.96,unknown,move_to_start,0.5,0.03464101615137754,0.222,0.4968022832543881,0.03423778465002726,0.21002999203447192,0.5034,0.03464101615137754,0.222,0.0031977167456119227,0.0004032315013502777,0.011970007965528079,0.012396333277370924,0.03813236206769943,0.038192566484212875,0.03057262860238552,-2.3583972454071045,-0.0010027890093624592,2.370098352432251,0.8256937265396118,-2.910226976382546e-05,-0.02548082172870636,-9.727707947604358e-05,0.02262892574071884,2.975045754283201e-05,-0.0024610841646790504,0.0001788574445527047,0.25530792569779387,3.0354421192523477,0.14082010466333422,0.02,1.0,0.7134027545928956,1.5170466738687431,0.0,0.0,9.502799443515929e-14,0.0,0.0,False,False,OK,metrics within configured thresholds
1.98,unknown,move_to_start,0.5,0.03464101615137754,0.222,0.49680225951645646,0.03423773356604516,0.21002984366938918,0.5034,0.03464101615137754,0.222,0.003197740483543543,0.00040328258533237765,0.011970156330610826,0.012396484325121703,0.038134392350912094,0.038192663341760635,0.030570615082979202,-2.3583972454071045,-0.0010027155512943864,2.370098352432251,0.8256939649581909,-2.8687667509075254e-05,-0.025475718080997467,-9.80025579337962e-05,0.022631961852312088,2.425563616270665e-05,-0.0024589342065155506,0.00018045047181658447,0.25530791199991615,3.0354420509998263,0.14082008329107631,0.02,1.0,0.7134027545928956,1.517053433357334,0.0,0.0,6.176819638285354e-14,0.0,0.0,False,False,OK,metrics within configured thresholds
2.0,unknown,move_to_start,0.5,0.03464101615137754,0.222,0.4968022388387318,0.03423782534721836,0.2100297845631742,0.5034,0.03464101615137754,0.222,0.0031977611612681867,0.0004031908041591814,0.011970215436825804,0.012396543747073075,0.03813641890883446,0.038192760199308395,0.03056861273944378,-2.3583972454071045,-0.001002623583190143,2.370098352432251,0.82569420337677,-2.870830212486908e-05,-0.025477737188339233,-9.727404540171847e-05,0.022631559520959854,2.6215646357741207e-05,-0.0024636283051222563,0.00018087076023221016,0.2553079223139458,3.03544181953464,0.1408200718746249,0.02,1.0,0.7134027545928956,1.5170586444419654,0.0,0.0,4.0149327648854805e-14,0.0,0.0,False,False,OK,metrics within configured thresholds
2.02,unknown,move_to_start,0.5,0.03464101615137754,0.222,0.49680221945797726,0.034237854182203736,0.21002978514752318,0.5034,0.03464101615137754,0.222,0.0031977805420227434,0.0004031619691738028,0.011970214852476818,0.012396547244405759,0.03813844919204712,0.03819283843040466,0.030566595494747162,-2.3583972454071045,-0.001002644537948072,2.370098352432251,0.8256944417953491,-2.890291580115445e-05,-0.02547944337129593,-9.805217268876731e-05,0.022632384672760963,2.0712996047222987e-05,-0.0024647763930261135,0.00018267893756274134,0.25530795218891916,3.0354416971126543,0.14082009566039858,0.02,1.0,0.7134027545928956,1.5170647537889148,0.0,0.0,2.6097062971755623e-14,0.0,0.0,False,False,OK,metrics within configured thresholds
2.04,unknown,move_to_start,0.5,0.03464101615137754,0.222,0.4968021959887631,0.034237683769962085,0.21002972618750185,0.5034,0.03464101615137754,0.222,0.0031978040112369266,0.0004033323814154541,0.011970273812498156,0.012396615774087716,0.038140472024679184,0.038192909210920334,0.030564572662115097,-2.3583972454071045,-0.0010025497758761048,2.370098352432251,0.8256946802139282,-2.9787534003844485e-05,-0.025480350479483604,-9.866355685517192e-05,0.02263193391263485,2.5786714104469866e-05,-0.002462476957589388,0.00017616752302274108,0.2553079269601977,3.035441842227388,0.14082008096879808,0.02,1.0,0.7134027545928956,1.5170714932725482,0.0,0.0,1.6963090931641157e-14,0.0,0.0,False,False,OK,metrics within configured thresholds
2.06,unknown,move_to_start,0.5,0.03464101615137754,0.222,0.4968022078518746,0.03423776423062941,0.2100297854854243,0.5034,0.03464101615137754,0.222,0.003197792148125378,0.0004032519207481308,0.011970214514575694,0.012396552837751228,0.038142476230859756,0.038192953914403915,0.030562574043869972,-2.3583972454071045,-0.0010024248622357845,2.370098352432251,0.8256949186325073,-2.9329237804631703e-05,-0.02548114024102688,-9.704128751764074e-05,0.022632738575339317,2.7525526093086228e-05,-0.0024624578654766083,0.00018108052609022707,0.2553080204584485,3.0354406369272677,0.14082010620330196,0.02,1.0,0.7134027545928956,1.517068286518619,0.0,0.0,1.1026009105566752e-14,0.0,0.0,False,False,OK,metrics within configured thresholds
2.08,unknown,move_to_start,0.5,0.03464101615137754,0.222,0.4968021916529344,0.034237759080943335,0.2100297858805827,0.5034,0.03464101615137754,0.222,0.0031978083470656227,0.0004032570704342042,0.011970214119417316,0.01239655680235909,0.03814449533820152,0.0381929986178875,0.03056057170033455,-2.3583972454071045,-0.0010023046052083373,2.370098352432251,0.8256951570510864,-2.9355878723436035e-05,-0.02548053488135338,-9.741932444740087e-05,0.022632457315921783,2.728195977397263e-05,-0.002461206866428256,0.00017779598420020193,0.25530802139603026,3.0354405928122783,0.14082011803926664,0.02,1.0,0.7134027545928956,1.5170724178619135,0.0,0.0,7.166905918618388e-15,0.0,0.0,False,False,OK,metrics within configured thresholds
2.1,unknown,move_to_start,0.5,0.03464101615137754,0.222,0.49680223410387025,0.03423777976621563,0.2100296075477669,0.5034,0.03464101615137754,0.222,0.003197765896129745,0.00040323638516191057,0.011970392452233108,0.012396717378776055,0.038146503269672394,0.03819306939840317,0.030558567494153976,-2.3583972454071045,-0.0010022672358900309,2.370098352432251,0.8256953954696655,-2.9156572054489516e-05,-0.025480210781097412,-9.76887604338117e-05,0.02263229712843895,2.2169291696627624e-05,-0.0024590168613940477,0.00018255878239870071,0.2553079913598292,3.035441038708052,0.14082012502980462,0.02,1.0,0.7134027545928956,1.5170774478924172,0.0,0.0,4.658488847101953e-15,0.0,0.0,False,False,OK,metrics within configured thresholds
2.12,unknown,move_to_start,0.5,0.03464101615137754,0.222,0.49680226198323196,0.03423785419361825,0.21002969622247214,0.5034,0.03464101615137754,0.222,0.003197738016768037,0.00040316195775928765,0.011970303777527863,0.012396622141307918,0.038148511201143265,0.03819303587079048,0.030556565150618553,-2.3583972454071045,-0.001002190401777625,2.370098352432251,0.8256956338882446,-2.9624030503327958e-05,-0.02548665553331375,-9.744347335072234e-05,0.022629491984844208,2.5339197236462496e-05,-0.002464841352775693,0.00017927867884282023,0.25530799875022175,3.0354411727074893,0.14082012518339534,0.02,1.0,0.7134027545928956,1.517069792183656,0.0,0.0,3.0280177506162694e-15,0.0,0.0,False,False,OK,metrics within configured thresholds
2.14,unknown,move_to_start,0.5,0.03464101615137754,0.222,0.49680219750916005,0.034237737695303895,0.21002972619018304,0.5034,0.03464101615137754,0.222,0.0031978024908399516,0.0004032784560736441,0.011970273809816967,0.012396613624919724,0.03815051168203354,0.038192976266145706,0.030554544180631638,-2.3583972454071045,-0.0010021185735240579,2.370098352432251,0.8256958723068237,-3.026049853360746e-05,-0.025486547499895096,-9.83485733740963e-05,0.02262970805168152,2.4624396246508695e-05,-0.0024636294692754745,0.00017659738659858704,0.25530797600978156,3.0354420162942355,0.14082016570384656,0.02,1.0,0.7134027545928956,1.5170715213036892,0.0,0.0,1.968211537900575e-15,0.0,0.0,False,False,OK,metrics within configured thresholds
2.16,unknown,move_to_start,0.5,0.03464101615137754,0.222,0.49680214098164494,0.03423787144767658,0.2100296366419286,0.5034,0.03464101615137754,0.222,0.003197859018355065,0.00040314470370095973,0.01197036335807139,0.012396710324826305,0.038152508437633514,0.038192931562662125,0.030552539974451065,-2.3583972454071045,-0.0010019964538514614,2.370098352432251,0.8256961107254028,-3.025491241714917e-05,-0.025482799857854843,-9.752633195603266e-05,0.022633584216237068,2.669095374585595e-05,-0.0024624585639685392,0.00017878964717965573,0.255307989111147,3.035441633533522,0.14082015476290016,0.02,1.0,0.7134027545928956,1.517070044158805,0.0,0.0,1.279337499635374e-15,0.0,0.0,False,False,OK,metrics within configured thresholds
2.18,unknown,move_to_start,0.5,0.03464101615137754,0.222,0.49680220695650634,0.03423772221211643,0.21002972592096222,0.5034,0.03464101615137754,0.222,0.0031977930434936574,0.00040329393926111234,0.01197027407903778,0.01239661195156745,0.03815450519323349,0.03819288685917854,0.030550517141819,-2.3583972454071045,-0.0010020062327384949,2.370098352432251,0.8256963491439819,-3.0618957680417225e-05,-0.025481877848505974,-9.875756950350478e-05,0.022637370973825455,2.031983240158297e-05,-0.002468353370204568,0.00017951586050912738,0.2553080026125636,3.0354410928555415,0.14082009353897024,0.02,1.0,0.7134027545928956,1.5170687066278432,0.0,0.0,8.315693747629931e-16,0.0,0.0,False,False,OK,metrics within configured thresholds
2.2,unknown,move_to_start,0.5,0.03464101615137754,0.222,0.49680229726675934,0.03423772333835047,0.21002975494484116,0.5034,0.03464101615137754,0.222,0.0031977027332406593,0.0004032928130270688,0.01197024505515884,0.012396560593316548,0.03815649077296257,0.03819284215569496,0.030548512935638428,-2.3583972454071045,-0.0010019520996138453,2.370098352432251,0.825696587562561,-3.0383334888028912e-05,-0.025482548400759697,-9.721780224936083e-05,0.02263389714062214,2.3933798729558475e-05,-0.0024636005982756615,0.0001820442412281409,0.25530801611689075,3.0354412474201,0.14082015932285066,0.02,1.0,0.7134027545928956,1.5170605680463762,0.0,0.0,5.405200935959456e-16,0.0,0.0,False,False,OK,metrics within configured thresholds
2.22,unknown,move_to_start,0.5,0.03464101615137754,0.222,0.4968022244802844,0.03423774928961629,0.21002978508592085,0.5034,0.03464101615137754,0.222,0.0031977755197156177,0.000403266861761252,0.011970214914079153,0.012396549420122126,0.038158487528562546,0.03819279745221138,0.0305465217679739,-2.3583972454071045,-0.001001841272227466,2.370098352432251,0.8256968259811401,-3.0125829653115943e-05,-0.025484710931777954,-9.680438233772293e-05,0.022629057988524437,2.6821147912414744e-05,-0.0024647125974297523,0.0001793800765881315,0.2553080177622696,3.0354417404709557,0.14082021063229555,0.02,1.0,0.7134027545928956,1.5170641097393034,0.0,0.0,3.513380608373646e-16,0.0,0.0,False,False,OK,metrics within configured thresholds
2.24,unknown,move_to_start,0.5,0.03464101615137754,0.222,0.49680230599315717,0.03423780478612828,0.21002966524233704,0.5034,0.03464101615137754,0.222,0.0031976940068428328,0.00040321136524926193,0.01197033475766296,0.012396642310600831,0.03816048428416252,0.03819277882575989,0.030544530600309372,-2.3583972454071045,-0.0010017725871875882,2.370098352432251,0.8256970643997192,-3.027989441761747e-05,-0.025481009855866432,-9.68357126112096e-05,0.022632526233792305,2.5009599994518794e-05,-0.002462411066517234,0.00017906143330037594,0.2553079899588118,3.035441855933296,0.14082018182273653,0.02,1.0,0.7134027545928956,1.5170574782131494,0.0,0.0,2.2836973954428703e-16,0.0,0.0,False,False,OK,metrics within configured thresholds
2.2600000000000002,unknown,move_to_start,0.5,0.03464101615137754,0.222,0.49680224464345607,0.034237750570986845,0.21002981434817572,0.5034,0.03464101615137754,0.222,0.00319775535654393,0.0004032655803906937,0.011970185651824283,0.012396515921329395,0.0381624810397625,0.038192737847566605,0.0305425263941288,-2.3583972454071045,-0.0010018160101026297,2.370098352432251,0.8256973028182983,-3.0277728001237847e-05,-0.025486133992671967,-9.735858475323766e-05,0.02262900583446026,1.96856890397612e-05,-0.0024706204421818256,0.00018302553507965058,0.25530802841979255,3.035442002790098,0.14082022815831718,0.02,1.0,0.7134027545928956,1.5170584633520168,0.0,0.0,1.4844033070378659e-16,0.0,0.0,False,False,OK,metrics within configured thresholds
2.2800000000000002,unknown,move_to_start,0.5,0.03464101615137754,0.222,0.49680224328056743,0.034237619882974975,0.21002984424231305,0.5034,0.03464101615137754,0.222,0.003197756719432565,0.0004033962684025644,0.011970155757686951,0.01239649165890589,0.038164474070072174,0.03819270804524422,0.03054053522646427,-2.3583972454071045,-0.0010017916793003678,2.370098352432251,0.8256975412368774,-3.0408817110583186e-05,-0.02548081986606121,-9.69482134678401e-05,0.022632945328950882,2.2708440155838616e-05,-0.0024635528679937124,0.00018148284289054573,0.2553080308791229,3.035441386762488,0.14082018430629875,0.02,1.0,0.7134027545928956,1.5170594232772745,0.0,0.0,9.648621495746129e-17,0.0,0.0,False,False,OK,metrics within configured thresholds
2.3000000000000003,unknown,move_to_start,0.5,0.03464101615137754,0.222,0.496802251360336,0.03423769602829434,0.21002978442174863,0.5034,0.03464101615137754,0.222,0.0031977486396639887,0.00040332012308320203,0.01197021557825137,0.012396544860321705,0.03816647455096245,0.03819277882575989,0.030538566410541534,-2.3583972454071045,-0.0010016764281317592,2.370098352432251,0.8256977796554565,-2.9749096938758157e-05,-0.025478990748524666,-9.55087089096196e-05,0.0226327795535326,2.682526064745616e-05,-0.0024612080305814743,0.00018237651966046542,0.255308063865939,3.0354409209056668,0.14082019574280547,0.02,1.0,0.7134027545928956,1.5170571658393062,0.0,0.0,6.271603972234984e-17,0.0,0.0,False,False,OK,metrics within configured thresholds
2.32,unknown,move_to_start,0.5,0.03464101615137754,0.222,0.49680228136957194,0.03423773049858387,0.21002981502571105,0.5034,0.03464101615137754,0.222,0.003197718630428059,0.00040328565279366957,0.01197018497428895,0.01239650644640775,0.03816847875714302,0.03819285333156586,0.0305365938693285,-2.3583972454071045,-0.0010015791049227118,2.370098352432251,0.8256980180740356,-2.9735392672591843e-05,-0.025479920208454132,-9.577831951901317e-05,0.022632893174886703,2.637751640577335e-05,-0.002464750548824668,0.00018005116726271808,0.25530811575017115,3.0354405075327175,0.14082023174871894,0.02,1.0,0.7134027545928956,1.517065546956635,0.0,0.0,4.07654258195274e-17,0.0,0.0,False,False,OK,metrics within configured thresholds
2.34,unknown,move_to_start,0.5,0.03464101615137754,0.222,0.4968022790939199,0.03423777204606854,0.2100298746193187,0.5034,0.03464101615137754,0.222,0.003197720906080115,0.0004032441053090016,0.01197012538068129,0.01239644813770778,0.038170475512742996,0.03819284215569496,0.030534613877534866,-2.3583972454071045,-0.001001467346213758,2.370098352432251,0.8256982564926147,-3.0085715479799546e-05,-0.025482118129730225,-9.631060675019398e-05,0.02262784168124199,2.6130215701414272e-05,-0.0024589672684669495,0.00017829026910476387,0.2553081508072305,3.0354406250729613,0.1408202959592389,0.02,1.0,0.7134027545928956,1.5170654315644174,0.0,0.0,2.649752678269281e-17,0.0,0.0,False,False,OK,metrics within configured thresholds
2.36,unknown,move_to_start,0.5,0.03464101615137754,0.222,0.49680222235786675,0.034237735860577025,0.21002969577336217,0.5034,0.03464101615137754,0.222,0.0031977776421332482,0.00040328029080051453,0.011970304226637835,0.012396636645467151,0.03817247226834297,0.038192860782146454,0.030532624572515488,-2.3583972454071045,-0.0010015115840360522,2.370098352432251,0.8256984949111938,-3.0279903512564488e-05,-0.02548051066696644,-9.679796494310722e-05,0.022627847269177437,1.8837215975509025e-05,-0.0024566366337239742,0.0001837154704844579,0.25530811908872836,3.0354408869532294,0.14082029041088126,0.02,1.0,0.7134027545928956,1.5170650967758537,0.0,0.0,1.7223392408750328e-17,0.0,0.0,False,False,OK,metrics within configured thresholds
2.38,unknown,move_to_start,0.5,0.03464101615137754,0.222,0.49680220247870666,0.03423784175630843,0.21002981551133434,0.5034,0.03464101615137754,0.222,0.003197797521293344,0.00040317439506910857,0.011970184488665658,0.01239652270891806,0.03817446157336235,0.03819289803504944,0.030530637130141258,-2.3583972454071045,-0.0010014853905886412,2.370098352432251,0.825698733329773,-3.0571583920391276e-05,-0.025481507182121277,-9.653261076891795e-05,0.022631941363215446,2.224714626208879e-05,-0.0024660604540258646,0.00018179511243943125,0.25530809066541904,3.0354409304658034,0.14082022041122264,0.02,1.0,0.7134027545928956,1.5170706241091791,0.0,0.0,1.1195205065687714e-17,0.0,0.0,False,False,OK,metrics within configured thresholds
2.4,unknown,move_to_start,0.5,0.03464101615137754,0.222,0.4968022684223948,0.034237637498101124,0.21002981544348484,0.5034,0.03464101615137754,0.222,0.003197731577605223,0.000403378653276415,0.011970184556515162,0.012396512408631984,0.03817643225193024,0.03819294646382332,0.030528640374541283,-2.3583972454071045,-0.0010014775907620788,2.370098352432251,0.825698971748352,-3.1371899240184575e-05,-0.025479886680841446,-9.753883932717144e-05,0.022631481289863586,2.1618592654704116e-05,-0.002457785652950406,0.0001779708545655012,0.25530814019110765,3.035440334882102,0.1408202539091598,0.02,1.0,0.7134027545928956,1.5170699147483406,0.0,0.0,7.276883292697014e-18,0.0,0.0,False,False,OK,metrics within configured thresholds
2.42,unknown,move_to_start,0.5,0.03464101615137754,0.222,0.49680219969624934,0.034237734517121976,0.21002966662257622,0.5034,0.03464101615137754,0.222,0.003197800303750664,0.0004032816342555631,0.011970333377423786,0.012396670683125435,0.03817838802933693,0.03819296509027481,0.030526665970683098,-2.3583972454071045,-0.00100128969643265,2.370098352432251,0.8256992101669312,-3.130220284219831e-05,-0.025481531396508217,-9.571614646119997e-05,0.022628741338849068,3.053912951145321e-05,-0.002457770286127925,0.0001778547593858093,0.2553081892444004,3.035440040558406,0.1408203018151121,0.02,1.0,0.7134027545928956,1.5170719085307884,0.0,0.0,4.729974140253059e-18,0.0,0.0,False,False,OK,metrics within configured thresholds
2.44,unknown,move_to_start,0.5,0.03464101615137754,0.222,0.4968022044963727,0.03423773174903411,0.2100296664792214,0.5034,0.03464101615137754,0.222,0.00319779550362731,0.0004032844023434262,0.011970333520778614,0.012396669673378762,0.03818035125732422,0.03819293528795242,0.030524685978889465,-2.3583972454071045,-0.0010012139100581408,2.370098352432251,0.8256994485855103,-3.132085839752108e-05,-0.025482388213276863,-9.615325689082965e-05,0.02263212576508522,2.5578665372449905e-05,-0.0024647493846714497,0.0001779536687536165,0.2553081872672318,3.0354399312131637,0.14082027474349718,0.02,1.0,0.7134027545928956,1.5170704097713041,0.0,0.0,3.0744831911644886e-18,0.0,0.0,False,False,OK,metrics within configured thresholds
2.46,unknown,move_to_start,0.5,0.03464101615137754,0.222,0.4968022398167382,0.03423764267196034,0.2100296954475714,0.5034,0.03464101615137754,0.222,0.0031977601832617886,0.0004033734794171989,0.01197030455242859,0.012396635488367166,0.03818231448531151,0.03819289058446884,0.030522704124450684,-2.3583972454071045,-0.0010011860867962241,2.370098352432251,0.8256996870040894,-3.132529673166573e-05,-0.02548322081565857,-9.625984239391983e-05,0.02263283170759678,2.272209712828044e-05,-0.0024659608025103807,0.00018014457600656897,0.2553081332272624,3.0354407337930636,0.1408202481365405,0.02,1.0,0.7134027545928956,1.5170616906485697,0.0,0.0,1.9984140742569178e-18,0.0,0.0,False,False,OK,metrics within configured thresholds
2.48,unknown,move_to_start,0.5,0.03464101615137754,0.222,0.49680228694205164,0.03423773992967698,0.21002969566635654,0.5034,0.03464101615137754,0.222,0.0031977130579483592,0.0004032762217005617,0.011970304333643461,0.012396619956746515,0.0381842777132988,0.03819284588098526,0.030520739033818245,-2.3583972454071045,-0.0010009744437411427,2.370098352432251,0.8256999254226685,-3.120750989182852e-05,-0.025483161211013794,-9.529194358037785e-05,0.02263319119811058,3.166961687384173e-05,-0.0024670439306646585,0.00017591264622751623,0.25530811518903795,3.035441068310914,0.14082027493550786,0.02,1.0,0.7134027545928956,1.517063978035902,0.0,0.0,1.2989691482669966e-18,0.0,0.0,False,False,OK,metrics within configured thresholds
2.5,unknown,move_to_start,0.5,0.03464101615137754,0.222,0.49680222189931794,0.03423767788845903,0.21002978527078545,0.5034,0.03464101615137754,0.222,0.0031977781006820583,0.0004033382629185095,0.011970214729214557,0.012396552230319565,0.038186244666576385,0.03819280117750168,0.03051876090466976,-2.3583972454071045,-0.0010009931866079569,2.370098352432251,0.8257001638412476,-3.088666562689468e-05,-0.025485653430223465,-9.626596875023097e-05,0.022629784420132637,1.9521530703059398e-05,-0.0024659999180585146,0.00018304972036276013,0.2553081614359408,3.0354408868058953,0.1408203237350341,0.02,1.0,0.7134027545928956,1.517066042487515,0.0,0.0,8.443299463735478e-19,0.0,0.0,False,False,OK,metrics within configured thresholds
2.52,unknown,move_to_start,0.5,0.03464101615137754,0.222,0.49680222062564966,0.03423768298785206,0.21002981509990523,0.5034,0.03464101615137754,0.222,0.00319777937435034,0.00040333316352547666,0.011970184900094771,0.012396523589711625,0.038188207894563675,0.03819276764988899,0.030516793951392174,-2.3583972454071045,-0.0010009328834712505,2.370098352432251,0.8257004022598267,-3.105558062088676e-05,-0.025481054559350014,-9.543367923470214e-05,0.022632965818047523,2.4484243112965487e-05,-0.002461184049025178,0.0001810573594411835,0.2553081877577015,3.0354404111828304,0.14082030358729047,0.02,1.0,0.7134027545928956,1.517066322651421,0.0,0.0,5.48814465142806e-19,0.0,0.0,False,False,OK,metrics within configured thresholds
2.54,unknown,move_to_start,0.5,0.03464101615137754,0.222,0.49680215667864397,0.03423775231039369,0.21002966617994853,0.5034,0.03464101615137754,0.222,0.003197843321356031,0.000403263840983846,0.01197033382005147,0.01239668162843809,0.038190171122550964,0.038192834705114365,0.030514828860759735,-2.3583972454071045,-0.0010009026154875755,2.370098352432251,0.8257006406784058,-3.104864663328044e-05,-0.02547953464090824,-9.532707917969674e-05,0.022632719948887825,2.308876719325781e-05,-0.0024600436445325613,0.00018163940694648772,0.2553081941895798,3.035440265378946,0.14082031141145987,0.02,1.0,0.7134027545928956,1.5170672809006216,0.0,0.0,3.5672940234282393e-19,0.0,0.0,False,False,OK,metrics within configured thresholds
2.56,unknown,move_to_start,0.5,0.03464101615137754,0.222,0.49680221885116405,0.034237699225930486,0.21002966618376187,0.5034,0.03464101615137754,0.222,0.003197781148835954,0.0004033169254470531,0.011970333816238132,0.012396667313854028,0.03819213807582855,0.038192909210920334,0.0305128525942564,-2.3583972454071045,-0.0010009326506406069,2.370098352432251,0.8257008790969849,-3.134971848339774e-05,-0.02547973021864891,-9.603868966223672e-05,0.022636834532022476,1.9964587409049273e-05,-0.0024683126248419285,0.0001818929158616811,0.2553081891660845,3.0354400825759904,0.14082027590538354,0.02,1.0,0.7134027545928956,1.5170673207680714,0.0,0.0,2.3187411152283554e-19,0.0,0.0,False,False,OK,metrics within configured thresholds
2.58,unknown,move_to_start,0.5,0.03464101615137754,0.222,0.49680227845964875,0.03423773344587154,0.2100296959900814,0.5034,0.03464101615137754,0.222,0.0031977215403512504,0.0004032827055059987,0.011970304009918609,0.012396622043123688,0.038194093853235245,0.038192883133888245,0.030510885640978813,-2.3583972454071045,-0.0010008378885686398,2.370098352432251,0.825701117515564,-3.176463724230416e-05,-0.02548312582075596,-9.562948980601504e-05,0.022633036598563194,2.590165240690112e-05,-0.002467102138325572,0.00017815215687733144,0.2553082006463675,3.035440433118631,0.1408203226459342,0.02,1.0,0.7134027545928956,1.5170673625591296,0.0,0.0,1.507181724898431e-19,0.0,0.0,False,False,OK,metrics within configured thresholds
2.6,unknown,move_to_start,0.5,0.03464101615137754,0.222,0.49680225059759187,0.03423754100534183,0.2100298740332088,0.5034,0.03464101615137754,0.222,0.0031977494024081343,0.00040347514603571166,0.0119701259667912,0.012396463572120844,0.03819604590535164,0.03819283843040466,0.030508913099765778,-2.3583972454071045,-0.0010007491800934076,2.370098352432251,0.8257013559341431,-3.1973082514014095e-05,-0.025485796853899956,-9.609415428712964e-05,0.022628726437687874,2.4591015971964225e-05,-0.0024648329708725214,0.00017790758283808827,0.2553081647636426,3.0354411428831156,0.14082035678866756,0.02,1.0,0.7134027545928956,1.5170593038100537,0.0,0.0,9.796681211839803e-20,0.0,0.0,False,False,OK,metrics within configured thresholds
2.62,unknown,move_to_start,0.5,0.03464101615137754,0.222,0.4968022224009213,0.03423767257454038,0.21002972564998623,0.5034,0.03464101615137754,0.222,0.0031977775990786883,0.0004033435768371618,0.011970274350013771,0.01239660984417687,0.03819799795746803,0.03819286450743675,0.03050697222352028,-2.3583972454071045,-0.001000545802526176,2.370098352432251,0.8257015943527222,-3.148114410578273e-05,-0.0254786666482687,-9.396290988661349e-05,0.02263338305056095,3.114642822765745e-05,-0.0024599924217909575,0.00017876499623525888,0.25530821674522364,3.0354400309375538,0.14082035772595886,0.02,1.0,0.7134027545928956,1.5170658735950988,0.0,0.0,6.367842787695872e-20,0.0,0.0,False,False,OK,metrics within configured thresholds
2.64,unknown,move_to_start,0.5,0.03464101615137754,0.222,0.4968022229646549,0.03423759350367748,0.21002969597486196,0.5034,0.03464101615137754,0.222,0.003197777035345073,0.00040342264770006075,0.011970304025138045,0.012396640926262798,0.03819996491074562,0.03819293528795242,0.030505022034049034,-2.3583972454071045,-0.0010005844524130225,2.370098352432251,0.8257018327713013,-3.05434841720853e-05,-0.025480737909674644,-9.552965639159083e-05,0.02263270691037178,1.65589117386844e-05,-0.0024650804698467255,0.0001867586252046749,0.25530820209270794,3.0354403267910417,0.14082032716838871,0.02,1.0,0.7134027545928956,1.517067203440365,0.0,0.0,4.139097812002317e-20,0.0,0.0,False,False,OK,metrics within configured thresholds
2.66,unknown,move_to_start,0.5,0.03464101615137754,0.222,0.4968022001048522,0.034237640415897864,0.21002969652615408,0.5034,0.03464101615137754,0.222,0.0031977998951477904,0.00040337573547967465,0.011970303473845922,0.01239664476418312,0.03820192813873291,0.03819293528795242,0.03050309233367443,-2.3583972454071045,-0.0010003676870837808,2.370098352432251,0.8257020711898804,-3.1409752409672365e-05,-0.02548188716173172,-9.385681187268347e-05,0.022632790729403496,3.223385283490643e-05,-0.0024647540412843227,0.00017534602375235409,0.2553082379986751,3.035439833453607,0.14082035335270535,0.02,1.0,0.7134027545928956,1.517072967147387,0.0,0.0,2.690413577801506e-20,0.0,0.0,False,False,OK,metrics within configured thresholds
2.68,unknown,move_to_start,0.5,0.03464101615137754,0.222,0.49680221397795316,0.03423770876136613,0.210029636507516,0.5034,0.03464101615137754,0.222,0.0031977860220468446,0.00040330739001141064,0.01197036349248401,0.01239669691634953,0.0382038913667202,0.03819289058446884,0.03050115518271923,-2.3583972454071045,-0.0010002716444432735,2.370098352432251,0.8257023096084595,-3.134962753392756e-05,-0.02548195980489254,-9.430322097614408e-05,0.02263309806585312,2.6156834792345762e-05,-0.0024624112993478775,0.00017895913333632052,0.25530823324977514,3.035440107367382,0.14082034806303179,0.02,1.0,0.7134027545928956,1.5170686388882955,0.0,0.0,1.748768825570979e-20,0.0,0.0,False,False,OK,metrics within configured thresholds
2.7,unknown,move_to_start,0.5,0.03464101615137754,0.222,0.49680221463937496,0.03423768517302472,0.21002981531569617,0.5034,0.03464101615137754,0.222,0.0031977853606250384,0.0004033309783528158,0.01197018468430383,0.012396524854452914,0.03820585086941719,0.03819284588098526,0.030499204993247986,-2.3583972454071045,-0.001000280142761767,2.370098352432251,0.8257025480270386,-3.1517767638433725e-05,-0.025483621284365654,-9.506376227363944e-05,0.02263367921113968,2.1101512174936943e-05,-0.0024670797865837812,0.0001817172596929595,0.25530823655478213,3.03544040866603,0.14082037890399526,0.02,1.0,0.7134027545928956,1.5170685787285683,0.0,0.0,1.1366997366211363e-20,0.0,0.0,False,False,OK,metrics within configured thresholds
2.72,unknown,move_to_start,0.5,0.03464101615137754,0.222,0.4968022242227341,0.03423772106628752,0.21002981506909293,0.5034,0.03464101615137754,0.222,0.0031977757772658766,0.0004032950850900163,0.011970184930907068,0.012396521452707643,0.038207802921533585,0.038192857056856155,0.030497252941131592,-2.3583972454071045,-0.0010002882918342948,2.370098352432251,0.8257027864456177,-3.191328141838312e-05,-0.02548009529709816,-9.488764771958813e-05,0.022633373737335205,2.1454736270243302e-05,-0.0024588333908468485,0.00018227388500235975,0.25530826581783267,3.0354398115799235,0.1408203518292674,0.02,1.0,0.7134027545928956,1.5170660005130936,0.0,0.0,7.388548288037386e-21,0.0,0.0,False,False,OK,metrics within configured thresholds
2.74,unknown,move_to_start,0.5,0.03464101615137754,0.222,0.49680215600038036,0.03423764906042413,0.21002963654516943,0.5034,0.03464101615137754,0.222,0.003197843999619643,0.0004033670909534062,0.011970363454830574,0.012396713778123254,0.03820975124835968,0.038192931562662125,0.0304952971637249,-2.3583972454071045,-0.00100029818713665,2.370098352432251,0.8257030248641968,-3.220522921765223e-05,-0.02547934092581272,-9.52902773860842e-05,0.022632639855146408,2.0856021365034394e-05,-0.0024600904434919357,0.00018110382370650768,0.25530825791999345,3.035440133896978,0.14082039153680956,0.02,1.0,0.7134027545928956,1.5170690325522627,0.0,0.0,4.802556387224301e-21,0.0,0.0,False,False,OK,metrics within configured thresholds
2.7600000000000002,unknown,move_to_start,0.5,0.03464101615137754,0.222,0.49680213251165944,0.034237717742138025,0.2100295775193117,0.5034,0.03464101615137754,0.222,0.0031978674883405556,0.00040329840923951366,0.011970422480688303,0.01239677459850136,0.03821168839931488,0.038193006068468094,0.030493346974253654,-2.3583972454071045,-0.0010002029594033957,2.370098352432251,0.8257032632827759,-3.260823359596543e-05,-0.025480106472969055,-9.459180728299543e-05,0.022636692970991135,2.642799518071115e-05,-0.002468335209414363,0.00017802842194214463,0.2553082627428734,3.035439919903814,0.1408203612392149,0.02,1.0,0.7134027545928956,1.5170750837070552,0.0,0.0,3.1216616516957956e-21,0.0,0.0,False,False,OK,metrics within configured thresholds
2.7800000000000002,unknown,move_to_start,0.5,0.03464101615137754,0.222,0.4968021714040627,0.034237728013062,0.2100296973129027,0.5034,0.03464101615137754,0.222,0.003197828595937313,0.0004032881383155412,0.011970302687097312,0.012396648558067198,0.03821362555027008,0.038193006068468094,0.030491391196846962,-2.3583972454071045,-0.0010002078488469124,2.370098352432251,0.825703501701355,-3.2677515264367685e-05,-0.02548230066895485,-9.532025433145463e-05,0.0226370170712471,2.1092288079671562e-05,-0.00246946862898767,0.00018021115101873875,0.25530827281202706,3.0354398026638774,0.1408203687410766,0.02,1.0,0.7134027545928956,1.5170811924882996,0.0,0.0,2.029080073602267e-21,0.0,0.0,False,False,OK,metrics within configured thresholds
2.8000000000000003,unknown,move_to_start,0.5,0.03464101615137754,0.222,0.4968022768376828,0.0342376183669342,0.2100296365234563,0.5034,0.03464101615137754,0.222,0.003197723162317201,0.00040339778444333646,0.011970363476543705,0.012396683627320866,0.03821554780006409,0.03819296136498451,0.030489427968859673,-2.3583972454071045,-0.0010001654736697674,2.370098352432251,0.8257037401199341,-3.3184202038683e-05,-0.02548297867178917,-9.543871419737116e-05,0.02263287641108036,2.3682883693254553e-05,-0.002458857372403145,0.00017753861902747303,0.2553083125648666,3.035439191766095,0.14082036057965344,0.02,1.0,0.7134027545928956,1.5170688055430026,0.0,0.0,1.3189020478414737e-21,0.0,0.0,False,False,OK,metrics within configured thresholds
2.82,unknown,move_to_start,0.5,0.03464101615137754,0.222,0.49680220879048637,0.03423756334818455,0.21002963677581007,0.5034,0.03464101615137754,0.222,0.003197791209513634,0.00040345280319298987,0.011970363224189928,0.012396702727059549,0.0382174588739872,0.038192909210920334,0.030487485229969025,-2.3583972454071045,-0.0010000704787671566,2.370098352432251,0.8257039785385132,-3.277122596045956e-05,-0.025486620143055916,-9.453794336877763e-05,0.022629525512456894,2.5444183847866952e-05,-0.0024671154096722603,0.00018029498460236937,0.2553082645225063,3.0354403401773014,0.14082040773709462,0.02,1.0,0.7134027545928956,1.5170714438770467,0.0,0.0,8.57286331096958e-22,0.0,0.0,False,False,OK,metrics within configured thresholds
2.84,unknown,move_to_start,0.5,0.03464101615137754,0.222,0.49680229766122663,0.0342375405670497,0.21002969559689003,0.5034,0.03464101615137754,0.222,0.003197702338773367,0.0004034755843278365,0.011970304403109977,0.01239662374590999,0.0382193848490715,0.03819286450743675,0.03048556111752987,-2.3583972454071045,-0.0009999384637922049,2.370098352432251,0.8257042169570923,-3.222942177671939e-05,-0.025484105572104454,-9.352961205877364e-05,0.02263401634991169,2.7557751309359446e-05,-0.0024659510236233473,0.00017999245028477162,0.25530827917809856,3.0354399899895834,0.14082038723986057,0.02,1.0,0.7134027545928956,1.5170632517678841,0.0,0.0,5.572361152130227e-22,0.0,0.0,False,False,OK,metrics within configured thresholds
2.86,unknown,move_to_start,0.5,0.03464101615137754,0.222,0.49680229868523934,0.0342375855297931,0.21002969556945503,0.5034,0.03464101615137754,0.222,0.0031977013147606592,0.00040343062158443993,0.011970304430544976,0.01239662204492735,0.0382213331758976,0.03819281980395317,0.03048364631831646,-2.3583972454071045,-0.0009998346213251352,2.370098352432251,0.8257044553756714,-3.1591556762577966e-05,-0.025485746562480927,-9.299218072555959e-05,0.022630194202065468,2.6019341021310538e-05,-0.0024659305345267057,0.0001825112267397344,0.255308286408274,3.0354404496317473,0.14082045574434207,0.02,1.0,0.7134027545928956,1.5170629649363523,0.0,0.0,3.6220347488846477e-22,0.0,0.0,False,False,OK,metrics within configured thresholds
2.88,unknown,move_to_start,0.5,0.03464101615137754,0.222,0.49680225522113336,0.034237654930887845,0.21002975469366542,0.5034,0.03464101615137754,0.222,0.00319774477886664,0.00040336122048969386,0.011970245306334587,0.012396573907285392,0.03822329267859459,0.03819277510046959,0.03048173151910305,-2.3583972454071045,-0.0009997478919103742,2.370098352432251,0.8257046937942505,-3.151001510559581e-05,-0.025485629215836525,-9.309495362685993e-05,0.022629883140325546,2.5291385099990293e-05,-0.0024659305345267057,0.0001812808186514303,0.25530831068254967,3.035439871201914,0.14082043934514937,0.02,1.0,0.7134027545928956,1.51705794200907,0.0,0.0,2.354322586775021e-22,0.0,0.0,False,False,OK,metrics within configured thresholds
2.9,unknown,move_to_start,0.5,0.03464101615137754,0.222,0.4968021616784501,0.03423761496227174,0.21002969603565316,0.5034,0.03464101615137754,0.222,0.003197838321549906,0.00040340118910579814,0.01197030396434684,0.012396655978488826,0.03822524845600128,0.03819273039698601,0.030479809269309044,-2.3583972454071045,-0.0009997839806601405,2.370098352432251,0.8257049322128296,-3.18594065902289e-05,-0.025481659919023514,-9.370718180434778e-05,0.022633668035268784,1.9655846699606627e-05,-0.0024658795446157455,0.000183304407983087,0.2553083123249559,3.0354394843460883,0.14082042250256266,0.02,1.0,0.7134027545928956,1.5170678390078203,0.0,0.0,1.5303096814037638e-22,0.0,0.0,False,False,OK,metrics within configured thresholds
2.92,unknown,move_to_start,0.5,0.03464101615137754,0.222,0.4968021655807769,0.034237673849915704,0.21002975557330592,0.5034,0.03464101615137754,0.222,0.003197834419223111,0.00040334230146183564,0.011970244426694088,0.012396595565707443,0.03822718933224678,0.03819279372692108,0.030477887019515038,-2.3583972454071045,-0.0009997490560635924,2.370098352432251,0.8257051706314087,-3.212368392269127e-05,-0.025479599833488464,-9.349967149319127e-05,0.022636666893959045,2.3183447410701774e-05,-0.0024659072514623404,0.00018172858108300716,0.2553082763784064,3.0354402357946246,0.14082038538712352,0.02,1.0,0.7134027545928956,1.5170671386113936,0.0,0.0,9.947012929124465e-23,0.0,0.0,False,False,OK,metrics within configured thresholds
2.94,unknown,move_to_start,0.5,0.03464101615137754,0.222,0.4968021670873724,0.03423765429543127,0.2100296363304588,0.5034,0.03464101615137754,0.222,0.003197832912627596,0.0004033618559462701,0.011970363669541212,0.012396710955127932,0.03822912648320198,0.03819287568330765,0.030475957319140434,-2.3583972454071045,-0.0009996626758947968,2.370098352432251,0.8257054090499878,-3.28844616888091e-05,-0.025478454306721687,-9.425282041775063e-05,0.02263605408370495,2.50911180046387e-05,-0.0024624380748718977,0.00017683827900327742,0.2553083387361113,3.035439496478891,0.14082044389777956,0.02,1.0,0.7134027545928956,1.5170667877697332,0.0,0.0,6.465558403930902e-23,0.0,0.0,False,False,OK,metrics within configured thresholds
2.96,unknown,move_to_start,0.5,0.03464101615137754,0.222,0.49680220267509445,0.034237697597940854,0.21002981575130564,0.5034,0.03464101615137754,0.222,0.003197797324905549,0.0004033185534366851,0.011970184248694365,0.012396527115866364,0.03823103755712509,0.03819294646382332,0.030474020168185234,-2.3583972454071045,-0.0009995754808187485,2.370098352432251,0.8257056474685669,-3.345165168866515e-05,-0.02548043243587017,-9.410159691469744e-05,0.022637005895376205,2.5932391508831643e-05,-0.002469400642439723,0.00017704858328215778,0.2553083240614697,3.035439633394122,0.1408204071271509,0.02,1.0,0.7134027545928956,1.5170731329810967,0.0,0.0,4.2026129625550866e-23,0.0,0.0,False,False,OK,metrics within configured thresholds
2.98,unknown,move_to_start,0.5,0.03464101615137754,0.222,0.4968021984412591,0.03423771688449463,0.21002981585232422,0.5034,0.03464101615137754,0.222,0.003197801558740887,0.00040329926688290746,0.011970184147675783,0.012396527483010013,0.0382329486310482,0.03819301351904869,0.030472081154584885,-2.3583972454071045,-0.000999567098915577,2.370098352432251,0.825705885887146,-3.366218879818916e-05,-0.025479832664132118,-9.46457075770013e-05,0.022632218897342682,2.1770661987829953e-05,-0.002456529764458537,0.0001791811519069597,0.2553084102295923,3.0354385820494287,0.1408204762214436,0.02,1.0,0.7134027545928956,1.5170741891198982,0.0,0.0,2.731698425660806e-23,0.0,0.0,False,False,OK,metrics within configured thresholds
3.0,unknown,move_to_start,0.5,0.03464101615137754,0.222,0.49680223308419585,0.03423764798616752,0.2100294589274663,0.5034,0.03464101615137754,0.222,0.0031977669158041455,0.00040336816521002045,0.011970541072533702,0.012396865438236102,0.03823485225439072,0.03819308802485466,0.03047013282775879,-2.3583972454071045,-0.0009995965519919991,2.370098352432251,0.8257061243057251,-3.391490099602379e-05,-0.02547883614897728,-9.495544509263709e-05,0.022631488740444183,1.9786350094364025e-05,-0.0024565919302403927,0.00018029604689218104,0.2553084109574463,3.035438727275634,0.1408205014870073,0.02,1.0,0.7134027545928956,1.5170815389902588,0.0,0.0,1.7756039766795242e-23,0.0,0.0,False,False,OK,metrics within configured thresholds
3.02,unknown,pen_down,0.5,0.03464101615137754,0.222,0.4968022691263488,0.034237540268170066,0.21002975610778177,0.5034,0.03464101615137754,0.222,0.0031977308736512167,0.0004034758832074728,0.011970243892218235,0.012396572686344408,0.03823675215244293,0.03819303959608078,0.03046819567680359,-2.3583972454071045,-0.0009995503351092339,2.370098352432251,0.8257063627243042,-3.398093394935131e-05,-0.025488650426268578,-9.435483661945909e-05,0.02262939140200615,2.2909445760888048e-05,-0.0024708574637770653,0.0001797322474885732,0.25530835002431174,3.0354399559195406,0.14082046185914246,0.02,1.0,0.7134027545928956,1.5170727265062673,0.0,0.0,1.1541425848416907e-23,0.0,0.0,False,False,OK,metrics within configured thresholds
3.04,unknown,pen_down,0.5,0.03464101615137754,0.221999802988,0.4968023025421924,0.03423750089760672,0.21002969713823286,0.5034,0.03464101615137754,0.221999802988,0.0031976974578076245,0.000403515253770817,0.011970105849767154,0.012396432053067726,0.03823865205049515,0.038193028420209885,0.03046628087759018,-2.3583972454071045,-0.0009993163403123617,2.370098352432251,0.8257066011428833,-3.386924072401598e-05,-0.0254792720079422,-9.290031448472291e-05,0.022628339007496834,3.30538023263216e-05,-0.002445871476083994,0.00017443565593566746,0.2553084329646376,3.035438821669327,0.14082052586233318,0.02,1.0,0.7134027545928956,1.5170793663456483,0.0,0.0,7.50192680147099e-24,0.0,0.0,False,False,OK,metrics within configured thresholds
3.06,unknown,pen_down,0.5,0.03464101615137754,0.22199844761600002,0.496802741606065,0.03423757435103624,0.2100295349188747,0.5034,0.03464101615137754,0.22199844761600002,0.0031972583939349764,0.0004034418003412976,0.011968912697125328,0.012395164285932566,0.038240570574998856,0.038193535059690475,0.030464379116892815,-2.3583972454071045,-0.00099925824906677,2.3701012134552,0.8257068395614624,-3.257047865190543e-05,-0.025444336235523224,-9.231872536474839e-05,0.022614456713199615,2.3922180844238028e-05,-0.0023729559034109116,0.00018375529907643795,0.25530838061220895,3.035439432941409,0.1408204823448029,0.02,1.0,0.7134027545928956,1.516941275196672,0.0,0.0,4.876252420956143e-24,0.0,0.0,False,False,OK,metrics within configured thresholds
3.08,unknown,pen_down,0.5,0.03464101615137754,0.221994840084,0.4968035448414499,0.03423761376838613,0.21002891753702518,0.5034,0.03464101615137754,0.221994840084,0.0031964551585501044,0.00040340238299140657,0.011965922546974816,0.012392068490103861,0.03824251517653465,0.03819551691412926,0.0304624792188406,-2.358398199081421,-0.0009992870036512613,2.370108127593994,0.8257070779800415,-3.1894276617094874e-05,-0.02534542605280876,-9.251328447135165e-05,0.022592203691601753,2.0038110960740596e-05,-0.0022433209232985973,0.00018491820082999766,0.2553082790906269,3.0354430484955084,0.14082067040496987,0.02,1.0,0.7134027545928956,1.5167181802979626,0.0,0.0,3.1695640736214932e-24,0.0,0.0,False,False,OK,metrics within configured thresholds
3.1,unknown,pen_down,0.5,0.03464101615137754,0.221987955712,0.4968053131653751,0.03423774518861669,0.21002702766502504,0.5034,0.03464101615137754,0.221987955712,0.003194686834624927,0.00040327096276084745,0.011960928046974961,0.012386785345102423,0.038244474679231644,0.03820047155022621,0.030460571870207787,-2.3583991527557373,-0.0009995808359235525,2.370121717453003,0.825709342956543,-3.100835238001309e-05,-0.025164835155010223,-9.265342669095844e-05,0.022534167394042015,7.711357284279075e-06,-0.002003407571464777,0.0001854848233051598,0.2553080553052353,3.035450121316675,0.14082097981088149,0.02,1.0,0.7134018009185792,1.516277569854149,0.0,0.0,2.0602166478539708e-24,0.0,0.0,False,False,OK,metrics within configured thresholds
3.12,unknown,pen_down,0.5,0.03464101615137754,0.22197683750000002,0.4968076531809728,0.03423796514500661,0.21002322159497933,0.5034,0.03464101615137754,0.22197683750000002,0.003192346819027192,0.0004030510063709261,0.011953615905020698,0.012379113923518655,0.038246460258960724,0.038210075348615646,0.030458657070994377,-2.358400821685791,-0.0010000986512750387,2.3701422214508057,0.825713038444519,-3.0131815947243012e-05,-0.024898972362279892,-9.33815972530283e-05,0.022428561002016068,-3.4451136343705002e-06,-0.0016888593090698123,0.0001861040509538725,0.25530743138670275,3.035467367420743,0.14082158337694406,0.02,1.0,0.7134008472442628,1.5157442335312898,0.0,0.0,1.339140821105081e-24,0.0,0.0,False,False,OK,metrics within configured thresholds
3.14,unknown,pen_down,0.5,0.03464101615137754,0.221960594688,0.49680992839337335,0.03423815604676037,0.21001593672085414,0.5034,0.03464101615137754,0.221960594688,0.0031900716066266543,0.00040286010461716704,0.01194465796714586,0.012369870939965331,0.038248464465141296,0.0382261760532856,0.03045671060681343,-2.3584046363830566,-0.001000977586954832,2.3701698780059814,0.8257185816764832,-2.961515747301746e-05,-0.024537935853004456,-9.4777082267683e-05,0.02226635254919529,-1.986877032322809e-05,-0.0012378483079373837,0.00018671962607186288,0.2553066243516111,3.0354912528444373,0.1408225282480937,0.02,1.0,0.7133991783142091,1.515295157047192,0.0,0.0,8.704415337183028e-25,0.0,0.0,False,False,OK,metrics within configured thresholds
3.16,unknown,pen_down,0.5,0.03464101615137754,0.221938401316,0.49681257633120995,0.034238240880920735,0.2100045873483955,0.5034,0.03464101615137754,0.221938401316,0.003187423668790046,0.00040277527045680384,0.011933813967604512,0.01235871406644911,0.038250479847192764,0.038250576704740524,0.03045472502708435,-2.3584115505218506,-0.0010022707283496857,2.370211124420166,0.8257260322570801,-2.896933801821433e-05,-0.024090729653835297,-9.654624591348693e-05,0.022045355290174484,-3.978212407673709e-05,-0.0006406124448403716,0.00019889938994310796,0.25530537205010945,3.035525280370982,0.14082349323714638,0.02,1.0,0.7133953636169434,1.5147267652777638,0.0,0.0,5.657869969168969e-25,0.0,0.0,False,False,OK,metrics within configured thresholds
3.18,unknown,pen_down,0.5,0.03464101615137754,0.22190949478400002,0.49681455077561587,0.0342385434190227,0.20998671635139213,0.5034,0.03464101615137754,0.22190949478400002,0.0031854492243841293,0.00040247273235483744,0.011922778432607889,0.012347538888964005,0.03825252503156662,0.03828516975045204,0.030452720820903778,-2.358424425125122,-0.0010039362823590636,2.370267629623413,0.8257336616516113,-2.734087684075348e-05,-0.023548083379864693,-9.747572767082602e-05,0.021790819242596626,-5.807912748423405e-05,4.5807108108419925e-05,0.00021542291506193578,0.2553034225240611,3.0355747076814796,0.14082460028274213,0.02,1.0,0.7133884494781495,1.5142114147877632,0.0,0.0,3.6776154799598295e-25,0.0,0.0,False,False,OK,metrics within configured thresholds
3.2,unknown,pen_down,0.5,0.03464101615137754,0.22187317441200002,0.4968138936208296,0.034238598638670854,0.2099603867801162,0.5034,0.03464101615137754,0.22187317441200002,0.0031861063791703836,0.0004024175127066848,0.011912787631883831,0.01233805993162165,0.03825460746884346,0.03833170607686043,0.03045065701007843,-2.3584470748901367,-0.0010063095251098275,2.3703393936157227,0.8257412910461426,-2.6209265342913568e-05,-0.02292809449136257,-0.00010086378460982814,0.021537793800234795,-9.155534644378349e-05,0.0007949690916575491,0.00023594930826220661,0.2553004008498134,3.0356444870784207,0.14082537468317047,0.02,1.0,0.713375574874878,1.5140634993341773,0.0,0.0,2.390450061973889e-25,0.0,0.0,False,False,OK,metrics within configured thresholds
3.22,unknown,pen_down,0.5,0.03464101615137754,0.22182880000000002,0.49681381862729357,0.03423846464261464,0.20992741014487354,0.5034,0.03464101615137754,0.22182880000000002,0.0031861813727064314,0.00040255150876290086,0.011901389855126482,0.01232707913257217,0.03825671225786209,0.0383918397128582,0.03044852428138256,-2.358473062515259,-0.0010092519223690033,2.3704280853271484,0.8257489204406738,-2.5768384148250334e-05,-0.022232191637158394,-0.00010439339530421421,0.021330008283257484,-0.00011912694026250392,0.0016588961007073522,0.0002525120507925749,0.2552960790678574,3.0357336589799377,0.14082503407036387,0.02,1.0,0.7133529251098634,1.5139035623280472,0.0,0.0,1.553792540283028e-25,0.0,0.0,False,False,OK,metrics within configured thresholds
3.24,unknown,pen_down,0.5,0.03464101615137754,0.22177579038800002,0.4968150165385969,0.03423854086278248,0.2098874652637057,0.5034,0.03464101615137754,0.22177579038800002,0.0031849834614031125,0.00040247528859505693,0.01188832512429433,0.01231415365619046,0.03825882822275162,0.03846638277173042,0.03044634684920311,-2.3585023880004883,-0.001012673950754106,2.370539426803589,0.8257565498352051,-2.4384520656894892e-05,-0.021507015451788902,-0.0001059702699421905,0.02105795033276081,-0.00014186560292728245,0.0026086410507559776,0.0002733136061578989,0.2552909348321405,3.0358436943489635,0.14082510571259405,0.02,1.0,0.7133269374847413,1.5134889243127072,0.0,0.0,1.0099651511839683e-25,0.0,0.0,False,False,OK,metrics within configured thresholds
3.2600000000000002,unknown,pen_down,0.5,0.03464101615137754,0.221713622016,0.496816612572116,0.03423861125650638,0.20983998249520253,0.5034,0.03464101615137754,0.221713622016,0.003183387427883988,0.0004024048948711584,0.01187363952079748,0.012299560995631913,0.03826098144054413,0.038556113839149475,0.03044411726295948,-2.3585357666015625,-0.0010167451109737158,2.370669364929199,0.8257641792297363,-2.246058102173265e-05,-0.020741131156682968,-0.00010836787259904668,0.020731491968035698,-0.00017250205564778298,0.0035922068636864424,0.0002969435299746692,0.25528476562516556,3.035980541068377,0.14082574827111155,0.02,1.0,0.7132976119995118,1.5130961882027905,0.0,0.0,6.564773482695794e-26,0.0,0.0,False,False,OK,metrics within configured thresholds
3.2800000000000002,unknown,pen_down,0.5,0.03464101615137754,0.22164182748400002,0.49681811313430246,0.034238691014481515,0.20978400540573136,0.5034,0.03464101615137754,0.22164182748400002,0.0031818868656975363,0.0004023251368960243,0.01185782207826866,0.012283900601264754,0.03826317936182022,0.038661856204271317,0.030441831797361374,-2.3585755825042725,-0.0010214991634711623,2.370821714401245,0.8257718086242676,-2.0173909433651716e-05,-0.01993105746805668,-0.00011073891801061109,0.020340535789728165,-0.00020501342078205198,0.004692127928137779,0.00032282143365591764,0.2552775053516075,3.0361417447899517,0.1408265700321873,0.02,1.0,0.7132642333984376,1.5126964395516622,0.0,0.0,4.267102763752266e-26,0.0,0.0,False,False,OK,metrics within configured thresholds
3.3000000000000003,unknown,pen_down,0.5,0.03464101615137754,0.221559994112,0.4968174045356743,0.03423865078426508,0.20971619077864448,0.5034,0.03464101615137754,0.221559994112,0.0031825954643256993,0.00040236536711246024,0.011843803333355524,0.012270553743715133,0.03826543316245079,0.03878478705883026,0.03043948858976364,-2.358628273010254,-0.0010270614875480533,2.370999813079834,0.8257794380187988,-1.7075180949177593e-05,-0.01905974932014942,-0.000113475471152924,0.019933898001909256,-0.0002432913752272725,0.00585402874276042,0.0003542785707395524,0.2552690859218591,3.036328723206067,0.14082748972741496,0.02,1.0,0.7132244174957276,1.5125460370706458,0.0,0.0,2.7736167964389733e-26,0.0,0.0,False,False,OK,metrics within configured thresholds
3.3200000000000003,unknown,pen_down,0.5,0.03464101615137754,0.2214677625,0.4968168663396323,0.03423875476832451,0.2096390167799223,0.5034,0.03464101615137754,0.2214677625,0.0031831336603677096,0.0004022613830530278,0.011828745720077694,0.012256156796904893,0.038267750293016434,0.03892610967159271,0.030437076464295387,-2.358686685562134,-0.0010334099642932415,2.3712024688720703,0.8257870674133301,-1.3974886314827017e-05,-0.018145211040973663,-0.0001167337759397924,0.01957724057137966,-0.00028151721926406026,0.0070311520248651505,0.0003838131669908762,0.2552587867720866,3.0365489841634092,0.1408274541565697,0.02,1.0,0.7131717269897462,1.512380492750397,0.0,0.0,1.8028509176853326e-26,0.0,0.0,False,False,OK,metrics within configured thresholds
3.34,unknown,pen_down,0.5,0.03464101615137754,0.221364825088,0.49681735823023637,0.0342385929138933,0.20955268065333255,0.5034,0.03464101615137754,0.221364825088,0.0031826417697636278,0.0004024232374842396,0.011812144434667465,0.012240012632434537,0.038270145654678345,0.03908625990152359,0.030434567481279373,-2.358750104904175,-0.0010407479712739587,2.371431350708008,0.8257946968078613,-1.1426825949456543e-05,-0.017211226746439934,-0.00012144352513132617,0.01918928325176239,-0.00032847007969394326,0.00827200710773468,0.0004163323319517076,0.255247014971427,3.0368007832658583,0.14082749526852573,0.02,1.0,0.7131133144378663,1.5120805158048718,0.0,0.0,1.1718530964954663e-26,0.0,0.0,False,False,OK,metrics within configured thresholds
3.36,unknown,pen_down,0.5,0.03464101615137754,0.22125092471600002,0.496817866846288,0.034238784464140234,0.20945608862503706,0.5034,0.03464101615137754,0.22125092471600002,0.003182133153712019,0.0004022316872373047,0.011794836090962962,0.012223171444058755,0.03827258199453354,0.03926558420062065,0.030431998893618584,-2.358820915222168,-0.001048624748364091,2.371687173843384,0.8258025050163269,-8.553902262065094e-06,-0.01626095362007618,-0.0001233586808666587,0.01874140277504921,-0.0003534299321472645,0.009559751488268375,0.0004406895022839308,0.25523406025200884,3.037082865531761,0.14082813605726094,0.02,1.0,0.7130498950958253,1.51173953261608,0.0,0.0,7.617045127220531e-27,0.0,0.0,False,False,OK,metrics within configured thresholds
3.38,unknown,pen_down,0.5,0.03464101615137754,0.22112585318400002,0.49681531956801167,0.03423861796358393,0.2093457067462434,0.5034,0.03464101615137754,0.22112585318400002,0.0031846804319883293,0.00040239818779361225,0.011780146437756628,0.012209666819795661,0.038275111466646194,0.039464760571718216,0.030429325997829437,-2.3589065074920654,-0.0010576678905636072,2.3719706535339355,0.8258103728294373,-4.880935648543527e-06,-0.015273544006049633,-0.00012860326387453824,0.018292929977178574,-0.00040929566603153944,0.010873124934732914,0.0004811472026631236,0.25521949960779544,3.0373990210791306,0.1408287733037415,0.02,1.0,0.7129790847778321,1.5118016774972662,0.0,0.0,4.9510793326933456e-27,0.0,0.0,False,False,OK,metrics within configured thresholds
3.4,unknown,pen_down,0.5,0.03464101615137754,0.22098944981200003,0.4968143334030575,0.03423849423105566,0.20922588973502537,0.5034,0.03464101615137754,0.22098944981200003,0.003185666596942527,0.00040252192032187717,0.011763560076974655,0.01219392640816759,0.03827770799398422,0.03968453034758568,0.03042656183242798,-2.3589959144592285,-0.0010675651719793677,2.372282028198242,0.8258182406425476,-1.8227297005068976e-06,-0.01426357589662075,-0.0001328681973973289,0.017908157780766487,-0.0004500999057199806,0.01220215018838644,0.0005128048942424357,0.2552027675664342,3.037752326445322,0.1408281382175524,0.02,1.0,0.7128934925079347,1.5116791839735273,0.0,0.0,3.2182015662506747e-27,0.0,0.0,False,False,OK,metrics within configured thresholds
3.42,unknown,pen_down,0.5,0.03464101615137754,0.22084160000000003,0.4968139664159945,0.03423855276403718,0.20909586697995314,0.5034,0.03464101615137754,0.22084160000000003,0.0031860335840054876,0.0004024633873403599,0.011745733020046889,0.012176823516614674,0.038280364125967026,0.03992471843957901,0.03042369894683361,-2.3590917587280273,-0.0010782364988699555,2.372622489929199,0.8258277773857117,1.694497768767178e-06,-0.013266706839203835,-0.0001365993666695431,0.017455101013183594,-0.00048657573643140495,0.013572071678936481,0.000535422470420599,0.2551848742485618,3.038137015928349,0.14082832355457298,0.02,1.0,0.7128040855407716,1.5114165963236756,0.0,0.0,2.0918310180629386e-27,0.0,0.0,False,False,OK,metrics within configured thresholds
3.44,unknown,pen_down,0.5,0.03464101615137754,0.220682233788,0.496812568151474,0.03423848668539008,0.20895363842239215,0.5034,0.03464101615137754,0.220682233788,0.00318743184852599,0.0004025294659874626,0.011728595365607858,0.012160662030092938,0.0382830984890461,0.040185555815696716,0.030420726165175438,-2.3591980934143066,-0.0010899532353505492,2.3729918003082275,0.8258410096168518,5.483190307131736e-06,-0.012249200604856014,-0.00014191537047736347,0.016978155821561813,-0.0005364426178857684,0.014952214434742928,0.0005552348447963595,0.2551653700964684,3.0385581075681354,0.1408288222116102,0.02,1.0,0.7127082412719727,1.5112919735933477,0.0,0.0,1.3596901617409101e-27,0.0,0.0,False,False,OK,metrics within configured thresholds
3.46,unknown,pen_down,0.5,0.03464101615137754,0.22051132441600002,0.4968095783534016,0.03423821553739785,0.20879869957043512,0.5034,0.03464101615137754,0.22051132441600002,0.003190421646598385,0.0004028006139796883,0.0117126248455649,0.012146053655021048,0.03828592598438263,0.040467459708452225,0.030417637899518013,-2.359316110610962,-0.0011025950079783797,2.3733909130096436,0.8258562684059143,9.229653187503573e-06,-0.011215537786483765,-0.00014699946041218936,0.016524743288755417,-0.0005807623965665698,0.01634288765490055,0.0005888653686270118,0.2551440504930149,3.0390157437980374,0.14082892856119134,0.02,1.0,0.7126019065856934,1.5113278880312706,0.0,0.0,8.837986051315916e-28,0.0,0.0,False,False,OK,metrics within configured thresholds
3.48,unknown,pen_down,0.5,0.03464101615137754,0.220328886884,0.49680777359116435,0.03423818294269961,0.20863367350451906,0.5034,0.03464101615137754,0.220328886884,0.0031922264088356522,0.0004028332086779274,0.011695213379480957,0.012129740311765618,0.03828885778784752,0.040770791471004486,0.030414452776312828,-2.35943865776062,-0.0011161492438986897,2.3738186359405518,0.8258715271949768,1.3809250958729535e-05,-0.010174223221838474,-0.00015122699551284313,0.01610664837062359,-0.0006237277993932366,0.01772926189005375,0.0006267052376642823,0.25512088212686657,3.0395088995766635,0.14082847335513293,0.02,1.0,0.7124838893890382,1.511216569050839,0.0,0.0,5.744690933355346e-28,0.0,0.0,False,False,OK,metrics within configured thresholds
3.5,unknown,pen_down,0.5,0.03464101615137754,0.220134976512,0.4968063424926888,0.03423812441316641,0.20845731584308566,0.5034,0.03464101615137754,0.220134976512,0.0031936575073112095,0.0004028917382111266,0.011677660668914347,0.012113196470173887,0.03829187899827957,0.04109528288245201,0.030411137267947197,-2.3595693111419678,-0.001130677992478013,2.374276638031006,0.8258867859840393,1.8227681721327826e-05,-0.009147021919488907,-0.00015709316357970238,0.015642590820789337,-0.0006702867685817182,0.01912887766957283,0.0006617351318709552,0.2550962541344914,3.0400378316823264,0.1408286059217242,0.02,1.0,0.71236134223938,1.511034779381871,0.0,0.0,3.734049106680975e-28,0.0,0.0,False,False,OK,metrics within configured thresholds
3.52,unknown,pen_down,0.5,0.03464101615137754,0.21992968750000003,0.4968018936503791,0.034237722969421645,0.2082674055795566,0.5034,0.03464101615137754,0.21992968750000003,0.0031981063496209217,0.0004032931819558938,0.011662281920443412,0.012099559876540924,0.038294993340969086,0.04144078120589256,0.03040769137442112,-2.3597137928009033,-0.001146138645708561,2.374762773513794,0.8259020447731018,2.23938659473788e-05,-0.008128869347274303,-0.00016282364958897233,0.015166884288191795,-0.0007143964758142829,0.020509129390120506,0.0006968343514017761,0.2550699073680723,3.040605128639084,0.14082893936390145,0.02,1.0,0.7122306888580323,1.5112440371492275,0.0,0.0,2.427131919342634e-28,0.0,0.0,False,False,OK,metrics within configured thresholds
3.54,unknown,pen_down,0.5,0.03464101615137754,0.21971315148800002,0.4967983924603556,0.03423759273284278,0.20806690142328846,0.5034,0.03464101615137754,0.21971315148800002,0.00320160753964438,0.0004034234185347624,0.011646250064711566,0.012085039588777696,0.03829821199178696,0.04180760309100151,0.03040412813425064,-2.359863758087158,-0.001162492437288165,2.3752784729003906,0.8259173035621643,2.7835443688672967e-05,-0.007094533648341894,-0.00016754610987845808,0.014774417504668236,-0.0007576029165647924,0.021902889013290405,0.0007360460003837943,0.2550416433843377,3.0412061863662117,0.14082816852719826,0.02,1.0,0.7120862071990968,1.5113056296590608,0.0,0.0,1.5776357475727121e-28,0.0,0.0,False,False,OK,metrics within configured thresholds
3.56,unknown,pen_down,0.5,0.03464101615137754,0.21948553611600002,0.49679619119819435,0.034237461238996694,0.20785669293294426,0.5034,0.03464101615137754,0.21948553611600002,0.003203808801805652,0.0004035549123808449,0.011628843183055765,0.012068854178501644,0.03830155357718468,0.04219534248113632,0.03040042705833912,-2.360018491744995,-0.001179809682071209,2.3758230209350586,0.8259325623512268,3.274549817433581e-05,-0.006095236632972956,-0.00017385013052262366,0.014346049167215824,-0.0008031054167076945,0.023267386481165886,0.0007700714049860835,0.25501178020003373,3.041843691525081,0.1408277710963605,0.02,1.0,0.7119362419128419,1.5111722295217869,0.0,0.0,1.025463235922263e-28,0.0,0.0,False,False,OK,metrics within configured thresholds
3.58,unknown,pen_down,0.5,0.03464101615137754,0.21924704358400002,0.4967931719520161,0.03423725159027993,0.20763469169144674,0.5034,0.03464101615137754,0.21924704358400002,0.0032068280479838895,0.0004037645610976068,0.011612351892553274,0.01205377486211768,0.03830500319600105,0.04260347783565521,0.030396584421396255,-2.360182523727417,-0.0011980242561548948,2.3763957023620605,0.8259479999542236,3.750326141016558e-05,-0.0051119523122906685,-0.00017991873028222471,0.013877997174859047,-0.0008454573689959943,0.024625036865472794,0.000804175331722945,0.2549805786628436,3.0425167453761666,0.14082820542371396,0.02,1.0,0.711781508255005,1.51113295378151,0.0,0.0,6.665511033494709e-29,0.0,0.0,False,False,OK,metrics within configured thresholds
3.6,unknown,pen_down,0.5,0.03464101615137754,0.21899790921200002,0.496786847154945,0.034236814551592346,0.2073992912862581,0.5034,0.03464101615137754,0.21899790921200002,0.003213152845055023,0.0004042015997851936,0.011598617925741933,0.012042245136447614,0.038308560848236084,0.04303193837404251,0.0303925983607769,-2.360361099243164,-0.0012172120623290539,2.37699556350708,0.8259634971618652,4.323157190810889e-05,-0.004134247079491615,-0.00018592669221106917,0.013445429503917694,-0.0008920805994421244,0.02595229260623455,0.0008442223770543933,0.2549476726430957,3.0432240927710437,0.14082830209861882,0.02,1.0,0.7116174762725831,1.5115311360165076,0.0,0.0,4.3325821717715613e-29,0.0,0.0,False,False,OK,metrics within configured thresholds
3.62,unknown,pen_down,0.5,0.03464101615137754,0.2187384,0.49678264285403345,0.03423668936311245,0.20715494915883959,0.5034,0.03464101615137754,0.2187384,0.0032173571459665484,0.0004043267882650886,0.011583450841160414,0.012028765545391208,0.03831224888563156,0.04348080977797508,0.030388474464416504,-2.360542058944702,-0.0012373897479847074,2.377624034881592,0.8259796500205994,4.957846613251604e-05,-0.0031617984641343355,-0.0001920056383823976,0.013099133968353271,-0.000939526129513979,0.02727370895445347,0.0008821033407002687,0.25491278038919707,3.0439653757770704,0.14082710985231991,0.02,1.0,0.711438900756836,1.5116057811424208,0.0,0.0,2.8161784116515147e-29,0.0,0.0,False,False,OK,metrics within configured thresholds
3.64,unknown,pen_down,0.5,0.03464101615137754,0.21846881318800002,0.4967793969393374,0.03423644957618539,0.20690123645057654,0.5034,0.03464101615137754,0.21846881318800002,0.0032206030606625746,0.00040456657519214595,0.01156757673742348,0.012014357650923027,0.03831607475876808,0.0439491830766201,0.030384182929992676,-2.360727548599243,-0.0012584853684529662,2.3782784938812256,0.8259979486465454,5.456891085486859e-05,-0.00224273931235075,-0.0001994866324821487,0.01269716676324606,-0.000982420751824975,0.02854178659617901,0.0009026576881296933,0.2548766087321735,3.044741875012835,0.14082697632445898,0.02,1.0,0.7112579410552979,1.5115476738640616,0.0,0.0,1.8305159675734846e-29,0.0,0.0,False,False,OK,metrics within configured thresholds
3.66,unknown,pen_down,0.5,0.03464101615137754,0.218189474816,0.49677531491231713,0.03423630598839841,0.2066371587261483,0.5034,0.03464101615137754,0.218189474816,0.003224685087682866,0.0004047101629791258,0.011552316089851716,0.012000766278475291,0.03832000494003296,0.044436272233724594,0.03037973679602146,-2.360921621322632,-0.0012803117278963327,2.3789594173431396,0.8260183930397034,5.976700776955113e-05,-0.0013517463812604547,-0.0002060465922113508,0.012267960235476494,-0.001017414964735508,0.029775798320770264,0.000922702020034194,0.25483919097827507,3.045549484841827,0.1408273481191617,0.02,1.0,0.7110724514007569,1.511554538944881,0.0,0.0,1.189835378922765e-29,0.0,0.0,False,False,OK,metrics within configured thresholds
3.68,unknown,pen_down,0.5,0.03464101615137754,0.21790073828400003,0.4967682713670429,0.0342358734699329,0.2063605700869833,0.5034,0.03464101615137754,0.21790073828400003,0.0032317286329571204,0.000405142681444641,0.011540168197016726,0.01199098380304299,0.03832406923174858,0.0449419766664505,0.030375104397535324,-2.361128568649292,-0.001303161378018558,2.3796651363372803,0.8260412812232971,6.542527989950031e-05,-0.0004645446315407753,-0.00021407639724202454,0.011881448328495026,-0.0010662286076694727,0.030978741124272346,0.0009578791214153171,0.25480017479806993,3.0463896166785474,0.1408274741713445,0.02,1.0,0.7108783786773683,1.5119376673643112,0.0,0.0,7.733929962997973e-30,0.0,0.0,False,False,OK,metrics within configured thresholds
3.7,unknown,pen_down,0.5,0.03464101615137754,0.217602982912,0.49676198331224075,0.03423542234250897,0.20607509299792437,0.5034,0.03464101615137754,0.217602982912,0.0032380166877592487,0.00040559380886857205,0.011527889914075634,0.011980880780604013,0.038328222930431366,0.04546618089079857,0.030370306223630905,-2.361339807510376,-0.0013268080074340105,2.38039493560791,0.8260641694068909,7.089294376783073e-05,0.0004026196838822216,-0.00022148696007207036,0.01158998068422079,-0.0011038014199584723,0.03213557228446007,0.000989097054116428,0.2547593752011043,3.0472600747539396,0.14082645013347772,0.02,1.0,0.7106714313507081,1.5122435299315617,0.0,0.0,5.027054475948682e-30,0.0,0.0,False,False,OK,metrics within configured thresholds
3.72,unknown,pen_down,0.5,0.03464101615137754,0.2172966125,0.4967571106693391,0.034235160549876284,0.20578199307598313,0.5034,0.03464101615137754,0.2172966125,0.003242889330660914,0.00040585560150125516,0.011514619424016881,0.011969440691199033,0.03833252191543579,0.046007756143808365,0.030365342274308205,-2.36155366897583,-0.001351195969618857,2.3811490535736084,0.8260870575904846,7.696939428569749e-05,0.0012058556312695146,-0.00022823289327789098,0.011275013908743858,-0.0011390962172299623,0.03324480354785919,0.0010215892689302564,0.2547174392120402,3.0481598676198245,0.14082594907561582,0.02,1.0,0.7104601924896241,1.5123056059831268,0.0,0.0,3.267585409366643e-30,0.0,0.0,False,False,OK,metrics within configured thresholds
3.74,unknown,pen_down,0.5,0.03464101615137754,0.21698205388800001,0.4967525756728246,0.03423496723630117,0.20548075123836004,0.5034,0.03464101615137754,0.21698205388800001,0.0032474243271753966,0.000406048915076368,0.011501302649639972,0.011957867833388222,0.038336943835020065,0.046565718948841095,0.030360206961631775,-2.361771821975708,-0.0013762795133516192,2.381924867630005,0.8261099457740784,8.276374137494713e-05,0.001967648509889841,-0.00023573171347379684,0.010928758420050144,-0.0011722317431122065,0.03430220112204552,0.0010480955243110657,0.2546743292550379,3.0490899088976358,0.14082614388654094,0.02,1.0,0.71024633102417,1.512305994784327,0.0,0.0,2.1239305160883184e-30,0.0,0.0,False,False,OK,metrics within configured thresholds
3.7600000000000002,unknown,pen_down,0.5,0.03464101615137754,0.216659755516,0.4967479964462211,0.034234665259308183,0.2051714342388007,0.5034,0.03464101615137754,0.216659755516,0.003252003553778915,0.00040635089206935565,0.011488321277199315,0.011946638603784194,0.03834151104092598,0.047139402478933334,0.030354881659150124,-2.361994981765747,-0.0014022286050021648,2.382721185684204,0.8261328339576721,8.885090937837958e-05,0.00269948597997427,-0.00024409446632489562,0.010577536188066006,-0.0012134388089179993,0.03531401604413986,0.001081719994544983,0.25463022570297167,3.050044928706075,0.14082668598814888,0.02,1.0,0.7100281780242921,1.5123196761246678,0.0,0.0,1.380554835457407e-30,0.0,0.0,False,False,OK,metrics within configured thresholds
3.7800000000000002,unknown,pen_down,0.5,0.03464101615137754,0.216330185984,0.49674147014950915,0.03423423951205356,0.20485289841319382,0.5034,0.03464101615137754,0.216330185984,0.0032585298504908544,0.0004067766393239802,0.011477287570806183,0.011937822833491112,0.038346197456121445,0.047728221863508224,0.0303493719547987,-2.362227201461792,-0.0014288226375356317,2.383538007736206,0.8261557221412659,9.483750181971118e-05,0.003399904817342758,-0.00025136698968708515,0.010236267931759357,-0.0012434752425178885,0.03628462553024292,0.0011091945925727487,0.25458507373759337,3.05102452339902,0.1408273899276418,0.02,1.0,0.709805018234253,1.5125419829601503,0.0,0.0,8.973606430473146e-31,0.0,0.0,False,False,OK,metrics within configured thresholds
3.8000000000000003,unknown,pen_down,0.5,0.03464101615137754,0.215993832612,0.49673337458417377,0.03423382762452034,0.20452535038789738,0.5034,0.03464101615137754,0.215993832612,0.00326662541582623,0.00040718852685719953,0.011468482224102627,0.011931585335917603,0.03835103660821915,0.0483318492770195,0.030343683436512947,-2.3624677658081055,-0.0014561935095116496,2.3843748569488525,0.8261787295341492,0.00010197771189268678,0.004084669519215822,-0.00025880694738589227,0.00998134445399046,-0.0012808585306629539,0.037194930016994476,0.0011427763383835554,0.25453857446710393,3.0520285434126158,0.1408273627955132,0.02,1.0,0.7095727985382081,1.5129519626823005,0.0,0.0,5.8328441798075455e-31,0.0,0.0,False,False,OK,metrics within configured thresholds
3.8200000000000003,unknown,pen_down,0.5,0.03464101615137754,0.21565120000000002,0.4967256175293234,0.03423322244062055,0.204190854228051,0.5034,0.03464101615137754,0.21565120000000002,0.0032743824706765734,0.0004077937107569915,0.011460345771949015,0.01192591302531746,0.03835604712367058,0.04894958809018135,0.030337801203131676,-2.362710952758789,-0.0014842363307252526,2.3852291107177734,0.8262017965316772,0.00010808707884280011,0.004718741402029991,-0.0002671079128049314,0.009786861017346382,-0.0013124062679708004,0.03803320229053497,0.0011669308878481388,0.254490725512862,3.0530579400193743,0.14082679998472097,0.02,1.0,0.7093322341918946,1.513317881377409,0.0,0.0,3.7913487168749048e-31,0.0,0.0,False,False,OK,metrics within configured thresholds
3.84,unknown,pen_down,0.5,0.03464101615137754,0.21530280858800002,0.49671835513531787,0.0342327604586862,0.20385089592436811,0.5034,0.03464101615137754,0.21530280858800002,0.0032816448646821317,0.00040825569269133805,0.011451912663631908,0.011919822539952614,0.03836118429899216,0.04958007112145424,0.03033175691962242,-2.3629562854766846,-0.0015128469094634056,2.3860995769500732,0.8262249231338501,0.00011510522745084018,0.0052831461653113365,-0.00027359084924682975,0.00960085354745388,-0.001338859787210822,0.03879645839333534,0.0011959116673097014,0.25444195930093744,3.054109428137704,0.1408265513273624,0.02,1.0,0.709089047241211,1.5135965419395863,0.0,0.0,2.464376665968688e-31,0.0,0.0,False,False,OK,metrics within configured thresholds
3.86,unknown,pen_down,0.5,0.03464101615137754,0.214949193216,0.49671201868279224,0.034232475796643895,0.20350589218252849,0.5034,0.03464101615137754,0.214949193216,0.0032879813172077554,0.00040854035473364414,0.01144330103347152,0.011913306212231913,0.038366470485925674,0.05022219568490982,0.030325548723340034,-2.3632028102874756,-0.0015419243136420846,2.3869848251342773,0.826248049736023,0.00012224364036228508,0.005801025312393904,-0.00028093461878597736,0.009412652812898159,-0.0013618471566587687,0.03951381891965866,0.0012169231195002794,0.2543926743940444,3.05517692944114,0.140826705444689,0.02,1.0,0.7088437145233155,1.5137824725963678,0.0,0.0,1.6018448328796474e-31,0.0,0.0,False,False,OK,metrics within configured thresholds
3.88,unknown,pen_down,0.5,0.03464101615137754,0.21459090168400002,0.4967059627739788,0.03423207386578046,0.20315566409090305,0.5034,0.03464101615137754,0.21459090168400002,0.0032940372260211737,0.0004089422855970762,0.011435237593096975,0.011907248794324445,0.03837189823389053,0.050874873995780945,0.03031913749873638,-2.3634517192840576,-0.0015716442139819264,2.3878843784332275,0.8262724876403809,0.00012882560258731246,0.006260912399739027,-0.00028952222783118486,0.00919400155544281,-0.0013924232916906476,0.040182508528232574,0.0012350002070888877,0.25434272778138056,3.056263229071861,0.14082742811485066,0.02,1.0,0.7085971897125245,1.5138746839613775,0.0,0.0,1.041199141371771e-31,0.0,0.0,False,False,OK,metrics within configured thresholds
3.9,unknown,pen_down,0.5,0.03464101615137754,0.214228493312,0.4966996810762023,0.034231654094356474,0.20280096694557215,0.5034,0.03464101615137754,0.214228493312,0.0033003189237976738,0.0004093620570210649,0.011427526366427854,0.011901598260229983,0.03837747499346733,0.051537126302719116,0.030312543734908104,-2.3637025356292725,-0.0016018346650525928,2.3887956142425537,0.8262975811958313,0.00013580283848568797,0.006676896475255489,-0.0002975188835989684,0.008987274952232838,-0.0014168202178552747,0.04075532406568527,0.001255883602425456,0.25429210661092005,3.0573668957668763,0.140828392991882,0.02,1.0,0.7083482807159425,1.513980452859053,0.0,0.0,6.767794418916511e-32,0.0,0.0,False,False,OK,metrics within configured thresholds
3.92,unknown,pen_down,0.5,0.03464101615137754,0.2138625375,0.4966936065288851,0.03423137629503817,0.2024421530595633,0.5034,0.03464101615137754,0.2138625375,0.003306393471114888,0.0004096398563393708,0.011420384440436693,0.011896437423241523,0.03838321566581726,0.0522083081305027,0.030305782333016396,-2.3639557361602783,-0.001632368192076683,2.3897182941436768,0.8263239860534668,0.00014231682871468365,0.007060045842081308,-0.0003038250142708421,0.008804716169834137,-0.001430564559996128,0.041283249855041504,0.0012656789040192962,0.25424097544335394,3.058482947035661,0.140829500452931,0.02,1.0,0.7080974643707276,1.5140441002897531,0.0,0.0,4.399066372295732e-32,0.0,0.0,False,False,OK,metrics within configured thresholds
3.94,unknown,pen_down,0.5,0.03464101615137754,0.213493612288,0.4966874268699642,0.034231112472734485,0.20207946135920327,0.5034,0.03464101615137754,0.213493612288,0.003312573130035801,0.0004099036786430546,0.011414150928796746,0.011892182440282015,0.038389138877391815,0.05288758873939514,0.03029884211719036,-2.364210844039917,-0.001663376111537218,2.3906519412994385,0.8263511061668396,0.0001457743492210284,0.007399071007966995,-0.00029067081050015986,0.008696460165083408,-0.0013711624778807163,0.04170966520905495,0.0012324154376983643,0.2541893261544014,3.059612726463289,0.14083076316269433,0.02,1.0,0.7078442638397218,1.5140709505395062,0.0,0.0,2.859393141992226e-32,0.0,0.0,False,False,OK,metrics within configured thresholds
3.96,unknown,pen_down,0.5,0.03464101615137754,0.213122302916,0.49686431435075096,0.034238446010081955,0.20200093741786515,0.5034,0.03464101615137754,0.213122302916,0.0031356856492490426,0.00040257014129558427,0.01112136549813486,0.011561978972160157,0.038390595465898514,0.05323481559753418,0.030289562419056892,-2.3641812801361084,-0.0016953832237049937,2.391652822494507,0.8263784050941467,0.00021825492149218917,0.0043279449455440044,-0.0003816941461991519,0.00479923328384757,-0.001303654513321817,0.0029442226514220238,0.0013125246623530984,0.2541371764390592,3.0607546482513404,0.1408322037653494,0.02,1.0,0.7075891559600831,1.4749062878838874,0.0,2.975444793701172,1.8586055422949472e-32,0.0,0.0,False,True,OK,metrics within configured thresholds
3.98,unknown,pen_down,0.5,0.03464101615137754,0.21274920038400003,0.4970675691721949,0.03424668465843521,0.20200109777119096,0.5034,0.03464101615137754,0.2128115987404377,0.002932430827805088,0.00039433149294233055,0.010748102612809063,0.011147930644817484,0.0383911095559597,0.053451329469680786,0.030280450358986855,-2.3641088008880615,-0.0017253487603738904,2.3926072120666504,0.8264065980911255,0.00027947346097789705,0.004025334492325783,-0.0003342994023114443,0.004157671704888344,-0.0010031554847955704,-0.009954740293323994,0.0012738697696477175,0.2541054261250004,3.0619138513057558,0.1409006398788099,0.02,1.0,0.7076187198638917,1.4284678928079455,1.0,4.751502990722656,1.0414056777954102,-3.7515029907226562,6.23983564376831e-05,True,True,OK,metrics within configured thresholds
4.0,unknown,pen_down,0.5,0.03464101615137754,0.21237490001200002,0.49715252888877903,0.034250024876118966,0.20200082090830446,0.5034,0.03464101615137754,0.2129372983684377,0.002847471111220967,0.00039099127525857313,0.01037407910369556,0.010764872649330282,0.03839261457324028,0.053553685545921326,0.030274510383605957,-2.364056348800659,-0.001735437661409378,2.3929667472839355,0.8264244794845581,0.00032572707277722657,-0.0035203660372644663,-0.00019926451204810292,0.0017383265076205134,-0.00040511772385798395,-0.029634816572070122,0.0008929025498218834,0.25407872629618056,3.063008340485531,0.1409767273639157,0.02,1.0,0.7076911991119386,1.4107239449595965,1.0,4.64393424987793,2.339939737319946,-3.6439342498779297,0.0005623983564376832,True,True,OK,metrics within configured thresholds
4.0200000000000005,unknown,pen_down,0.5,0.03464101615137754,0.21200000000000002,0.4971671441276821,0.03425102269249152,0.20200082125432106,0.5034,0.03464101615137754,0.2130623983564377,0.0028328558723179076,0.00038999345888601766,0.00999917874567896,0.010400035715291453,0.03839659318327904,0.053567029535770416,0.030271010473370552,-2.364055633544922,-0.001738003920763731,2.3930437564849854,0.8264389038085938,0.0002649495436344296,-0.007430091965943575,-0.00011280100443400443,3.1771938665769994e-05,0.00023131680791266263,-0.04498643800616264,0.00046096218284219503,0.2540706493774059,3.0634161592889058,0.14101004336306358,0.02,1.0,0.7077436511993409,1.4070373226867376,1.0,3.821357250213623,3.1463378167152403,-2.821357250213623,0.0010623983564376832,True,True,OK,metrics within configured thresholds
4.04,unknown,pen_down,0.5,0.03464101615137754,0.211625099988,0.4971575092433807,0.03425054845361808,0.20200133039197227,0.5034,0.03464101615137754,0.21318749834443768,0.002842490756619298,0.00039046769775945983,0.009623769596027731,0.010042368244686484,0.03840012475848198,0.05355491489171982,0.030267490074038506,-2.364060878753662,-0.0017361943610012531,2.3930013179779053,0.8264493346214294,0.00032929988810792565,-0.005404159426689148,-0.00027294017490930855,-0.000522210611961782,0.0003675293119158596,-0.028049223124980927,0.00013911002315580845,0.2540680587700417,3.0635054143031764,0.14101519111722377,0.02,1.0,0.7077443664550782,1.4090796471467706,1.0,2.283071517944336,3.382594618439674,-1.283071517944336,0.0015623983564376832,True,True,OK,metrics within configured thresholds
4.0600000000000005,unknown,pen_down,0.5,0.03464101615137754,0.21125079961600002,0.4971303878748743,0.034248967316144324,0.20200103172287381,0.5034,0.03464101615137754,0.2133131979724377,0.002869612125125709,0.00039204883523321493,0.009249767893126204,0.00969260450625035,0.038403306156396866,0.053531814366579056,0.030264373868703842,-2.364060163497925,-0.0017295232973992825,2.392854928970337,0.8264568448066711,0.0002209562953794375,-0.007394605781883001,6.320794636849314e-05,0.00045329585555009544,0.0014832951128482819,-0.05600053071975708,8.639293082524091e-05,0.2540691401674012,3.063456549858193,0.14101147726954721,0.02,1.0,0.707739121246338,1.4160994337460413,1.0,2.177140712738037,2.9977615332663055,-1.177140712738037,0.002062398356437683,True,True,OK,metrics within configured thresholds
4.08,unknown,pen_down,0.5,0.03464101615137754,0.210877697084,0.49708141839843906,0.03424665688888563,0.20200098016077064,0.5034,0.03464101615137754,0.21344009544043768,0.0029185816015609434,0.00039435926249190706,0.00887671692322936,0.009352525922339362,0.038407038897275925,0.05348099768161774,0.030261831358075142,-2.364074945449829,-0.0017206764314323664,2.392620086669922,0.8264634013175964,0.0003854784881696105,-0.009436030872166157,-1.6683949070284143e-05,2.565546856203582e-05,0.0007802412728779018,-0.05875130370259285,0.00030884117586538196,0.25407429163246353,3.063285009196778,0.1410020757041608,0.02,1.0,0.7077398365020753,1.4274926062292692,1.0,1.7421329021453857,2.7105442460814118,-0.7421329021453857,0.002562398356437683,True,True,OK,metrics within configured thresholds
4.1,unknown,pen_down,0.5,0.03464101615137754,0.210506387712,0.49724328390338834,0.03425583435780887,0.202001013483964,0.5034,0.03464101615137754,0.21264071941289295,0.0027567160966116555,0.00038518179356866744,0.008505374228036017,0.008949259154273824,0.038412127643823624,0.05362270772457123,0.030255962163209915,-2.3640785217285156,-0.00175102346111089,2.393491744995117,0.8264966011047363,0.00039677717722952366,0.0029947462026029825,-0.00016693845100235194,0.0036948982160538435,-0.0007527852430939674,-0.009245445020496845,0.0013246620073914528,0.2540810741030365,3.063016003924804,0.14098391659687953,0.02,1.0,0.707725054550171,1.3858650001147037,1.0,5.019966125488281,2.371600275703803,-4.019966125488281,0.002134331700892957,True,True,OK,metrics within configured thresholds
4.12,unknown,pen_down,0.5,0.03464101615137754,0.2101374625,0.49730159486236575,0.03425918410205618,0.20200096642690005,0.5034,0.03464101615137754,0.21277179420089296,0.002698405137634252,0.0003818320493213581,0.008136496073099964,0.008580778190133516,0.038415439426898956,0.05370483547449112,0.030251577496528625,-2.3640193939208984,-0.0017574087250977755,2.393697500228882,0.8265131115913391,0.00035855310852639377,-0.004097843077033758,-0.00022118656488601118,0.002029894618317485,-0.00031434372067451477,-0.04061708599328995,0.0008690754184499383,0.2540510083163054,3.0640320186582226,0.14104048815015888,0.02,1.0,0.7077214782714845,1.3753958237500823,1.0,5.22513484954834,3.2985283231283704,-4.22513484954834,0.002634331700892957,True,True,OK,metrics within configured thresholds
4.14,unknown,pen_down,0.5,0.03464101615137754,0.20977150668800001,0.4973003924159139,0.03425905362077542,0.20200107680164603,0.5034,0.03464101615137754,0.21290583838889296,0.0026996075840861056,0.0003819625306021174,0.007770429886353986,0.00823488658705039,0.038419052958488464,0.0537077821791172,0.030248094350099564,-2.36401104927063,-0.0017568867187947035,2.3936758041381836,0.8265244960784912,0.0002550605859141797,-0.005780106410384178,-9.323297126684338e-05,3.1115487217903137e-06,0.0007792082615196705,-0.025791699066758156,6.944715278223157e-05,0.25404882997224837,3.0642566375553906,0.14106493664032493,0.02,1.0,0.7077806060791016,1.3763246377786817,1.0,4.078731060028076,3.9728406073753595,-3.078731060028076,0.003134331700892957,True,True,OK,metrics within configured thresholds
4.16,unknown,pen_down,0.5,0.03464101615137754,0.20940909831600002,0.4972802502177395,0.03425800586356291,0.20200089671372892,0.5034,0.03464101615137754,0.21304343001689297,0.0027197497822605277,0.00038301028781462937,0.007408201602271097,0.007900961127519238,0.03842221200466156,0.053694769740104675,0.030244816094636917,-2.364001989364624,-0.0017514044884592295,2.393552303314209,0.8265327215194702,8.891129255061969e-05,-0.0062647429294884205,0.00027174808201380074,0.0003168731345795095,0.0025132924783974886,-0.043328654021024704,-0.00027544627664610744,0.25405023635861046,3.0642298455846935,0.14106507515440528,0.02,1.0,0.7077889507293702,1.3821361029353056,1.0,3.0253238677978516,4.00990226580381,-2.0253238677978516,0.003634331700892957,True,True,OK,metrics within configured thresholds
4.18,unknown,pen_down,0.5,0.03464101615137754,0.209050806784,0.49723828495870137,0.03425614251372018,0.20200101114232064,0.5034,0.03464101615137754,0.21318513848489296,0.002761715041298629,0.0003848736376573583,0.007049795641679374,0.00758121469658657,0.03842592239379883,0.0536557175219059,0.03024229407310486,-2.3640048503875732,-0.001742386957630515,2.3933329582214355,0.8265389204025269,0.00040234459447674453,-0.00864038709551096,-8.688793968758546e-06,0.0007190584437921643,0.0009296512580476701,-0.06650855392217636,0.0002553964441176504,0.2540551571995948,3.064084356545573,0.1410585992236248,0.02,1.0,0.7077980106353761,1.3926430750991547,1.0,2.692627191543579,3.665299826501725,-1.692627191543579,0.004134331700892957,True,True,OK,metrics within configured thresholds
4.2,unknown,pen_down,0.5,0.03464101615137754,0.20869719141200002,0.49741053812042896,0.0342659214996538,0.2020008604511159,0.5034,0.03464101615137754,0.21235431935372637,0.0025894618795710422,0.0003750946517237369,0.006696330960884123,0.007189357214744488,0.03843102604150772,0.0538107268512249,0.03023625910282135,-2.364001989364624,-0.0017743026837706566,2.394249439239502,0.8265734314918518,0.0003760450053960085,0.003374793566763401,-0.0001984382834052667,0.0038251227233558893,-0.0009813804645091295,-0.0011099115945398808,0.0014974040677770972,0.2540624278131307,3.0638298311521694,0.14104370371223007,0.02,1.0,0.7077951496124268,1.348829472872198,1.0,6.30560827255249,3.324864404266374,-5.30560827255249,0.003657127941726343,True,True,OK,metrics within configured thresholds
4.22,unknown,pen_down,0.5,0.03464101615137754,0.20834880000000003,0.4974698360075008,0.03426903696512383,0.20200113782528595,0.5034,0.03464101615137754,0.21250592794172637,0.0025301639924992236,0.00037197918625370835,0.0063476621747140805,0.006843457709976841,0.03843387961387634,0.05389462783932686,0.03023168258368969,-2.363939046859741,-0.001780465361662209,2.3944525718688965,0.8265897631645203,0.0003470058727543801,-0.0033894148655235767,-0.00017562610446475446,0.0018371706828474998,7.644289871677756e-05,-0.050061166286468506,0.0006027600611560047,0.2540313949521992,3.0648958696903654,0.1411044366437079,0.02,1.0,0.7077980106353761,1.3383835969957694,1.0,6.078098297119141,4.368124758166514,-5.078098297119141,0.004157127941726343,True,True,OK,metrics within configured thresholds
4.24,unknown,pen_down,0.5,0.03464101615137754,0.208006167388,0.4974679772259068,0.03426901170071102,0.20200103733789979,0.5034,0.03464101615137754,0.21266329532972636,0.002532022774093201,0.00037200445066652016,0.006005130050100227,0.0065277188633135145,0.038436904549598694,0.053900714963674545,0.03022852912545204,-2.3639237880706787,-0.0017767978133633733,2.3944151401519775,0.8266003727912903,0.0006197692709974945,-0.005075509659945965,0.0002867297735065222,1.611205516383052e-05,0.0024891390930861235,-0.018114183098077774,0.0002939828555099666,0.2540295208657057,3.065118299945119,0.14112939551759307,0.02,1.0,0.7078609531402589,1.3400171430879642,1.0,4.966196060180664,4.966615496799934,-3.966196060180664,0.004657127941726343,True,True,OK,metrics within configured thresholds
4.26,unknown,pen_down,0.5,0.03464101615137754,0.20766981401600002,0.49744155551192126,0.03426870229754211,0.2020009267901817,0.5034,0.03464101615137754,0.21282694195772636,0.002558444488078737,0.00037231385383543203,0.00566888722581832,0.0062306129861663204,0.03844168037176132,0.05388245731592178,0.030226262286305428,-2.3639137744903564,-0.0017712705302983522,2.394256114959717,0.8266083598136902,0.00033345140400342643,-0.00708201015368104,0.0003685058036353439,0.0007234286749735475,0.003024234203621745,-0.054847050458192825,0.0001723777095321566,0.2540320112881309,3.0650719886738553,0.14112976746801867,0.02,1.0,0.7078762119293214,1.3475062697569535,1.0,3.9379324913024902,4.96646869398319,-2.9379324913024902,0.005157127941726344,True,True,OK,metrics within configured thresholds
4.28,unknown,pen_down,0.5,0.03464101615137754,0.207340244484,0.4973833933359439,0.03426678768209495,0.2020009961290941,0.5034,0.03464101615137754,0.21299737242572636,0.002616606664056109,0.00037422846928258924,0.005339248354905901,0.005957705126722017,0.03844643011689186,0.05382569134235382,0.030224459245800972,-2.3639237880706787,-0.001760560553520918,2.3939638137817383,0.826613187789917,0.0005294593865983188,-0.010130757465958595,7.529766298830509e-05,9.557867451803759e-05,0.0010312594240531325,-0.06549318879842758,0.00026558584067970514,0.25403820648815467,3.0648850813659223,0.14112114210547436,0.02,1.0,0.7078862255096436,1.3615785599068868,1.0,3.475847005844116,4.606481023044945,-2.475847005844116,0.005657127941726344,True,True,OK,metrics within configured thresholds
4.3,unknown,pen_down,0.5,0.03464101615137754,0.207017946112,0.49754183733889834,0.03427596821075701,0.20200075400371448,0.5034,0.03464101615137754,0.21217507405372635,0.0024581626611016594,0.0003650479406205262,0.005017192108285523,0.005598932069495772,0.0384523831307888,0.05396191403269768,0.030218789353966713,-2.3639345169067383,-0.0017918790690600872,2.3948311805725098,0.8266462087631226,0.00038391872658394277,0.0023802604991942644,-0.0001664284209255129,0.003292199457064271,-0.000890667550265789,-0.0012305304408073425,0.0014156035613268614,0.2540474273799734,3.064545991286475,0.1411000955549611,0.02,1.0,0.7078762119293214,1.320292437335714,1.0,6.963212013244629,4.210759117024655,-5.963212013244629,0.005157127941726344,True,True,OK,metrics within configured thresholds
4.32,unknown,pen_down,0.5,0.03464101615137754,0.20670338750000003,0.4975841894985105,0.03427846002892726,0.2020009272023905,0.5034,0.03464101615137754,0.21236051544172638,0.0024158105014894793,0.00036255612245027907,0.00470246029760954,0.0052991244721771755,0.03845572471618652,0.05402611568570137,0.030214572325348854,-2.3638815879821777,-0.0017955491784960032,2.3949625492095947,0.8266587853431702,0.0003243264218326658,-0.005198717582970858,-0.00017898039368446916,0.0016214896459132433,2.5208864826709032e-05,-0.04212982952594757,0.0005966927856206894,0.2540169762671811,3.0655583722542388,0.1411550950457103,0.02,1.0,0.7078654830932618,1.313404859137584,1.0,6.832858085632324,5.174117630701646,-5.832858085632324,0.005657127941726344,True,True,OK,metrics within configured thresholds
4.34,unknown,pen_down,0.5,0.03464101615137754,0.206397017088,0.49757360955612645,0.034278008450886015,0.20200086872303827,0.5034,0.03464101615137754,0.21255414502972636,0.0024263904438735495,0.0003630077004915244,0.004396148364961744,0.0050344081701321,0.0384586900472641,0.05402476340532303,0.030211227014660835,-2.3638646602630615,-0.0017894023330882192,2.3948752880096436,0.826665997505188,0.0012093866243958473,-0.005058816634118557,-0.0009841558057814837,0.0012120988685637712,-0.003685743547976017,-0.0424746572971344,0.0034470176324248314,0.25401670560888634,3.0656997247984594,0.14117346308519063,0.02,1.0,0.7079184120178224,1.317371201339595,1.0,4.784372329711914,5.754676789927384,-3.784372329711914,0.0061571279417263446,True,True,OK,metrics within configured thresholds
4.36,unknown,pen_down,0.5,0.03464101615137754,0.20609926171600002,0.4975255268256402,0.034275971510426766,0.2020007379720406,0.5034,0.03464101615137754,0.21275638965772636,0.0024744731743597814,0.0003650446409507735,0.004098523743959415,0.00480147601892503,0.03846269100904465,0.053985606878995895,0.03020862117409706,-2.363858699798584,-0.0017806090181693435,2.39460825920105,0.8266701698303223,0.00037284602876752615,-0.009396255947649479,-9.881310688797385e-06,0.0005420417874120176,0.0007653909851796925,-0.05892457440495491,0.00015901803271844983,0.25402097321980227,3.0655957660515036,0.14117080971676582,0.02,1.0,0.7079353397369386,1.3300877606732853,1.0,4.491110801696777,5.415070228851969,-3.4911108016967773,0.006657127941726345,True,True,OK,metrics within configured thresholds
4.38,unknown,pen_down,0.5,0.03464101615137754,0.20581052518400003,0.4975784543526302,0.03427960338330744,0.2020009827636923,0.5034,0.03464101615137754,0.21236676115052322,0.002421545647369794,0.00036141276807009903,0.003809542420307732,0.004528478327578015,0.038468312472105026,0.05402059480547905,0.030204765498638153,-2.363882064819336,-0.0017930710455402732,2.3949332237243652,0.826688826084137,0.00037367461482062936,-0.003990246914327145,-0.00018252777226734906,0.00071738101541996,-0.00034838783903978765,-0.032351113855838776,0.0008336237515322864,0.2540306036787492,3.0652831164136702,0.14115438947669298,0.02,1.0,0.7079413002014161,1.3147948396451903,1.0,6.221068382263184,5.091684429347652,-5.221068382263184,0.006556235966523195,True,True,OK,metrics within configured thresholds
4.4,unknown,pen_down,0.5,0.03464101615137754,0.205531186812,0.4975639746975304,0.0342789517687117,0.2020011313577233,0.5034,0.03464101615137754,0.2125874227785232,0.0024360253024696132,0.00036206438266583874,0.0035300554542767038,0.00430425387282582,0.03847179561853409,0.054016176611185074,0.030201246961951256,-2.3638646602630615,-0.0017883973196148872,2.3948237895965576,0.8266950249671936,0.00028889760142192245,-0.004628647118806839,-8.945279842009768e-05,0.0002967764448840171,0.0011713089188560843,-0.054461218416690826,-0.00023172880173660815,0.2540176766995861,3.0656656803297455,0.14117143352715777,0.02,1.0,0.7079179351806641,1.3198132990441247,1.0,4.598784446716309,5.4869688128680885,-3.5987844467163086,0.007056235966523196,True,True,OK,metrics within configured thresholds
4.42,unknown,pen_down,0.5,0.03464101615137754,0.20526160000000002,0.4976952821144666,0.034285059164214766,0.2020007986984773,0.5034,0.03464101615137754,0.21200510726125726,0.0023047178855333805,0.0003559569871627727,0.0032608013015227033,0.004008896985034613,0.038475070148706436,0.05413973703980446,0.030194751918315887,-2.3638534545898438,-0.0018116188002750278,2.3955068588256836,0.8267210125923157,0.00030725865508429706,0.0005790996947325766,-0.00021754257613793015,0.0028071939013898373,-0.0006593582802452147,-0.01249269675463438,0.0011168108321726322,0.25402288307091214,3.0655339337167127,0.14116753633086682,0.02,1.0,0.7079353397369386,1.2871178436237736,1.0,8.200119972229004,5.176104284714965,-7.200119972229004,0.006743507261257246,True,True,OK,metrics within configured thresholds
4.44,unknown,pen_down,0.5,0.03464101615137754,0.20500209078800002,0.49770319339318553,0.03428516819320181,0.20200081319207383,0.5034,0.03464101615137754,0.21224559804925727,0.002296806606814472,0.0003558479581757257,0.003001277595926194,0.003795999942867881,0.03847772628068924,0.05416388064622879,0.030190760269761086,-2.363818883895874,-0.0018103664042428136,2.395486831665039,0.8267309069633484,0.0003085302305407822,-0.006935289595276117,-0.00011036259093089029,0.00010632342309691012,0.0006354337674565613,-0.02495539002120495,0.0002147441846318543,0.25400049725487694,3.066326094226844,0.14121443666164268,0.02,1.0,0.7079465454101563,1.2876635572625115,1.0,7.306667804718018,6.234509775344879,-6.306667804718018,0.0072435072612572465,True,True,OK,metrics within configured thresholds
4.46,unknown,pen_down,0.5,0.03464101615137754,0.204752956416,0.4976621763176866,0.03428316708670549,0.20200092595992483,0.5034,0.03464101615137754,0.21249646367725725,0.002337823682313389,0.00035784906467204586,0.0027520304560751663,0.0036286563840955345,0.03848108649253845,0.05412992835044861,0.03018794395029545,-2.363813638687134,-0.0018009423511102796,2.3952577114105225,0.8267356157302856,0.0003069477970711887,-0.007913474924862385,2.515611777198501e-05,0.0011120648123323917,0.0011098976247012615,-0.0664452314376831,2.8920694603584707e-05,0.2540038762963534,3.0662959220530577,0.14121945029567717,0.02,1.0,0.7079811161041261,1.2985505620005267,1.0,4.987706184387207,6.609765085625478,-3.987706184387207,0.007743507261257247,True,True,OK,metrics within configured thresholds
4.48,unknown,pen_down,0.5,0.03464101615137754,0.20451446388400002,0.49760091551365204,0.034280312700154095,0.20200082914913098,0.5034,0.03464101615137754,0.21266808565879108,0.0023990844863479577,0.00036070345122344444,0.0025136347348690413,0.0034934328292812646,0.03848503530025482,0.054069068282842636,0.030185680836439133,-2.363825798034668,-0.001789762289263308,2.394951581954956,0.8267391324043274,0.00038010565913282335,-0.010541412979364395,3.097897206316702e-06,0.001071338658221066,0.0009254268370568752,-0.07216665893793106,9.395326196681708e-05,0.2540121844044104,3.0660280200933387,0.14120546560762698,0.02,1.0,0.7079863613128663,1.313300444471285,1.0,4.764987945556641,6.042044470192083,-3.7649879455566406,0.008153621774791061,True,True,OK,metrics within configured thresholds
4.5,unknown,pen_down,0.5,0.03464101615137754,0.20428684851200002,0.4977318496134551,0.034287175680583246,0.20200075284986596,0.5034,0.03464101615137754,0.21194047028679108,0.002268150386544876,0.00035384047079429354,0.002286095662134058,0.00323974422311141,0.03848958760499954,0.05417906865477562,0.030179673805832863,-2.3638393878936768,-0.001816252013668418,2.395677089691162,0.8267679214477539,0.0003499769081827253,0.0005993769154883921,-0.00023049250012263656,0.002893569879233837,-0.000854394631460309,-0.010538885369896889,0.0012877949047833681,0.25402160001118457,3.0656750295423683,0.14118308563429202,0.02,1.0,0.7079742019653321,1.2788141806320623,1.0,7.857659816741943,5.595074686569679,-6.857659816741943,0.0076536217747910605,True,True,OK,metrics within configured thresholds
4.5200000000000005,unknown,pen_down,0.5,0.03464101615137754,0.20407031250000002,0.49773738670045964,0.03428736130801724,0.2020011373021469,0.5034,0.03464101615137754,0.21222393427479108,0.0022626132995403614,0.0003536548433603001,0.002069175197853129,0.0030864181004685116,0.038491953164339066,0.054205384105443954,0.030176086351275444,-2.3637962341308594,-0.0018116288119927049,2.3956284523010254,0.826776385307312,0.0006433037924580276,-0.004034893587231636,0.000222794187720865,0.0004397244774736464,0.0022782892920076847,-0.026018790900707245,0.0002727919491007924,0.2539957591442583,3.066522093283147,0.1412281800267682,0.02,1.0,0.7079606121063233,1.2806240593051381,1.0,6.636322498321533,6.386979482129972,-5.636322498321533,0.008153621774791061,True,True,OK,metrics within configured thresholds
4.54,unknown,pen_down,0.5,0.03464101615137754,0.203865023488,0.4976847612193698,0.03428600979393658,0.20200082750119774,0.5034,0.03464101615137754,0.21251864526279107,0.0023152387806302244,0.00035500635744095677,0.001864195986802264,0.002993590954417001,0.038497116416692734,0.05416630953550339,0.03017452172935009,-2.363781452178955,-0.0018004783196374774,2.3953211307525635,0.8267800807952881,0.0005064908182248473,-0.00980477873235941,0.00016355632396880537,0.0009268365683965385,0.001296629081480205,-0.06525728851556778,5.0610167818376794e-05,0.2540009985409883,3.0664547254622905,0.1412330585086234,0.02,1.0,0.7080037658691407,1.2951595634056585,1.0,5.441426753997803,6.474249537797018,-4.441426753997803,0.008653621774791061,True,True,OK,metrics within configured thresholds
4.5600000000000005,unknown,pen_down,0.5,0.03464101615137754,0.203671113116,0.49774735329052117,0.03429076602515142,0.20200078291630405,0.5034,0.03464101615137754,0.21207479398759363,0.002252646709478834,0.00035025012622611623,0.0016703301996959519,0.002826144958183063,0.03850352764129639,0.05421064421534538,0.030170749872922897,-2.3638055324554443,-0.001815843628719449,2.395700454711914,0.826800525188446,0.0003683895047288388,-0.0034041088074445724,-0.00016382921603508294,0.0009227864211425185,-0.00033836596412584186,-0.030219299718737602,0.000827629177365452,0.2540125691027675,3.066095283376177,0.14121554235451073,0.02,1.0,0.708018547821045,1.2773381307744547,1.0,7.350515365600586,6.112761563467293,-6.350515365600586,0.008403680871593624,True,True,OK,metrics within configured thresholds
4.58,unknown,pen_down,0.5,0.03464101615137754,0.20348867558400002,0.49771571394590414,0.03428917908125865,0.20200051221257384,0.5034,0.03464101615137754,0.21239235645559365,0.002284286054095863,0.00035183707011889054,0.0014881633714261822,0.002748887469668636,0.03850674256682396,0.05419493839144707,0.030167456716299057,-2.363780975341797,-0.0018070812802761793,2.395487070083618,0.82680344581604,0.0003287363797426224,-0.00756024569272995,-5.787341797258705e-05,0.001401214045472443,0.0008140832069329917,-0.050407856702804565,0.00023752302513457835,0.2539977596135215,3.0665407184548683,0.14123599659597855,0.02,1.0,0.7079944675445558,1.2872600025406358,1.0,5.797882080078125,6.545975394213945,-4.797882080078125,0.008903680871593624,True,True,OK,metrics within configured thresholds
4.6000000000000005,unknown,pen_down,0.5,0.03464101615137754,0.203317766212,0.49777202513098684,0.03429286777722887,0.2020008659110669,0.5034,0.03464101615137754,0.21205432966669166,0.0022279748690131607,0.0003481483741486699,0.0013169003009331215,0.0026113800393612416,0.03851195424795151,0.05423944443464279,0.030163349583745003,-2.3637917041778564,-0.0018184640211984515,2.3958072662353516,0.826820433139801,0.00038103683618828654,-0.0037087812088429928,-0.00022099431953392923,0.0007918287301436067,-0.0003958097368013114,-0.03555666655302048,0.0008087929454632103,0.2540068926571372,3.0662889740303654,0.1412264656533031,0.02,1.0,0.7080190246582032,1.2720670013430482,1.0,7.492818355560303,6.284142734266409,-6.492818355560303,0.008736563454691659,True,True,OK,metrics within configured thresholds
4.62,unknown,pen_down,0.5,0.03464101615137754,0.20315840000000002,0.4977313653372795,0.03429067649471895,0.202000869324005,0.5034,0.03464101615137754,0.21239496345469167,0.002268634662720481,0.00035033965665858674,0.0011575306759950277,0.0025708594620854003,0.038515131920576096,0.05421307310461998,0.030160170048475266,-2.363771438598633,-0.00180816778447479,2.3955535888671875,0.8268221020698547,0.0002793082967400551,-0.008402436040341854,-2.28266762860585e-05,0.0012469424400478601,0.0008663359330967069,-0.05885276943445206,-6.924106128280982e-05,0.2539952939683127,3.0666619280222256,0.14124568042077912,0.02,1.0,0.7080082958221436,1.283944627018044,1.0,5.815189361572266,6.707179201719271,-4.815189361572266,0.009236563454691659,True,True,OK,metrics within configured thresholds
4.64,unknown,pen_down,0.5,0.03464101615137754,0.20301055018800002,0.4977965246810152,0.03429496768633002,0.20200075275650609,0.5034,0.03464101615137754,0.2119910888115095,0.0022034753189847933,0.00034604846504751596,0.0010097974314939306,0.0024484166055205184,0.03852041810750961,0.05426402390003204,0.030155818909406662,-2.363786220550537,-0.0018217313336208463,2.3959290981292725,0.8268400430679321,0.0003477227292023599,-0.0034658564254641533,-0.00022405822528526187,0.0011449516750872135,-0.0005176248960196972,-0.02738628350198269,0.0008375450852327049,0.2540055209713977,3.066362875552203,0.1412326984508876,0.02,1.0,0.7080285614013673,1.2661836312282646,1.0,7.8246259689331055,6.394982757667819,-6.8246259689331055,0.008980538623509485,True,True,OK,metrics within configured thresholds
4.66,unknown,pen_down,0.5,0.03464101615137754,0.20287414681600002,0.49775686011917364,0.03429273301367648,0.2020007938766291,0.5034,0.03464101615137754,0.2123546854395095,0.0022431398808263614,0.00034828313770105673,0.0008733529393709361,0.0024322259405056205,0.03852350637316704,0.0542411170899868,0.0301525741815567,-2.3637609481811523,-0.0018111472018063068,2.3956711292266846,0.8268406987190247,0.00029978586826473475,-0.008464273996651173,-5.852711183251813e-05,0.0015345801366493106,0.0009142697090283036,-0.058765534311532974,0.00014855166955385357,0.2539914805930871,3.066803094650818,0.1412545699231729,0.02,1.0,0.708013779449463,1.278214012218848,1.0,5.921413421630859,6.8953578816106695,-4.921413421630859,0.009480538623509486,True,True,OK,metrics within configured thresholds
4.68,unknown,pen_down,0.5,0.03464101615137754,0.202749075284,0.49779677317621857,0.03429536802403492,0.20200078678451308,0.5034,0.03464101615137754,0.21204900459834994,0.0022032268237814345,0.00034564812734261957,0.0007482884994869099,0.0023523640754419496,0.03852854669094086,0.05426787957549095,0.03014848381280899,-2.363779067993164,-0.0018205505330115557,2.395918607711792,0.8268564939498901,0.0003682775713969022,-0.004971490707248449,-0.00025357279810123146,0.0006147054955363274,-0.0005163472378626466,-0.035072628408670425,0.0008057333761826158,0.2540023066744017,3.066497997160647,0.14124233118424145,0.02,1.0,0.7080390518188477,1.2666097954815887,1.0,7.5679402351379395,6.554477320617735,-6.5679402351379395,0.009299929314349958,True,True,OK,metrics within configured thresholds
4.7,unknown,pen_down,0.5,0.03464101615137754,0.20263517491200003,0.4977364565048802,0.03429185420809964,0.20200068129354276,0.5034,0.03464101615137754,0.21243510422634998,0.002263543495119813,0.00034916194327790084,0.0006344936184572714,0.0023765785004488745,0.03853166103363037,0.05422108992934227,0.030145497992634773,-2.3637654781341553,-0.0018072850070893764,2.3955705165863037,0.8268556594848633,0.0002531353384256363,-0.010540775954723358,-1.4884495612932369e-05,0.0014766778331249952,0.0010584236588329077,-0.07032666355371475,-0.0002549012715462595,0.2539924888308261,3.0667886882687503,0.14125522225068296,0.02,1.0,0.708020932006836,1.2830942121072804,1.0,5.698984622955322,6.909189340699807,-4.698984622955322,0.009799929314349958,True,True,OK,metrics within configured thresholds
4.72,unknown,pen_down,0.5,0.03464101615137754,0.2025322375,0.4978388040634773,0.03429699135323503,0.20200078257526624,0.5034,0.03464101615137754,0.21183216681434994,0.0021611959365226974,0.00034402479814250875,0.0005314549247337486,0.002252013604488873,0.0385359451174736,0.054304517805576324,0.030139651149511337,-2.3637819290161133,-0.001828154781833291,2.396148443222046,0.8268789649009705,0.0003258688375353813,-0.000866820802912116,-0.00021540904708672315,0.001902021118439734,-0.0005799697828479111,-0.017517734318971634,0.0009759320528246462,0.25400547839371124,3.066381196419371,0.14123501138597924,0.02,1.0,0.7080345218658448,1.2556878054545642,1.0,8.190876960754395,6.485617689489237,-7.1908769607543945,0.009299929314349958,True,True,OK,metrics within configured thresholds
4.74,unknown,pen_down,0.5,0.03464101615137754,0.202440005888,0.49781270094916424,0.03429597965976344,0.20200053580817923,0.5034,0.03464101615137754,0.21223993520234996,0.002187299050835756,0.0003450364916140966,0.00043947007982078623,0.002257534334044568,0.03853901848196983,0.054303426295518875,0.03013666719198227,-2.3637373447418213,-0.0018172971904277802,2.395928144454956,0.8268799781799316,0.00027801236137747765,-0.007235311437398195,0.000105648985481821,0.0022292204666882753,0.0015567815862596035,-0.05270114541053772,-0.00023394809977617115,0.2539845596325581,3.0670548013530365,0.1412698844663858,0.02,1.0,0.7080180709838868,1.265705868424492,1.0,6.433515548706055,7.082458434432041,-5.433515548706055,0.009799929314349958,True,True,OK,metrics within configured thresholds
4.76,unknown,pen_down,0.5,0.03464101615137754,0.202358172516,0.4977912760955988,0.034295086295382,0.20200055397143002,0.5034,0.03464101615137754,0.21227270664328862,0.0022087239044011886,0.0003459298559955401,0.00035761854456997644,0.0022640715038537707,0.0385432243347168,0.05428444966673851,0.030133269727230072,-2.3637378215789795,-0.0018139644525945187,2.3958146572113037,0.8268862962722778,2.5115805328823626e-06,-0.006028678733855486,0.00033593870466575027,0.0006911720847710967,0.0025257193483412266,-0.0340740792453289,-0.0011102017015218735,0.25399553006179293,3.0667906819990267,0.14126360768753835,0.02,1.0,0.7080626552581788,1.2711500022735456,1.0,5.894443511962891,6.855328424427946,-4.894443511962891,0.009914534127288616,True,True,OK,metrics within configured thresholds
4.78,unknown,pen_down,0.5,0.03464101615137754,0.20228637798400004,0.4979020855632641,0.034300179085203025,0.20200085333658754,0.5034,0.03464101615137754,0.21173508066317995,0.0020979144367359037,0.00034083706617451387,0.00028552464741249395,0.0021445137476415028,0.038546666502952576,0.05438345670700073,0.03012697771191597,-2.3637359142303467,-0.0018347814911976457,2.3964033126831055,0.8269094824790955,0.0003295214264653623,-0.0006892188685014844,-0.00022662828268948942,0.00204209191724658,-0.00045533612137660384,-0.025212835520505905,0.0009011792135424912,0.25399940649659236,3.0666581555878607,0.1412560901843593,0.02,1.0,0.7080621784210206,1.2429658465763271,1.0,8.912149429321289,6.519018705065177,-7.912149429321289,0.009448702679179919,True,True,OK,metrics within configured thresholds
4.8,unknown,pen_down,0.5,0.03464101615137754,0.202224209612,0.4978699707031349,0.03429900199409352,0.20200074933776796,0.5034,0.03464101615137754,0.2121729122911799,0.0021300292968651213,0.00034201415728402074,0.00022346027423203463,0.002168855224178478,0.038549844175577164,0.05437464639544487,0.03012416511774063,-2.363696336746216,-0.0018234334420412779,2.396160125732422,0.8269107937812805,0.00029430989525280893,-0.007801857311278582,-2.5451265173614956e-05,0.0020454623736441135,0.0010497040348127484,-0.06275756657123566,7.282639853656292e-05,0.2539795033893743,3.0673426687364485,0.14129511779934348,0.02,1.0,0.7080640857696534,1.2541377613623177,1.0,6.6980695724487305,7.356614458554816,-5.6980695724487305,0.00994870267917992,True,True,OK,metrics within configured thresholds
4.82,unknown,pen_down,0.5,0.03464101615137754,0.2021712,0.4977421511234517,0.03429201564688625,0.2020007155446774,0.5034,0.03464101615137754,0.2126179394116575,0.002257848876548285,0.0003490005044912911,0.00017048445532258372,0.0022910145898645358,0.03855326399207115,0.05425103381276131,0.03012247569859028,-2.363715410232544,-0.0018017414258792996,2.3955109119415283,0.8269044160842896,0.00030702605727128685,-0.01645064353942871,-2.6461715606274083e-05,-0.0012947861105203629,0.001149609568528831,-0.09206335991621017,-0.0003285962447989732,0.25399087972932544,3.0670527112032087,0.14128646526773764,0.02,1.0,0.7081036632537843,1.2853575221973739,1.0,5.046112060546875,7.126123748417686,-4.046112060546875,0.010446739411657491,True,True,OK,metrics within configured thresholds
4.84,unknown,pen_down,0.5,0.03464101615137754,0.20212682558800002,0.4977794205371049,0.03429440022707114,0.2020007491829348,0.5034,0.03464101615137754,0.21207356499965752,0.0022205794628951114,0.0003466159243063968,0.00012607640506520634,0.0022510022234392586,0.03855900838971138,0.05424933508038521,0.030118325725197792,-2.3637852668762207,-0.0018154919380322099,2.395836353302002,0.8269223570823669,0.00036527676274999976,-0.004829046316444874,-0.0002029753668466583,-0.000157406713697128,-0.00047954899491742253,-0.029563022777438164,0.0008291289559565485,0.25401155167381406,3.0663007463235834,0.1412403159002883,0.02,1.0,0.7080845897674561,1.2706107888343439,1.0,7.004563808441162,6.398119657662902,-6.004563808441162,0.00994673941165749,True,True,OK,metrics within configured thresholds
4.86,unknown,pen_down,0.5,0.03464101615137754,0.20209050521600003,0.4978562824057968,0.034297973874794094,0.2020005880826654,0.5034,0.03464101615137754,0.21184068113406063,0.002143717594203176,0.0003430422765834454,8.991713333461604e-05,0.002172852553232023,0.03856256231665611,0.05432387813925743,0.030112864449620247,-2.3637752532958984,-0.0018292074091732502,2.396230697631836,0.8269398808479309,0.000317913421895355,-0.002706593368202448,-0.0001623093558009714,0.0017865755362436175,-0.00017943762941285968,-0.02412751503288746,0.00076364038977772,0.2539949627982156,3.066693288536606,0.1412488573407,0.02,1.0,0.7080147331237794,1.2517192554144272,1.0,8.656476020812988,6.610375110435293,-7.656476020812988,0.00975017591806059,True,True,OK,metrics within configured thresholds
4.88,unknown,pen_down,0.5,0.03464101615137754,0.20206159868400003,0.4978032440458379,0.03429546952004153,0.20200053885035837,0.5034,0.03464101615137754,0.21231177460206063,0.0021967559541620774,0.00034554663133600644,6.10598336416579e-05,0.0022246050210899346,0.03856569901108742,0.05429403483867645,0.030110156163573265,-2.363739013671875,-0.0018148961244150996,2.395880699157715,0.8269383311271667,0.0003422520821914077,-0.009782163426280022,-1.5160114344325848e-05,0.001896999659948051,0.0009676956105977297,-0.06727255135774612,-5.8337547670817e-05,0.25398237761641795,3.067148448089358,0.14127657015566703,0.02,1.0,0.7080247467041016,1.2679826165495174,1.0,6.149794578552246,7.326510429067486,-5.149794578552246,0.01025017591806059,True,True,OK,metrics within configured thresholds
4.9,unknown,pen_down,0.5,0.03464101615137754,0.202039405312,0.49776908031217404,0.034293729594479946,0.20200061888339327,0.5034,0.03464101615137754,0.21233169657866155,0.0022309196878259607,0.00034728655689759275,3.878642860671855e-05,0.002258122005821504,0.03856996074318886,0.05425621569156647,0.0301070474088192,-2.363753080368042,-0.0018097246065735817,2.3957228660583496,0.8269427418708801,0.00022453191922977567,-0.006942726206034422,0.00016128324205055833,1.6938050976023078e-05,0.0017888393485918641,-0.042334139347076416,-0.00011679719318635762,0.25399712677641806,3.0667354197377796,0.14126028616350242,0.02,1.0,0.7080609863281251,1.2756703457155694,1.0,5.49310827255249,6.914659881387152,-4.49310827255249,0.01029229126666156,True,True,OK,metrics within configured thresholds
4.92,unknown,pen_down,0.5,0.03464101615137754,0.20202316249999996,0.49786663932933606,0.03429943868659152,0.20200086225849884,0.5034,0.03464101615137754,0.21181545376666153,0.002133360670663942,0.00034157746478601786,2.2300241501127527e-05,0.0021606481010003355,0.0385749377310276,0.05434074252843857,0.030101893469691277,-2.3637588024139404,-0.001828556414693594,2.3962559700012207,0.8269643783569336,0.00035187453613616526,-0.0013948504347354174,-0.00021083028696011752,0.001878114533610642,-0.0004280857101548463,-0.025611447170376778,0.0009022511076182127,0.2540013999085151,3.0665548873354282,0.14124735361400811,0.02,1.0,0.7080469196319581,1.2502834136811254,1.0,8.632431983947754,6.417116818295021,-7.632431983947754,0.009792291266661559,True,True,OK,metrics within configured thresholds
4.94,unknown,pen_down,0.5,0.03464101615137754,0.20201204428800001,0.49781461139964783,0.03429704456692514,0.20200071425697277,0.5034,0.03464101615137754,0.21230433555466158,0.002185388600352167,0.0003439715844524016,1.1330031027240173e-05,0.0022123218922803656,0.03857814520597458,0.05431339144706726,0.030099159106612206,-2.363720655441284,-0.0018144063651561737,2.3959085941314697,0.8269625902175903,0.00032408052356913686,-0.010183574631810188,-4.555210398393683e-05,0.00215439242310822,0.0008761173812672496,-0.07115431874990463,-7.010747503954917e-05,0.253982832684811,3.0671748306952464,0.14128132438217764,0.02,1.0,0.7080411975860597,1.2664479669756,1.0,6.3646321296691895,7.192477126273477,-5.3646321296691895,0.01029229126666156,True,True,OK,metrics within configured thresholds
4.96,unknown,pen_down,0.5,0.03464101615137754,0.20200515991600002,0.49775888388707684,0.03429414031812542,0.20200077503808342,0.5034,0.03464101615137754,0.21240214470402802,0.0022411161129231583,0.00034687583325211657,4.384877916596697e-06,0.0022678058784764846,0.03858224302530289,0.054252780973911285,0.030096272006630898,-2.363741636276245,-0.0018059186404570937,2.39564847946167,0.8269644975662231,0.0003472246171440929,-0.009670896455645561,-4.833414641325362e-05,0.0005156057886779308,0.0007328410283662379,-0.05938645824790001,0.00015555493882857263,0.25399770303002345,3.066763334385838,0.14126554306665234,0.02,1.0,0.7080793445587159,1.2790893367869374,1.0,5.406450271606445,6.9027313774619765,-4.406450271606445,0.010396984788028009,True,True,OK,metrics within configured thresholds
4.98,unknown,pen_down,0.5,0.03464101615137754,0.20200155238400003,0.4978373387648074,0.03429857218423575,0.2020010048207961,0.5034,0.03464101615137754,0.21189853717202803,0.002162661235192598,0.0003424439671417881,5.475632039175782e-07,0.002189605395650559,0.03858732059597969,0.05431146174669266,0.0300912968814373,-2.3637642860412598,-0.0018230400746688247,2.396108627319336,0.8269839286804199,0.00034009155933745205,-0.0024454141966998577,-0.0001909128186525777,0.00103941117413342,-0.00031750992638990283,-0.026442300528287888,0.0008123758598230779,0.25400492230139643,3.066464376741743,0.1412445763397156,0.02,1.0,0.708058363723755,1.2573645324652896,1.0,8.043052673339844,6.37903299041254,-7.043052673339844,0.009896984788028008,True,True,OK,metrics within configured thresholds
5.0,unknown,pen_down,0.5,0.03464101615137754,0.202000197012,0.4977717730968813,0.03429506317572564,0.20200059479089014,0.5034,0.03464101615137754,0.212397181800028,0.0022282269031186908,0.00034595297565189614,-3.9777889013214995e-07,0.0022549232251614154,0.038590285927057266,0.054266635328531265,0.030088404193520546,-2.3637378215789795,-0.0018079528817906976,2.3957102298736572,0.826980471611023,0.0002841662790160626,-0.011281060054898262,-0.00011213917605346069,0.0015534188132733107,0.0007010338595137,-0.07467730343341827,-0.0001070469879778102,0.25398746667951555,3.0670047163375034,0.1412707173032667,0.02,1.0,0.7080357139587403,1.276111788151197,1.0,6.037808418273926,6.961439879437096,-5.037808418273926,0.010396984788028009,True,True,OK,metrics within configured thresholds
5.0200000000000005,unknown,pen_down,0.5,0.03464101615137754,0.202,0.497792846142093,0.034296278758365904,0.20200092399252853,0.5034225129076124,0.03464239996328015,0.21211899151604519,0.002207153857906985,0.00034473739301163486,-9.239925285176032e-07,0.0022339142500052097,0.0385952889919281,0.054278869181871414,0.030084336176514626,-2.3637497425079346,-0.001815623720176518,2.3958442211151123,0.8269931077957153,0.00034943706123158336,-0.004647230263799429,-0.00018394397920928895,0.0013524536043405533,-1.4452734831138514e-05,-0.04612171649932861,0.0004588823940139264,0.2540031098725462,3.066536542780119,0.14124939125429523,0.02,1.0,0.7080621784210206,1.2698165480580257,1.0,6.934586048126221,6.638168868029986,-5.934586048126221,0.010118991516045181,True,True,OK,metrics within configured thresholds
5.04,stroke_001,draw_line,0.5,0.03464101615137754,0.202,0.4977783331344425,0.03429562262267096,0.20200141686624146,0.5034448514714136,0.03464377337760458,0.21231480393976315,0.0022216668655575256,0.0003453935287065779,-1.4168662414437705e-06,0.002248355478721843,0.03859888017177582,0.05429142713546753,0.03008064068853855,-2.363697052001953,-0.0018107924843207002,2.3956711292266846,0.826996386051178,0.0005822922103106976,-0.0020386434625834227,-0.0004087413544766605,0.0011414026375859976,0.00051006895955652,-0.04438300058245659,0.00048655003774911165,0.25399769737024985,3.066693508029102,0.1412560634330713,0.02,1.0,0.7080502574920655,1.2774387163060685,1.0,5.3947224617004395,6.741914881063668,-4.3947224617004395,0.01031480393976315,True,True,OK,metrics within configured thresholds
5.0600000000000005,stroke_001,draw_line,0.4999999738378223,0.0346409708371565,0.202,0.4979002972118387,0.034301041716288026,0.20200088671089916,0.5034671324661638,0.034645098427336575,0.21181480393976315,0.002099676625983593,0.0003399291208684707,-8.867108991506001e-07,0.0021270154036048907,0.03860178962349892,0.05443502590060234,0.03007372096180916,-2.3636295795440674,-0.0018319336231797934,2.396202325820923,0.8270174264907837,0.0003135762526653707,0.0015641315840184689,-0.00027774146292358637,0.0053730071522295475,-0.0005832556635141373,-0.027675289660692215,0.000915860349778086,0.2540078152306481,3.0664811935081797,0.14125445504435552,0.02,1.0,0.708102947998047,1.251349248710509,1.0,9.106895446777344,6.270397534286538,-8.106895446777344,0.00981480393976315,True,True,OK,metrics within configured thresholds
5.08,stroke_001,draw_line,0.49999979209975065,0.03464065605758276,0.202,0.4978667607381445,0.034299631029926315,0.2020005233857353,0.5034886800731304,0.03464612559476729,0.21231480393976315,0.0021330313616061414,0.0003410250276564414,-5.233857352793247e-07,0.00216012062927422,0.0386047437787056,0.0544586218893528,0.030070792883634567,-2.3635241985321045,-0.0018187116365879774,2.395833969116211,0.827016294002533,0.000301484513329342,-0.006629684939980507,-4.847480158787221e-05,0.005060375668108463,0.0009007949265651405,-0.0619574636220932,-3.0083756428211927e-06,0.25399502110414046,3.0670853639659117,0.14130171052724694,0.02,1.0,0.7081704204559327,1.267789166193155,1.0,6.266037940979004,7.26317180365832,-5.266037940979004,0.01031480393976315,True,True,OK,metrics within configured thresholds
5.1000000000000005,stroke_001,draw_line,0.49999930303525925,0.034639808973035494,0.202,0.49776328183193147,0.03429383806673548,0.2020007329943906,0.503509965625934,0.03464661734384373,0.21269532825577617,0.002236021203327776,0.0003459709063000152,-7.329943906009273e-07,0.0022626283890683917,0.038608118891716,0.05438825115561485,0.03006833605468273,-2.363478183746338,-0.0018004706362262368,2.3951964378356934,0.8270100951194763,0.00031994053279049695,-0.012775964103639126,-6.190701969899237e-05,0.0022904628422111273,0.0009606396197341383,-0.0873606950044632,-0.0002797498309519142,0.25401593715863485,3.066634973644278,0.14129689262832734,0.02,1.0,0.7082758014678956,1.297649400303191,1.0,4.588364601135254,6.914174951720559,-3.588364601135254,0.010695328255776144,True,True,OK,metrics within configured thresholds
5.12,stroke_001,draw_line,0.49999835903289863,0.03463817391298444,0.202,0.4978143543027267,0.034297072307882724,0.20200084137727872,0.5035311192820145,0.03464633239369444,0.21219532825577617,0.00218400473017194,0.00034110160510171517,-8.413772787096985e-07,0.0022104813218690855,0.03861377388238907,0.05443711578845978,0.030063629150390625,-2.363471746444702,-0.0018143325578421354,2.395458221435547,0.8270260691642761,0.00040754766087047756,-0.002298475708812475,-0.0002976219402626157,0.0033378705848008394,-0.0007454259903170168,-0.03536137193441391,0.0008420543163083494,0.25404129132487674,3.065884951517278,0.14126351342946664,0.02,1.0,0.7083218162536622,1.2850714796627976,1.0,6.608776569366455,6.1001413290157025,-5.608776569366455,0.010195328255776143,True,True,OK,metrics within configured thresholds
5.14,stroke_001,draw_line,0.49999681658283796,0.03463550231111124,0.202,0.4979475793277374,0.034302071429327896,0.20200073023323853,0.5035513756400779,0.03464498187791131,0.2118139594578481,0.0020492372551005333,0.0003334308817833434,-7.302332385161758e-07,0.0020761864111537216,0.03861565887928009,0.05460037291049957,0.03005535528063774,-2.3633832931518555,-0.0018365817377343774,2.3960113525390625,0.827044665813446,0.0002565012837294489,0.002241911366581917,-0.0003158354666084051,0.0063416906632483006,-0.000653155439067632,-0.020182177424430847,0.0007474341546185315,0.2540329246833694,3.066187098588056,0.1412819104177228,0.02,1.0,0.7083282535552979,1.257660112326566,1.0,8.751102447509766,6.278163663138466,-7.751102447509766,0.009813959457848085,True,True,OK,metrics within configured thresholds
5.16,stroke_001,draw_line,0.4999945362394074,0.034631552640430774,0.202,0.4979225886842572,0.03430194200706107,0.2020009295624839,0.503570264888065,0.034642312213808056,0.2123139594578481,0.002071947555150222,0.0003296106333697049,-9.295624838756567e-07,0.002098001597952149,0.038619909435510635,0.05463441461324692,0.030052460730075836,-2.3632700443267822,-0.0018232532311230898,2.3956732749938965,0.8270379900932312,0.0004588573647197336,-0.005701902788132429,0.00024794970522634685,0.004823070950806141,0.002569342963397503,-0.061327867209911346,-0.00019995082402601838,0.25402099244411896,3.0668131884265857,0.14133445219338725,0.02,1.0,0.7084167068481446,1.2724889655877667,1.0,6.224005222320557,7.143692237668421,-5.224005222320557,0.010313959457848085,True,True,OK,metrics within configured thresholds
5.18,stroke_001,draw_line,0.4999913825836403,0.03462609034841256,0.202,0.4978240201745833,0.0342972840451551,0.20200089261629048,0.5035882834933008,0.03463810347686174,0.21271317509472515,0.002167362409056961,0.00032880630325746174,-8.926162904654422e-07,0.002192161990825239,0.03862528130412102,0.05457164719700813,0.030049653723835945,-2.363219738006592,-0.0018051516963168979,2.3950555324554443,0.8270224928855896,0.0003702857648022473,-0.012476599775254726,-9.5779774710536e-05,0.0024002392310649157,0.0010088158305734396,-0.08971358835697174,-0.0008336020982824266,0.2540415675330405,3.0663959490935144,0.1413331694944494,0.02,1.0,0.7085299556732179,1.3014161606978907,1.0,4.586910247802734,6.821801782296668,-3.5869102478027344,0.010713175094725143,True,True,OK,metrics within configured thresholds
5.2,stroke_001,draw_line,0.4999872241858156,0.03461888779210206,0.202,0.49787648772286114,0.0343001174407557,0.20200085563270762,0.5036055903078824,0.03463213928302523,0.21221317509472515,0.0021107364629544545,0.00031877035134635773,-8.556327076025827e-07,0.0021346717979704266,0.038631513714790344,0.05461960658431053,0.030043194070458412,-2.363217353820801,-0.0018185253720730543,2.395331859588623,0.8270231485366821,0.00034806906478479505,-0.002251952886581421,-0.0003934138221666217,0.002782609313726425,-0.0006574548315256834,-0.033065345138311386,5.331812280928716e-05,0.25406669591032777,3.065665966424425,0.14130189509463145,0.02,1.0,0.7085802619934083,1.2881861974725957,1.0,6.556807518005371,6.039589745223791,-5.556807518005371,0.010213175094725142,True,True,OK,metrics within configured thresholds
5.22,stroke_001,draw_line,0.499981933568,0.034609724173242054,0.202,0.4979950138580272,0.03430332703597537,0.20200088043391928,0.503621448008959,0.03462416108513148,0.21188321780980263,0.001986919709972834,0.00030639713726668405,-8.804339192702848e-07,0.0020104054105497325,0.03863377869129181,0.05476384982466698,0.0300326906144619,-2.36314058303833,-0.0018372241174802184,2.395827054977417,0.8270195722579956,0.00022646976867690682,0.001353306113742292,-0.0005357266054488719,0.0055183060467243195,-0.0007419914472848177,-0.027909502387046814,-0.00017735965957399458,0.2540574235865027,3.0659877491963985,0.141320480577636,0.02,1.0,0.7085826461791993,1.2636740824575285,1.0,8.479567527770996,6.220615965697345,-7.479567527770996,0.009883217809802607,True,True,OK,metrics within configured thresholds
5.24,stroke_001,draw_line,0.49997538716659046,0.034598385473393986,0.202,0.4979638817299803,0.03430099510557675,0.20200080009010754,0.5036354650430199,0.03461394487138553,0.21238321780980263,0.0020115054366101615,0.00029739036781723655,-8.000901075277955e-07,0.0020333705497343293,0.03863787651062012,0.05478505790233612,0.030026482418179512,-2.363041639328003,-0.0018216598546132445,2.395481586456299,0.8269873261451721,8.265882934210822e-05,-0.006873121485114098,-0.00047228505718521774,0.004518361762166023,-0.00027426891028881073,-0.06374368071556091,-0.001735188765451312,0.254046563274126,3.0665485809874817,0.14136708938427348,0.02,1.0,0.70865941696167,1.27903043330186,1.0,5.9906158447265625,7.011249012423122,-4.9906158447265625,0.010383217809802607,True,True,OK,metrics within configured thresholds
5.26,stroke_001,draw_line,0.49996746529485625,0.03458466438905933,0.202,0.4978960647428975,0.034293699751449566,0.20200086695314642,0.5036481171940395,0.03460129622659283,0.21261499190176367,0.0020714005519587575,0.0002909646376097613,-8.669531464111646e-07,0.002091736460121634,0.03864072263240814,0.05474138259887695,0.030017202720046043,-2.3630080223083496,-0.0018098581349477172,2.395056962966919,0.8269471526145935,-0.00022669231111649424,-0.009972837753593922,-0.0007549070869572461,0.0023501983378082514,-0.0001267851039301604,-0.07382432371377945,-0.0019626636058092117,0.25406620139175534,3.066126627593743,0.14136261733458524,0.02,1.0,0.7087583606719972,1.2989218128424762,1.0,4.79962158203125,6.6540274037293266,-3.79962158203125,0.010614991901763645,True,True,OK,metrics within configured thresholds
5.28,stroke_001,draw_line,0.4999580521054815,0.03456836026680093,0.202,0.49796914015826577,0.034291823372817075,0.2020008679247573,0.5036594293465183,0.034586024219045705,0.21211499190176367,0.0019889119472157324,0.00027653689398385306,-8.679247572862536e-07,0.0020080448552771664,0.0386420339345932,0.054810356348752975,0.030003461986780167,-2.362999677658081,-0.0018215717282146215,2.39543080329895,0.8269157409667969,0.00019149959553033113,-0.001742510125041008,-0.0007057624170556664,0.0027971724048256874,-0.00065969442948699,-0.03053153306245804,-0.0015473903622478247,0.25408340115935796,3.065625077308667,0.14134096043440242,0.02,1.0,0.7087919776916505,1.2809787834579598,1.0,7.1202287673950195,6.004985366135,-6.1202287673950195,0.010114991901763645,True,True,OK,metrics within configured thresholds
5.3,stroke_001,draw_line,0.49994703555310716,0.034549279038364335,0.202,0.4979695872858695,0.034290783047176254,0.20200084972230128,0.5036687188667592,0.03456790215746232,0.21229973377249264,0.001977448267237669,0.0002584959911880805,-8.497223012715605e-07,0.001994272436025118,0.03864824026823044,0.05483682453632355,0.029993781819939613,-2.362947463989258,-0.0018134346464648843,2.395338296890259,0.8268612623214722,0.0004943706444464624,-0.006598250940442085,-1.0655627193045802e-05,0.0021517181303352118,0.002684204140678048,-0.03606802970170975,-0.003122658934444189,0.25407134853162944,3.0660582030599457,0.14136709929080526,0.02,1.0,0.708800322341919,1.2848066272955518,1.0,6.840950012207031,6.3953205565760065,-5.840950012207031,0.010299733772492641,True,True,OK,metrics within configured thresholds
5.32,stroke_001,draw_line,0.49993430735687366,0.034527233155799204,0.202,0.49791521156629404,0.03428509478545388,0.20200086859376623,0.5036761628175552,0.03454672758285529,0.21257254827276129,0.002019095790579628,0.0002421383703453267,-8.6859376621784e-07,0.002033563265891916,0.03865571692585945,0.054801493883132935,0.02998162992298603,-2.3629202842712402,-0.0018049351638182998,2.3949975967407227,0.8267886638641357,-0.0001512054877821356,-0.00912537332624197,-0.001108670374378562,0.0021410291083157063,-0.0013151379534974694,-0.06759767234325409,-0.003473573597148061,0.25407864881322884,3.0659401576678835,0.141370673675076,0.02,1.0,0.7088525360107423,1.3007600330472793,1.0,4.9057416915893555,6.551290866046865,-3.9057416915893555,0.010572548272761259,True,True,OK,metrics within configured thresholds
5.34,stroke_001,draw_line,0.499919762962963,0.0345020415265806,0.202,0.49799953889851833,0.03428021029580369,0.20200085910502316,0.5036818692073884,0.03452232576289297,0.21207254827276129,0.0019202240644446422,0.0002218312307769102,-8.591050231487873e-07,0.0019329951605427627,0.03865626081824303,0.05487891659140587,0.02996111288666725,-2.362914800643921,-0.001817624899558723,2.3954358100891113,0.8267157673835754,6.122481863712892e-05,-0.001413847552612424,-0.0012441740836948156,0.0026055476628243923,-0.0012841351563110948,-0.029375342652201653,-0.003255734918639064,0.2540925680800885,3.06553658676713,0.14135336063348752,0.02,1.0,0.7088797157287599,1.2797620232557503,1.0,7.314322471618652,5.975348654986737,-6.314322471618652,0.010072548272761259,True,True,OK,metrics within configured thresholds
5.36,stroke_001,draw_line,0.49990330150714096,0.03447352944873039,0.202,0.4979586159511127,0.034271929524426654,0.20200069956348699,0.5036851743770232,0.03449450582470921,0.2124845315769234,0.0019446855560282805,0.00020159992430373447,-6.995634869721989e-07,0.0019551073962044557,0.0386614166200161,0.05486655235290527,0.029943713918328285,-2.3628666400909424,-0.0018047906924039125,2.395127534866333,0.8266099691390991,-0.000526305113453418,-0.00898810476064682,-0.0018247595289722085,0.002497485838830471,-0.0031052015256136656,-0.06580103933811188,-0.0047819348983466625,0.25407807044152614,3.066045553732846,0.14138318145254347,0.02,1.0,0.7088851993560792,1.2939572550506382,1.0,5.722941875457764,6.443989490807907,-4.722941875457764,0.010484531576923386,True,True,OK,metrics within configured thresholds
5.38,stroke_001,draw_line,0.4998848257772998,0.03444152854593854,0.202,0.49801081261335284,0.03426413766625797,0.20200078230760582,0.5036864759950073,0.034463099412499504,0.21214232293864263,0.0018740131639469748,0.00017739087968057093,-7.823076058066647e-07,0.0018823903619721357,0.03866250813007355,0.054908644407987595,0.029920116066932678,-2.3628733158111572,-0.0018075108528137207,2.3954150676727295,0.8264983892440796,2.950273483293131e-05,-0.004040830302983522,-0.0016314483946189284,0.0014193352544680238,-0.001906376564875245,-0.0337686762213707,-0.0048226057551801205,0.2540924008882243,3.06567768982752,0.14137184466827832,0.02,1.0,0.7089333599090577,1.2802875321983442,1.0,7.011635780334473,6.191622825435356,-6.011635780334473,0.010142322938642605,True,True,OK,metrics within configured thresholds
5.4,stroke_001,draw_line,0.499864242176,0.034405876702684544,0.202,0.49793381609746584,0.034246570611575725,0.2020005936964231,0.5036852995110872,0.03442792824192496,0.2126111801314822,0.0019304260785341643,0.00015930609110881983,-5.936964230790487e-07,0.001936988287993659,0.038663167506456375,0.054847314953804016,0.02989410236477852,-2.3628573417663574,-0.0017951546469703317,2.3949692249298096,0.8263533711433411,-0.0014619502471759915,-0.01276257261633873,-0.002601016080006957,0.0005572657682932913,-0.0020375929307192564,-0.07907022535800934,-0.006561856251209974,0.25408213906143146,3.0660131506854604,0.1413895443493067,0.02,1.0,0.7089266841888429,1.3014052332767563,1.0,5.220263481140137,6.478627359650047,-4.220263481140137,0.010611180131482191,True,True,OK,metrics within configured thresholds
5.42,stroke_001,draw_line,0.49984146068301294,0.03436641799935871,0.202,0.49800038847925215,0.034228829859126154,0.20200100580203512,0.503682064367102,0.0343888607219933,0.2121111801314822,0.0018410722037607852,0.00013758814023255572,-1.0058020351033647e-06,0.0018462064801725135,0.0386543907225132,0.05488649755716324,0.029858756810426712,-2.3628947734832764,-0.0017993907677009702,2.395385503768921,0.8262056112289429,-0.0006100090686231852,-0.0031996730249375105,-0.00265459599904716,0.0007025074446573853,-0.0037791202776134014,-0.02793905697762966,-0.006095583550632,0.2540987674172173,3.0654905100953753,0.14136337104355304,0.02,1.0,0.7089426582336427,1.2819475406582126,1.0,6.859840393066406,6.038200002171578,-5.859840393066406,0.01011118013148219,True,True,OK,metrics within configured thresholds
5.44,stroke_001,draw_line,0.4998163948178631,0.03432300264738354,0.202,0.49796125525552465,0.03420929487769785,0.20200057396599513,0.5036761001125702,0.03434573229028062,0.2124544481194724,0.0018551395623384592,0.0001137077696856878,-5.739659951209397e-07,0.0018586211507666608,0.03865176439285278,0.05485685169696808,0.02982635423541069,-2.3628828525543213,-0.0017853924073278904,2.395148754119873,0.8260272145271301,-0.0009048754000104964,-0.010340462438762188,-0.0033773984760046005,0.0006383665022440255,-0.006091056391596794,-0.06394091993570328,-0.007014725357294083,0.25408180267745684,3.06598043499511,0.14138393628370324,0.02,1.0,0.7089052265167237,1.2931481134023857,1.0,5.911316871643066,6.325774138984768,-4.911316871643066,0.010454448119472368,True,True,OK,metrics within configured thresholds
5.46,stroke_001,draw_line,0.49978896160237035,0.034275486924335095,0.202,0.49797401811967046,0.034186019443179734,0.20200093970397548,0.5036677389012861,0.03429839041684714,0.2122731230527859,0.0018149434826998934,8.94674811553614e-05,-9.397039754666103e-07,0.0018171475335323395,0.038643140345811844,0.05484665185213089,0.029786599799990654,-2.362921953201294,-0.0017808570992201567,2.395278215408325,0.8258349299430847,-0.0004999848897568882,-0.0065770987421274185,-0.0034634287003427744,-0.000718017399776727,-0.005801602266728878,-0.04770807921886444,-0.007035668473690748,0.25409093356776047,3.0657025940924156,0.14137069441512656,0.02,1.0,0.7089171474456788,1.2873863958701597,1.0,6.169471740722656,6.180714095415173,-5.169471740722656,0.010273123052785882,True,True,OK,metrics within configured thresholds
5.48,stroke_001,draw_line,0.4997590815231922,0.03422373310906432,0.202,0.4979700778756144,0.03416366786261892,0.20200058048684058,0.5036566839665264,0.03424669584226985,0.21230345827147123,0.0017890036475777804,6.006524644539685e-05,-5.804868405678842e-07,0.0017900117937717955,0.03863832727074623,0.054827556014060974,0.029746579006314278,-2.3629508018493652,-0.0017723006894811988,2.395301342010498,0.8256197571754456,-0.0004860399349126965,-0.008277070708572865,-0.0035735322162508965,-0.0005193951656110585,-0.006012989208102226,-0.04542899876832962,-0.008202672004699707,0.2540836733007597,3.065858949961267,0.1413721962868606,0.02,1.0,0.7088780467987061,1.2866322802228034,1.0,6.527749061584473,6.1767792712727925,-5.527749061584473,0.01030345827147122,True,True,OK,metrics within configured thresholds
5.5,stroke_001,draw_line,0.4997266784943661,0.03416760941681841,0.202,0.49791180860600576,0.03412945811416167,0.20200076954062893,0.5036429169304019,0.03419049606530792,0.21252481474227003,0.0018148698883603265,3.8151302656740105e-05,-7.695406289143225e-07,0.0018152710061487265,0.03862650692462921,0.05475163087248802,0.029697827994823456,-2.362994432449341,-0.001763756270520389,2.3950562477111816,0.8253756165504456,-0.0019501253264024854,-0.012761909514665604,-0.004572286270558834,-0.001759913982823491,-0.006358006969094276,-0.0675639659166336,-0.010066086426377296,0.25408064193586855,3.0658925985195853,0.14136846912652323,0.02,1.0,0.7088491981506349,1.298824058367377,1.0,5.423957824707031,6.29961869788188,-4.423957824707031,0.010524814742270024,True,True,OK,metrics within configured thresholds
5.5200000000000005,stroke_001,draw_line,0.49969167981985185,0.034106989934362154,0.202,0.4979683726532829,0.0340861352623129,0.20200085839573037,0.5036265727869988,0.034129695163538504,0.21210004474559913,0.0017233071665689326,2.0854672049257228e-05,-8.583957303576195e-07,0.001723433562553937,0.03859718143939972,0.05476299673318863,0.029634345322847366,-2.363067150115967,-0.0017694629495963454,2.3954732418060303,0.8251214027404785,-0.0020296883303672075,-0.005207604728639126,-0.004767559003084898,-0.0010412103729322553,-0.005921885836869478,-0.03443180024623871,-0.01033226028084755,0.25408588235355567,3.0656142775263593,0.14134465399351245,0.02,1.0,0.7088055675506593,1.2797532328527303,1.0,6.948268413543701,5.993137392270683,-5.948268413543701,0.010100044745599125,True,True,OK,metrics within configured thresholds
5.54,stroke_001,draw_line,0.49965401615607374,0.03404175455509933,0.202,0.49787702134799505,0.034029196555437784,0.20200102480808024,0.5036071121253634,0.03406419144053012,0.21260004474559913,0.0017769948080786913,1.2557999661544361e-05,-1.0248080802299775e-06,0.0017770394766368376,0.038562264293432236,0.05465675890445709,0.02956710197031498,-2.3631091117858887,-0.0017528502503409982,2.395040988922119,0.8248347640037537,-0.003572217421606183,-0.015562581829726696,-0.005504005588591099,-0.0036995939444750547,-0.004822966177016497,-0.09294546395540237,-0.012635570019483566,0.2540661810783004,3.066112245592742,0.14135890492079325,0.02,1.0,0.7087328498840333,1.3008478535324075,1.0,5.265039920806885,6.32743324971624,-4.265039920806885,0.010600044745599125,True,True,OK,metrics within configured thresholds
5.5600000000000005,stroke_001,draw_line,0.49961362147446303,0.03397178891419397,0.202,0.49792522637044323,0.03396434958869822,0.20200074171650328,0.5035850514603813,0.03399390642151807,0.21211571323593026,0.001688395104019802,7.439325495753324e-06,-7.417165032719275e-07,0.0016884116562572177,0.03850917890667915,0.05464181676506996,0.02948538400232792,-2.363217353820801,-0.0017567439936101437,2.395469903945923,0.824552059173584,-0.003351427149027586,-0.006327643524855375,-0.00545092299580574,-0.0025128661654889584,-0.005188341252505779,-0.025199787691235542,-0.012353274039924145,0.2540779449120647,3.065616516389021,0.1413231170781666,0.02,1.0,0.7086908882141114,1.2816299490626621,1.0,6.959583282470703,5.955595584597966,-5.959583282470703,0.010115713235930248,True,True,OK,metrics within configured thresholds
5.58,stroke_001,draw_line,0.499570433024,0.03389698432369182,0.202,0.4978268404551081,0.03389112863674784,0.20200091320510122,0.5035597581165889,0.03391874389992659,0.21261571323593026,0.001743592568891894,5.855686943979921e-06,-9.132051012050724e-07,0.0017436026408870163,0.03845604136586189,0.054517000913619995,0.02940477430820465,-2.3632824420928955,-0.001737806829623878,2.3950350284576416,0.8242454528808594,-0.004503767471760511,-0.016973886638879776,-0.0059863124042749405,-0.004953030962496996,-0.004216824658215046,-0.0810241550207138,-0.01395568996667862,0.25405509568069146,3.0661352342871355,0.14133163513956482,0.02,1.0,0.7085826461791993,1.3031187636849908,1.0,5.296523571014404,6.306991278853424,-4.296523571014404,0.010615713235930248,True,True,OK,metrics within configured thresholds
5.6000000000000005,stroke_001,draw_line,0.4995243912937564,0.03381723770764159,0.202,0.49785653299911264,0.033812922832125794,0.20200114941993372,0.5035317492893295,0.033838614681855,0.2121841334627177,0.0016678582946437759,4.3148755157970675e-06,-1.149419933704765e-06,0.0016678642721543455,0.0383889339864254,0.05447220429778099,0.029312966391444206,-2.3634145259857178,-0.0017382061341777444,2.3954033851623535,0.8239468932151794,-0.0038445170503109694,-0.007628357037901878,-0.0062138778157532215,-0.0038285115733742714,-0.006280820816755295,-0.036070436239242554,-0.012346317060291767,0.25406515641186495,3.0656412737761243,0.14129152787034777,0.02,1.0,0.7085175579071046,1.2870327376580017,1.0,6.4450531005859375,5.953327581109767,-5.4450531005859375,0.010184133462717692,True,True,OK,metrics within configured thresholds
5.62,stroke_001,draw_line,0.49947543997543786,0.033732451537216386,0.202,0.4977940476377721,0.03373515659523825,0.2020008538302693,0.503500444166934,0.033753421118353305,0.21247816738103317,0.001681392337665788,-2.705058021863771e-06,-8.538302692928657e-07,0.001681394730432522,0.03832796588540077,0.054367825388908386,0.02922605164349079,-2.3635032176971436,-0.001721810083836317,2.395202159881592,0.8236320614814758,-0.0042710332199931145,-0.014708714559674263,-0.006446738727390766,-0.005089669022709131,-0.006240504328161478,-0.0655798465013504,-0.013209969736635685,0.254042611231718,3.066093504832389,0.14129179521671895,0.02,1.0,0.7083854740142823,1.2976692808914774,1.0,5.879019260406494,6.125431512926427,-4.879019260406494,0.010478167381033167,True,True,OK,metrics within configured thresholds
5.64,stroke_001,draw_line,0.4994235259259259,0.033642533765835016,0.202,0.4977630771571111,0.03365110103994692,0.20200059163510545,0.5034661480138087,0.033663048977329774,0.21238407525903202,0.0016604487688148262,-8.567274111900836e-06,-5.916351054346958e-07,0.0016604709759813565,0.038258738815784454,0.05426591634750366,0.029131783172488213,-2.3636419773101807,-0.0017132459906861186,2.3952572345733643,0.8233124613761902,-0.0042899781838059425,-0.012561196461319923,-0.0065916781313717365,-0.005277602933347225,-0.006425085477530956,-0.04917272925376892,-0.013327132910490036,0.25404281480064733,3.0658757940605676,0.14126258639262282,0.02,1.0,0.7082967823028565,1.296649781615947,1.0,5.862617015838623,6.039187224544451,-4.862617015838623,0.010384075259032012,True,True,OK,metrics within configured thresholds
5.66,stroke_001,draw_line,0.49936859912982046,0.033547397764283365,0.202,0.49774373258805876,0.033566588690255854,0.20200082310566617,0.5034286728172425,0.03356741610182949,0.21232621761302195,0.0016248665417616937,-1.919092597248845e-05,-8.231056661534009e-07,0.00162498007608685,0.03818869963288307,0.05417800694704056,0.029035838320851326,-2.3637726306915283,-0.0017046107677742839,2.3953588008880615,0.822983980178833,-0.004241319838911295,-0.012049023061990738,-0.006730390712618828,-0.0053367395885288715,-0.006725771352648735,-0.0497133769094944,-0.013381586410105228,0.25403030002865506,3.065967145556887,0.14124100863435013,0.02,1.0,0.7081580226898194,1.293279599690584,1.0,6.180131435394287,5.977387651497411,-5.180131435394287,0.010326217613021936,True,True,OK,metrics within configured thresholds
5.68,stroke_001,draw_line,0.499310612661982,0.03344696225583573,0.202,0.4976815117632537,0.03347669998909933,0.20200075878486665,0.50338791357495,0.03346642201429399,0.21246799653539883,0.0016291008987283084,-2.9737733263597577e-05,-7.587848666334995e-07,0.0016293724702386232,0.038116276264190674,0.05404640734195709,0.028936976566910744,-2.3639132976531982,-0.001691382727585733,2.3952481746673584,0.822638988494873,-0.004897930193692446,-0.015393195673823357,-0.007010944187641144,-0.0068335081450641155,-0.006232244428247213,-0.05866047739982605,-0.014723134227097034,0.25401689858754073,3.0661099859089234,0.14122402871888434,0.02,1.0,0.7080273693084718,1.3001477421887433,1.0,5.6881103515625,6.048347975861318,-4.6881103515625,0.010467996535398824,True,True,OK,metrics within configured thresholds
5.7,stroke_001,draw_line,0.49924952265007405,0.03334115125137619,0.202,0.49766273539424616,0.033380863859414266,0.20200076889211438,0.5033439864029375,0.03335999097584972,0.21231332763629346,0.0015867872558278928,-3.9712608038075525e-05,-7.688921143667038e-07,0.0015872843090291304,0.03803457319736481,0.05393983796238899,0.028830168768763542,-2.3640809059143066,-0.00168359384406358,2.3954155445098877,0.8222855925559998,-0.004959810525178909,-0.01258478220552206,-0.007149227894842625,-0.006675964221358299,-0.006197339855134487,-0.042902715504169464,-0.01509589422494173,0.2540099867855585,3.0660083740827524,0.14119133850773413,0.02,1.0,0.7078867023468018,1.294076438538473,1.0,6.139674186706543,5.922264807356732,-5.139674186706543,0.010313327636293444,True,True,OK,metrics within configured thresholds
5.72,stroke_001,draw_line,0.49918528823710534,0.03322989398451994,0.202,0.4975968289217688,0.03327940837042473,0.20200069635134388,0.5032966643463288,0.033248054470596006,0.212462456067083,0.0015884593153365212,-4.9514385904787794e-05,-6.963513438651425e-07,0.0015892309951030064,0.037950191646814346,0.05379394441843033,0.028720537200570107,-2.364243268966675,-0.001669207587838173,2.395320415496826,0.8219150900840759,-0.005541470367461443,-0.016266915947198868,-0.007563187275081873,-0.007936215959489346,-0.006194073241204023,-0.05842970684170723,-0.0159879419952631,0.2539914887660674,3.066235167903794,0.1411719525135727,0.02,1.0,0.7077190940856934,1.3004767460210214,1.0,5.7091498374938965,5.998358090129166,-4.7091498374938965,0.010462456067082999,True,True,OK,metrics within configured thresholds
5.74,stroke_001,draw_line,0.49911787154397197,0.033113124846734676,0.202,0.4975640715890924,0.03317090992383572,0.20200082841665284,0.5032460863192474,0.033130547556771674,0.21234490168086145,0.0015537999548795867,-5.778507710104547e-05,-8.284166528316206e-07,0.0015548743039852226,0.0378558449447155,0.05366162583231926,0.02860264666378498,-2.364435911178589,-0.0016595304477959871,2.3954544067382812,0.8215357065200806,-0.005676788743585348,-0.014001860283315182,-0.0078105260618031025,-0.00805313978344202,-0.006446610204875469,-0.04654599726200104,-0.016229864209890366,0.25398230291059265,3.0661564568354476,0.1411362723160615,0.02,1.0,0.7075567310333253,1.2962651656401614,1.0,5.969664573669434,5.8971352017068215,-4.969664573669434,0.01034490168086143,True,True,OK,metrics within configured thresholds
5.76,stroke_001,draw_line,0.499047237632,0.0329907833224619,0.202,0.49750573920775876,0.03305729000965009,0.2020007523622827,0.5031920722123459,0.033007415835253254,0.21241743724451506,0.0015414984242412277,-6.65066871881892e-05,-7.523622826965948e-07,0.0015429326289335967,0.03775792568922043,0.05350837484002113,0.028481431305408478,-2.3646247386932373,-0.0016454687574878335,2.3954427242279053,0.8211424350738525,-0.006137443240731955,-0.016238974407315254,-0.008062291890382767,-0.008945767767727375,-0.006156738847494125,-0.053448911756277084,-0.017147045582532883,0.2539629619070609,3.066349451901127,0.14111009250555326,0.02,1.0,0.7073640888214112,1.298978204344223,1.0,5.851981163024902,5.922520481893736,-4.851981163024902,0.010417437244515057,True,True,OK,metrics within configured thresholds
5.78,stroke_001,draw_line,0.4989733544654876,0.032862813924238315,0.202,0.4974469174920715,0.03293605744058156,0.20200075297067632,0.503134680168543,0.032878602002636856,0.21241468892415097,0.0015264369734160899,-7.324351634324655e-05,-7.529706763098609e-07,0.0015281933822205995,0.03765184432268143,0.05334223806858063,0.02835342474281788,-2.364837646484375,-0.0016322187148034573,2.39547061920166,0.8207377195358276,-0.006520626600831747,-0.01643410511314869,-0.008366905152797699,-0.009683477692306042,-0.0061499509029090405,-0.05103369802236557,-0.01770767942070961,0.253948945382143,3.066372445566829,0.14107514226570322,0.02,1.0,0.7071752613067628,1.3000768137232483,1.0,5.741955757141113,5.897831720289644,-4.741955757141113,0.010414688924150947,True,True,OK,metrics within configured thresholds
5.8,stroke_001,draw_line,0.4988961928742472,0.03272916612781715,0.202,0.4973992534020093,0.03280979519989012,0.20200098216805407,0.5030738703760191,0.03274406348865104,0.2123667569694303,0.0014969394722378904,-8.062907207297132e-05,-9.821680540533784e-07,0.0014991096675898293,0.03753921017050743,0.05318097770214081,0.028220051899552345,-2.3650593757629395,-0.0016190982423722744,2.395571231842041,0.8203229904174805,-0.006612047553062439,-0.015831738710403442,-0.008742214180529118,-0.009838271886110306,-0.006803017109632492,-0.05277753248810768,-0.017501231282949448,0.2539316242412307,3.0664464153212876,0.1410382694061624,0.02,1.0,0.7069623535156251,1.2977808460390523,1.0,5.889469623565674,5.8432751331876585,-4.889469623565674,0.010366756969430284,True,True,OK,metrics within configured thresholds
5.82,stroke_001,draw_line,0.49881572651614814,0.03258979430728953,0.202,0.4973313473639098,0.03267789025699951,0.20200060351976948,0.5030095592003695,0.03260375207510968,0.2124250251793125,0.0014843791522383132,-8.809594970998064e-05,-6.035197694653771e-07,0.0014869911661442878,0.037421707063913345,0.05299755930900574,0.02808263897895813,-2.3652901649475098,-0.0016027590027078986,2.3955790996551514,0.8198952078819275,-0.007081503048539162,-0.017837468534708023,-0.00894067995250225,-0.010648684576153755,-0.006314571015536785,-0.0547851100564003,-0.018350929021835327,0.25391117244998124,3.0666069198813086,0.1410046328286299,0.02,1.0,0.7067406242370606,1.3000714545209509,1.0,5.7956953048706055,5.859443204819964,-4.7956953048706055,0.01042502517931248,True,True,OK,metrics within configured thresholds
5.84,stroke_001,draw_line,0.4987319318396586,0.032444657670205816,0.202,0.49726117882149773,0.032538313695153975,0.20200072386058318,0.502941791531046,0.03245762667660751,0.21242541745191795,0.001470753018160853,-9.365602494815911e-05,-7.23860583168312e-07,0.001473732138284462,0.037296392023563385,0.05280114710330963,0.027938568964600563,-2.3655409812927246,-0.0015878533013164997,2.3956081867218018,0.8194573521614075,-0.007509308401495218,-0.018077438697218895,-0.009194642305374146,-0.011506617069244385,-0.006120648235082626,-0.05212324485182762,-0.01914840377867222,0.25389310000549964,3.066662300289588,0.14096319173809538,0.02,1.0,0.7065098350524903,1.3015387343301354,1.0,5.644985198974609,5.837131439837688,-4.644985198974609,0.010425417451917931,True,True,OK,metrics within configured thresholds
5.86,stroke_001,draw_line,0.49864478804638807,0.03229372019269697,0.202,0.4972068327893459,0.03239441364954644,0.2020006928953673,0.5028705427359096,0.03230565894906323,0.21235792983725357,0.001437955257042156,-0.00010069345684947384,-6.928953672769023e-07,0.0014414766642618464,0.03716496005654335,0.05261325463652611,0.027789391577243805,-2.36580228805542,-0.0015736676286906004,2.3957390785217285,0.8190112709999084,-0.007612588815391064,-0.017340075224637985,-0.009397442452609539,-0.011531786061823368,-0.006290566176176071,-0.047682877629995346,-0.019347548484802246,0.2538727966657677,3.066745557897801,0.14091954064960563,0.02,1.0,0.7062590187072755,1.2982519193379596,1.0,5.936102390289307,5.769880255535611,-4.936102390289307,0.010357929837253565,True,True,OK,metrics within configured thresholds
5.88,stroke_001,draw_line,0.49855427705362965,0.03213695055459588,0.202,0.4971139294218604,0.03224366703354526,0.20200038736360443,0.5027957185014502,0.03214781170355687,0.21247899286401817,0.0014403476317692565,-0.00010671647894937991,-3.8736360441493645e-07,0.0014442956266890864,0.03702889755368233,0.05238746851682663,0.027636174112558365,-2.3660714626312256,-0.0015554088167846203,2.395676612854004,0.8185514211654663,-0.008197607472538948,-0.020367242395877838,-0.009769073687493801,-0.012952020391821861,-0.006088068708777428,-0.059323251247406006,-0.020014965906739235,0.2538480761080383,3.066951684080816,0.14088058826006883,0.02,1.0,0.7059977119445802,1.3043353902528083,1.0,5.4958696365356445,5.828058002699404,-4.4958696365356445,0.010478992864018148,True,True,OK,metrics within configured thresholds
5.9,stroke_001,draw_line,0.4984603834569023,0.03197432207455877,0.202,0.4970609100078028,0.03208754110020829,0.20200103417006632,0.5027174449550718,0.03198406239908797,0.21233757651630397,0.0013994734490995198,-0.00011321902564952191,-1.03417006630524e-06,0.0014040461359981229,0.03688393533229828,0.05218307301402092,0.027475886046886444,-2.366365432739258,-0.0015409949701279402,2.395869493484497,0.8180847764015198,-0.008076494559645653,-0.016990600153803825,-0.010286331176757812,-0.01319859642535448,-0.007844150066375732,-0.05745583772659302,-0.019353831186890602,0.2538293986238363,3.0669335751429334,0.14082757015325326,0.02,1.0,0.7057285373687745,1.2984162129066805,1.0,5.675978660583496,5.711792074542088,-4.675978660583496,0.010337576516303971,True,True,OK,metrics within configured thresholds
5.92,stroke_001,draw_line,0.4983630944924932,0.031805812645186476,0.202,0.4969934307947209,0.031929198417387665,0.20200055802467645,0.5026355364826087,0.031814387094597475,0.21235166927563331,0.0013696636977723053,-0.00012338577220118857,-5.580246764391728e-07,0.00137521016763567,0.0367378331720829,0.05196929723024368,0.027314012870192528,-2.366654396057129,-0.0015230338321998715,2.395977020263672,0.8176066279411316,-0.008491910062730312,-0.019154196605086327,-0.010039287619292736,-0.013494584709405899,-0.006040816195309162,-0.0490168072283268,-0.02107422612607479,0.25380014710284043,3.0672162533433176,0.14078684016058832,0.02,1.0,0.7054345672607423,1.2966032008938948,1.0,6.198700904846191,5.699257379656581,-5.198700904846191,0.010351669275633305,True,True,OK,metrics within configured thresholds
5.94,stroke_001,draw_line,0.4982624,0.03163140466814586,0.202,0.4968441818600639,0.03175825836123463,0.20200089313500807,0.5025500280989762,0.03163875364476225,0.21264799556465216,0.0014182181399360894,-0.0001268536930887701,-8.931350080620959e-07,0.0014238803845773647,0.03658328950405121,0.05166730657219887,0.027145354077219963,-2.366971492767334,-0.0014983825385570526,2.39569354057312,0.8171091675758362,-0.009505934081971645,-0.025095315650105476,-0.010530145838856697,-0.016186999157071114,-0.0048162187449634075,-0.07992495596408844,-0.02244630455970764,0.25377395733180336,3.0674015827452052,0.1407411723877278,0.02,1.0,0.7051456039428712,1.3137132047019096,1.0,4.7444658279418945,5.874062613472945,-3.7444658279418945,0.010647995564652162,True,True,OK,metrics within configured thresholds
5.96,stroke_001,draw_line,0.498158292384873,0.03145108498929113,0.202,0.4968390200709655,0.03158549473877585,0.2020008204046142,0.5024612264135526,0.03145717587651328,0.21214799556465216,0.001319272313907549,-0.00013440974948471934,-8.204046141879751e-07,0.001326101840758565,0.03641749918460846,0.051478125154972076,0.02696722373366356,-2.3673198223114014,-0.001489897957071662,2.396235942840576,0.8166155219078064,-0.009141561575233936,-0.014737902209162712,-0.01031483057886362,-0.014351008459925652,-0.0056182630360126495,-0.021119847893714905,-0.022753717377781868,0.253758954373449,3.067137768101097,0.14066493284037257,0.02,1.0,0.7048285072326661,1.2917836702140133,1.0,6.401323318481445,5.478703738537077,-5.401323318481445,0.010147995564652162,True,True,OK,metrics within configured thresholds
5.98,stroke_001,draw_line,0.49805076658095776,0.03126484483378522,0.202,0.49669042972891714,0.03140764952652836,0.20200087507159767,0.5023685358595625,0.03126962875783852,0.21260429480202955,0.0013603368520406223,-0.000142804692743137,-8.750715976557633e-07,0.0013678122301834974,0.03625508397817612,0.05118109658360481,0.026791485026478767,-2.3676276206970215,-0.0014619772555306554,2.395937204360962,0.8160972595214844,-0.010125994682312012,-0.025725558400154114,-0.010664557106792927,-0.017439749091863632,-0.003684301394969225,-0.07790160179138184,-0.02420688420534134,0.25371348374025243,3.067839064667212,0.14063705153429576,0.02,1.0,0.7044801776885987,1.3095306572516083,1.0,5.16943359375,5.801620591517606,-4.16943359375,0.010604294802029537,True,True,OK,metrics within configured thresholds
6.0,stroke_001,draw_line,0.49793982001303705,0.0310726797412211,0.202,0.49663134733756553,0.03122300176059274,0.20200080410679758,0.5022725157756639,0.031076104650436958,0.21230445911419765,0.001308472675471517,-0.00015032201937163758,-8.041067975639304e-07,0.0013170793820234598,0.036080170422792435,0.05092829465866089,0.026604946702718735,-2.368006467819214,-0.0014474146300926805,2.396243095397949,0.8155772686004639,-0.009701097384095192,-0.019203823059797287,-0.011210962198674679,-0.015986891463398933,-0.006429863628000021,-0.039784569293260574,-0.0225463155657053,0.25369967053951736,3.067556940092213,0.14056154658391767,0.02,1.0,0.7041723793029786,1.299246087561214,1.0,5.8451008796691895,5.580355142298944,-4.8451008796691895,0.010304459114197636,True,True,OK,metrics within configured thresholds
6.0200000000000005,stroke_001,draw_line,0.49782545255937327,0.03087458950074317,0.202,0.49651696181981375,0.031034033434879267,0.2020008089415871,0.5021727939598368,0.030876607061282764,0.21247616173936967,0.0013084907395595202,-0.00015944393413609703,-8.089415870771166e-07,0.0013181695786325474,0.03590363636612892,0.05063922703266144,0.026416916400194168,-2.3683578968048096,-0.0014234326081350446,2.3962032794952393,0.815039336681366,-0.010376157239079475,-0.023987380787730217,-0.011505618691444397,-0.017338108271360397,-0.005699496250599623,-0.060754261910915375,-0.023964684456586838,0.25365965650911865,3.0679924072005327,0.14051253939942235,0.02,1.0,0.7037935321807862,1.3051127733552126,1.0,5.500800132751465,5.67301615037853,-4.500800132751465,0.010476161739369666,True,True,OK,metrics within configured thresholds
6.04,stroke_001,draw_line,0.49770766651425086,0.03067057808616859,0.202,0.4964168691087313,0.03083583704326317,0.20200041817450015,0.5020695813678904,0.030671133755071182,0.21241803751392493,0.0012907974055195726,-0.00016525895709457866,-4.181745001385906e-07,0.0013013334084184423,0.035716526210308075,0.05034441500902176,0.026219790801405907,-2.368746280670166,-0.0014045917196199298,2.3963043689727783,0.814492404460907,-0.010800485499203205,-0.022739682346582413,-0.011756920255720615,-0.018131889402866364,-0.005627121310681105,-0.048251811414957047,-0.02469998598098755,0.25363346591094427,3.068021375740634,0.14044583042709152,0.02,1.0,0.7034421031951905,1.3047099879687032,1.0,5.43294620513916,5.612740544209057,-4.43294620513916,0.01041803751392492,True,True,OK,metrics within configured thresholds
6.0600000000000005,stroke_001,draw_line,0.4975864665505185,0.030460653591108642,0.202,0.49633035106415035,0.03063348929733663,0.2020006663216164,0.5019628121345105,0.030459706303527005,0.21235549417359198,0.00125611548636817,-0.00017283570622798894,-6.663216163826924e-07,0.001267950606461375,0.035523921251297,0.050060633569955826,0.026018114760518074,-2.369135856628418,-0.0013847893569618464,2.3964779376983643,0.8139358162879944,-0.011025563813745975,-0.022183900699019432,-0.01187078095972538,-0.01837724633514881,-0.005517692305147648,-0.04375544935464859,-0.02565395087003708,0.25359949497403717,3.0682238033915703,0.14038160377769335,0.02,1.0,0.7030537193298341,1.300837385238564,1.0,5.747743129730225,5.549812525534593,-4.747743129730225,0.010355494173591965,True,True,OK,metrics within configured thresholds
6.08,stroke_001,draw_line,0.49746185968213136,0.030244828164090073,0.202,0.49620012975788025,0.030423930750556268,0.2020006609060619,0.5018524259182594,0.030242330021125776,0.2124917413584537,0.0012617299242511093,-0.00017910258646619548,-6.609060618778528e-07,0.0012743785054003436,0.035326000303030014,0.04973161593079567,0.02581195719540119,-2.3695366382598877,-0.0013604330597445369,2.396437406539917,0.8133646249771118,-0.011566179804503918,-0.025783659890294075,-0.01227341778576374,-0.019812067970633507,-0.005097074434161186,-0.05845335125923157,-0.025957873091101646,0.2535631985456394,3.0685078813205764,0.14032207292601037,0.02,1.0,0.7026641433715821,1.30729584007498,1.0,5.298334121704102,5.619088237003064,-4.298334121704102,0.010491741358453693,True,True,OK,metrics within configured thresholds
6.1000000000000005,stroke_001,draw_line,0.4973338552266935,0.030023117943676462,0.202,0.4961079177708952,0.030208572490534387,0.20200080057889921,0.5017385940997522,0.030019026542056505,0.21235489321799828,0.0012259374557982983,-0.0001854545468579251,-8.005788992015983e-07,0.0012398857509488754,0.03511940315365791,0.04942277818918228,0.025598451495170593,-2.369964838027954,-0.0013407062506303191,2.3966474533081055,0.8127865791320801,-0.011499800719320774,-0.023039838299155235,-0.012666672468185425,-0.019191645085811615,-0.006343809887766838,-0.048942528665065765,-0.025476451963186264,0.2535330327157613,3.0685482661005343,0.14024631340315125,0.02,1.0,0.7022633617401124,1.3021103192388506,1.0,5.604334354400635,5.506824296648427,-4.604334354400635,0.010354893217998276,True,True,OK,metrics within configured thresholds
6.12,stroke_001,draw_line,0.497202464768,0.029795542993589552,0.202,0.4959854999975685,0.029988235714238184,0.20200119797383262,0.5016211628735548,0.029789815839588295,0.21243787266803624,0.0012169647704314834,-0.0001926927206486323,-1.197973832606225e-06,0.0012321262809483566,0.034909285604953766,0.04908914491534233,0.02538164332509041,-2.370386838912964,-0.0013170152669772506,2.39668345451355,0.8121954202651978,-0.011956794187426567,-0.02464717999100685,-0.012965161353349686,-0.020965004339814186,-0.0060094865038990974,-0.07732395082712173,-0.02626805566251278,0.25349214642877443,3.0688867402169153,0.14018196445398295,0.02,1.0,0.701835161972046,1.3051322421228988,1.0,5.142626762390137,5.540952816861699,-4.142626762390137,0.010437872668036216,True,True,OK,metrics within configured thresholds
6.140000000000001,stroke_001,draw_line,0.4970677021185795,0.029562127237830627,0.202,0.49590702091757727,0.029766346246108587,0.20200068936125154,0.5015002542401963,0.029554718558539746,0.21225956226032325,0.0011606812010022116,-0.0002042190082779602,-6.893612515268543e-07,0.0011785103855804177,0.0346948467195034,0.04878454655408859,0.025160597637295723,-2.370831251144409,-0.0012962300097569823,2.3969953060150146,0.8115971684455872,-0.011871494352817535,-0.02283204160630703,-0.012872561812400818,-0.019977586343884468,-0.005882032681256533,-0.03977065160870552,-0.026742063462734222,0.2534577523827045,3.0690207191526064,0.14010742153894218,0.02,1.0,0.7014131610870362,1.295292689257884,1.0,6.297987937927246,5.401538697796652,-5.297987937927246,0.010259562260323223,True,True,OK,metrics within configured thresholds
6.16,stroke_001,draw_line,0.49692958328223624,0.029322898395801846,0.202,0.4956835122517566,0.029530388278126915,0.2020005282892819,0.5013756954448251,0.029313745559826902,0.21275956226032325,0.001246071030479634,-0.00020748988232506885,-5.282892818758711e-07,0.001263228143827319,0.03447393700480461,0.04834463819861412,0.024934345856308937,-2.3712847232818604,-0.0012624550145119429,2.39654541015625,0.8109740614891052,-0.013253326527774334,-0.033464543521404266,-0.01305551826953888,-0.024678369984030724,-0.0025107329711318016,-0.08088725060224533,-0.029382988810539246,0.25341207357336537,3.069482262427979,0.14004672595872103,0.02,1.0,0.7009687488555909,1.3218761336479625,1.0,4.246081829071045,5.71529593184236,-3.246081829071045,0.010759562260323223,True,True,OK,metrics within configured thresholds
6.18,stroke_001,draw_line,0.4967881264165926,0.029077887917427596,0.202,0.4956177695985045,0.02929285235447297,0.20200086520890778,0.5012480725871905,0.029066961691353754,0.21225956226032325,0.0011703568180880808,-0.00021496443704537363,-8.652089077687553e-07,0.0011899350988293208,0.034242115914821625,0.04801654815673828,0.024698304012417793,-2.371795415878296,-0.0012465231120586395,2.397040605545044,0.8103553652763367,-0.01260828971862793,-0.02177893929183483,-0.013489640317857265,-0.02140411175787449,-0.00608747499063611,-0.02903975546360016,-0.027812015265226364,0.25339112271626785,3.0690660263331617,0.13993437407704085,0.02,1.0,0.7005152767181397,1.3039852144624844,1.0,5.596085071563721,5.2010709958724,-4.596085071563721,0.010259562260323223,True,True,OK,metrics within configured thresholds
6.2,stroke_001,draw_line,0.4966433517956311,0.028827130918275858,0.202,0.495530629674527,0.029058009633420475,0.20200038934595763,0.5011167605103352,0.02881438551136152,0.21225903294712536,0.0011127221211041372,-0.00023087871514461747,-3.8934595761319635e-07,0.0011364223033237223,0.03401472419500351,0.04770312458276749,0.024464283138513565,-2.372241258621216,-0.001223685801960528,2.397306203842163,0.8097227215766907,-0.012753364630043507,-0.024416299536824226,-0.013518044725060463,-0.02148849330842495,-0.005595291033387184,-0.041729629039764404,-0.028785832226276398,0.25333399611198787,3.069754490719201,0.13987357989691934,0.02,1.0,0.7000045841217042,1.2963626064133429,1.0,6.21436882019043,5.339325922364362,-5.21436882019043,0.010259032947125341,True,True,OK,metrics within configured thresholds
6.22,stroke_001,draw_line,0.4964952817722372,0.02857066611467955,0.202,0.4952979855191922,0.028805653115118474,0.20200094370024405,0.5009818554604732,0.028556022315317908,0.21275094960504026,0.0011972962530449882,-0.00023498700043892568,-9.437002440326747e-07,0.001220138557091367,0.03377700597047806,0.0472344234585762,0.024222077801823616,-2.372732400894165,-0.0011898037046194077,2.39687180519104,0.8090638518333435,-0.014151311479508877,-0.03459751978516579,-0.013824407011270523,-0.02636112831532955,-0.002118469448760152,-0.08976727724075317,-0.031117992475628853,0.2532896477719875,3.0701645786687903,0.1398095526862827,0.02,1.0,0.6995587413787843,1.3225692555898458,1.0,4.10306453704834,5.645590936603486,-3.10306453704834,0.010750949605040252,True,True,OK,metrics within configured thresholds
6.24,stroke_001,draw_line,0.49634394074074073,0.028308535758857868,0.202,0.49522414424132594,0.02855163925582765,0.20200083771053748,0.50084395195511,0.02829196206526863,0.21225094960504026,0.0011197964994147935,-0.00024310349696978276,-8.377105374657301e-07,0.001145881412755922,0.03352806717157364,0.046879131346940994,0.023970095440745354,-2.373281955718994,-0.0011719601461663842,2.397390127182007,0.8084080219268799,-0.013494215905666351,-0.023258063942193985,-0.014352572150528431,-0.02293609082698822,-0.006151976995170116,-0.029559703543782234,-0.029258260503411293,0.2532649787433458,3.0697774994878015,0.13969135469178887,0.02,1.0,0.699067599105835,1.3040132370696838,1.0,5.658624649047852,5.105706696759185,-4.658624649047852,0.010250949605040251,True,True,OK,metrics within configured thresholds
6.26,stroke_001,draw_line,0.4961893550994592,0.02804078557403767,0.202,0.4951179141677593,0.02829767585798103,0.20200093284071757,0.5007024271124035,0.02802223476049563,0.2122902397129631,0.0010714409316999185,-0.0002568902839433611,-9.328407175601683e-07,0.0011018072237457396,0.03328145295381546,0.046528685837984085,0.023718606680631638,-2.373764753341675,-0.0011476324871182442,2.3976168632507324,0.8077372908592224,-0.0136570418253541,-0.02625635638833046,-0.014733397401869297,-0.023344654589891434,-0.006674183998256922,-0.056041233241558075,-0.029342027381062508,0.2532037067048626,3.070505984942857,0.1396248864928633,0.02,1.0,0.698518044281006,1.2986346003776084,1.0,5.895218849182129,5.299227980060218,-4.895218849182129,0.010290239712963086,True,True,OK,metrics within configured thresholds
6.28,stroke_001,draw_line,0.49603155321323944,0.027767464689574806,0.202,0.4949052421074922,0.02802846160394472,0.20200067269262548,0.500557427494314,0.027746867234613306,0.21263468969274188,0.0011263111057472353,-0.00026099691436991604,-6.726926254640997e-07,0.0011561559361762345,0.03302426263689995,0.046059299260377884,0.02345861680805683,-2.3742926120758057,-0.0011165819596499205,2.3973522186279297,0.8070452809333801,-0.01503150723874569,-0.03417016565799713,-0.014722274616360664,-0.027263890951871872,-0.002821472240611911,-0.07250057905912399,-0.03251082822680473,0.2531576712374842,3.070880705931392,0.13955159961680652,0.02,1.0,0.6980352466583253,1.3171639088784763,1.0,4.615303039550781,5.507824784252887,-3.6153030395507812,0.01063468969274186,True,True,OK,metrics within configured thresholds
6.3,stroke_001,draw_line,0.495870565376,0.027488625576075457,0.202,0.49482542242716226,0.02775693381620122,0.20200061885070472,0.5004093974530243,0.02746595116682233,0.21219548387198853,0.0010451429488377295,-0.0002683082401257614,-6.188507047089065e-07,0.0010790335852978827,0.032756950706243515,0.0456886850297451,0.023189902305603027,-2.374861478805542,-0.0010981445666402578,2.397871255874634,0.8063543438911438,-0.01452700700610876,-0.024533232674002647,-0.015084697864949703,-0.024583622813224792,-0.005777240265160799,-0.027675658464431763,-0.0313517190515995,0.253124068455851,3.0707029282616607,0.13943767992511907,0.02,1.0,0.6975073879241944,1.2988035638362068,1.0,5.781482219696045,5.19544217360715,-4.781482219696045,0.010195483871988504,True,True,OK,metrics within configured thresholds
6.32,stroke_001,draw_line,0.49570642377327356,0.027204323980517524,0.202,0.49463434371595466,0.027479107942200487,0.20200072834709565,0.5002578245273741,0.027179529829558673,0.21253395878951337,0.0010720800573189027,-0.0002747839616829631,-7.283470956354066e-07,0.0011067350204039708,0.03248879313468933,0.04523736983537674,0.02292013168334961,-2.3753912448883057,-0.0010672287316992879,2.3977246284484863,0.8056439161300659,-0.015469751320779324,-0.03330618143081665,-0.015243983827531338,-0.02760593220591545,-0.0033862427808344364,-0.06559355556964874,-0.033085282891988754,0.25306113939754316,3.0714382111980627,0.1393676413633707,0.02,1.0,0.6969385211944581,1.3117222246015106,1.0,5.006900787353516,5.400556189738263,-4.006900787353516,0.010533958789513341,True,True,OK,metrics within configured thresholds
6.34,stroke_001,draw_line,0.49553916244474927,0.026914618861371947,0.202,0.4944973590488246,0.02719391731772009,0.20200078144661385,0.5001031768707487,0.026887665930693617,0.2123571291408537,0.0010418033959246897,-0.00027929845634814404,-7.814466138345022e-07,0.0010785928583749672,0.03220968320965767,0.04480487480759621,0.022641219198703766,-2.375978946685791,-0.001044016913510859,2.3979697227478027,0.804928719997406,-0.015474135056138039,-0.029164016246795654,-0.015800639986991882,-0.02687852829694748,-0.005478985141962767,-0.04469192773103714,-0.03234637901186943,0.25302327653317935,3.071399701135485,0.1392611167958281,0.02,1.0,0.6964087551116944,1.3065886658773032,1.0,5.218808174133301,5.262776798903602,-4.218808174133301,0.010357129140853676,True,True,OK,metrics within configured thresholds
6.36,stroke_001,draw_line,0.4953688172468148,0.026619572323724083,0.202,0.4943508734354475,0.026904315017480616,0.20200084518118258,0.49994526144790213,0.026590429824792483,0.21236377732731093,0.0010179438113673278,-0.0002847426937565324,-8.451811825682665e-07,0.0010570187884233655,0.03192589059472084,0.044372837990522385,0.022358328104019165,-2.376549243927002,-0.001018280629068613,2.398132801055908,0.8042035698890686,-0.01578451134264469,-0.030365286394953728,-0.016050679609179497,-0.027237344533205032,-0.005408766679465771,-0.051433198153972626,-0.03281997889280319,0.25296765531266246,3.0718277296820697,0.13916961711561102,0.02,1.0,0.6958210533142091,1.305190999757282,1.0,5.403681755065918,5.247387780233996,-4.403681755065918,0.010363777327310905,True,True,OK,metrics within configured thresholds
6.38,stroke_001,draw_line,0.4951954258150989,0.026319249554395043,0.202,0.49416849918478584,0.026606444802784287,0.2020009668163488,0.49978414244890046,0.026287883363606827,0.21247594629879765,0.001026926630313063,-0.0002871952483892437,-9.6681634878526e-07,0.0010663303191213096,0.03163469210267067,0.043896645307540894,0.02206963114440441,-2.3771414756774902,-0.0009899616707116365,2.398141384124756,0.8034673929214478,-0.016294484958052635,-0.032728374004364014,-0.016318436712026596,-0.02884574607014656,-0.004691106267273426,-0.07001183182001114,-0.033502932637929916,0.2529162036278257,3.0721567574050166,0.13907591385466608,0.02,1.0,0.6952507560729981,1.3113624408336437,1.0,4.800931930541992,5.3020906714251685,-3.800931930541992,0.01047594629879764,True,True,OK,metrics within configured thresholds
6.4,stroke_001,draw_line,0.49501902752701354,0.026013718757063032,0.202,0.49405093066645556,0.026307573027370253,0.20200127167087287,0.49961999140764884,0.025980107126855084,0.2122417247556188,0.0009680968605579876,-0.0002938542703072207,-1.2716708728544024e-06,0.0010117131415311505,0.031338781118392944,0.04347105324268341,0.021776573732495308,-2.377748966217041,-0.0009664802928455174,2.398524284362793,0.802728533744812,-0.015933511778712273,-0.027232978492975235,-0.016831327229738235,-0.028007647022604942,-0.007557613775134087,-0.06742513924837112,-0.03217478096485138,0.2528678924300988,3.0723163277218983,0.1389680876065146,0.02,1.0,0.6946585243225099,1.2998603564120694,1.0,5.355424404144287,5.126685112116057,-4.355424404144287,0.010241724755618783,True,True,OK,metrics within configured thresholds
6.42,stroke_001,draw_line,0.4948396634642963,0.025703051087384757,0.202,0.4938766130503217,0.026006416361582924,0.2020007221340809,0.4994525784206004,0.025667155815937696,0.2123912600909839,0.0009630504139745977,-0.00030336527419816753,-7.221340808938326e-07,0.0010097014959499684,0.03104368969798088,0.04300149530172348,0.021483130753040314,-2.3783440589904785,-0.0009363328572362661,2.39858341217041,0.8019763231277466,-0.01654231920838356,-0.03306127339601517,-0.016471702605485916,-0.029490826651453972,-0.004902838729321957,-0.05537085980176926,-0.03502220660448074,0.2528059634134673,3.072910741330172,0.13888199716877994,0.02,1.0,0.6940510337829591,1.3036949062666485,1.0,5.666316509246826,5.206743864325937,-4.666316509246826,0.010391260090983886,True,True,OK,metrics within configured thresholds
6.44,stroke_001,draw_line,0.4946573763755525,0.0253873205881167,0.202,0.4936292694826757,0.025691764842893944,0.20200072043333558,0.4992821627253323,0.025349092514661564,0.2126631088895977,0.0010281068928768011,-0.0003044442547772454,-7.204333355714798e-07,0.001072236264296192,0.03073756955564022,0.042441848665475845,0.021180717274546623,-2.37898588180542,-0.0009042115998454392,2.3983333110809326,0.80120849609375,-0.017469951882958412,-0.0380689799785614,-0.016633810475468636,-0.032304853200912476,-0.002254086546599865,-0.0709766298532486,-0.036338094621896744,0.2527555008474149,3.073132420308264,0.13877675762451186,0.02,1.0,0.6934559410095216,1.3227509433886764,1.0,4.065571308135986,5.367594290048248,-3.0655713081359863,0.01066310888959769,True,True,OK,metrics within configured thresholds
6.46,stroke_001,draw_line,0.49447221063879776,0.02506660412423653,0.202,0.4935352382086474,0.02537983112963938,0.20200065550508958,0.49910906960780294,0.025026028320200584,0.2121631088895977,0.0009369724301503402,-0.00031322700540285103,-6.555050895695747e-07,0.0009879417601571432,0.030426524579524994,0.04201188310980797,0.020873088389635086,-2.3796446323394775,-0.0008844110416248441,2.3989346027374268,0.8004447817802429,-0.01671290397644043,-0.027192121371626854,-0.01698584109544754,-0.028298189863562584,-0.005802073050290346,-0.025304235517978668,-0.03463064879179001,0.2527112074090152,3.07301312458729,0.1386426901854302,0.02,1.0,0.6928141181945802,1.3014320935916057,1.0,5.694070339202881,4.911886246378956,-4.694070339202881,0.01016310888959769,True,True,OK,metrics within configured thresholds
6.48,stroke_001,draw_line,0.494284212224,0.024740981318064417,0.202,0.49333980393066224,0.025064494961049875,0.20200070809941828,0.4989327196531906,0.024698012417998315,0.21244687623130304,0.0009444082933377507,-0.0003235136429854575,-7.080994182673273e-07,0.0009982828272226418,0.030117429792881012,0.04151574522256851,0.020565753802657127,-2.3802523612976074,-0.0008544810116291046,2.398902654647827,0.7996626496315002,-0.01743420958518982,-0.035421278327703476,-0.017140811309218407,-0.03091520071029663,-0.003947163466364145,-0.06187598779797554,-0.03609351068735123,0.2526376464788889,3.073875319417536,0.13856134943756548,0.02,1.0,0.6921553676605225,1.3096740705288115,1.0,5.131931781768799,5.185650678867329,-4.131931781768799,0.010446876231303037,True,True,OK,metrics within configured thresholds
6.5,stroke_001,draw_line,0.494093428655622,0.024410534484384454,0.202,0.49314489161580705,0.02473899380381287,0.20200070777160564,0.49875355655399567,0.024365121618011954,0.2124478417537805,0.0009485370398149562,-0.00032845931942841744,-7.077716056291816e-07,0.0010037970618411594,0.029797356575727463,0.040988530963659286,0.02024916000664234,-2.3809220790863037,-0.0008277047309093177,2.398982524871826,0.7988699078559875,-0.017891867086291313,-0.035003092139959335,-0.017563238739967346,-0.031924810260534286,-0.004309659358114004,-0.054360032081604004,-0.03661638870835304,0.2525887843820783,3.0740003936543583,0.13844777495726995,0.02,1.0,0.6915476387023927,1.3132742590403204,1.0,4.686155796051025,5.166849064882843,-3.6861557960510254,0.010447841753780485,True,True,OK,metrics within configured thresholds
6.5200000000000005,stroke_001,draw_line,0.49389990897516356,0.024075348565565893,0.202,0.4930123296352012,0.024411531532852467,0.20200069704436102,0.49857161643138115,0.024027462769705896,0.21222346803258935,0.0008875793399623633,-0.0003361829672865746,-6.97044361008814e-07,0.000949113564381245,0.02947145886719227,0.04051972180604935,0.01992741785943508,-2.3815882205963135,-0.000804093957412988,2.399390697479248,0.7980717420578003,-0.017669904977083206,-0.030962619930505753,-0.017876433208584785,-0.030101045966148376,-0.005737640894949436,-0.03869737684726715,-0.035721469670534134,0.2525310134363568,3.074273222320596,0.13833019780971334,0.02,1.0,0.6908779209136964,1.3012119153366457,1.0,5.574032783508301,4.998606420791707,-4.574032783508301,0.010223468032589325,True,True,OK,metrics within configured thresholds
6.54,stroke_001,draw_line,0.4937037037037037,0.02373551106668461,0.202,0.4927735196699455,0.02407554338899839,0.20200093152690266,0.4983866898263704,0.023685112732143382,0.21255496691254974,0.000930184033758219,-0.00034003232231378036,-9.315269026421991e-07,0.000990386381479059,0.029141437262296677,0.03995706886053085,0.019601956009864807,-2.3822481632232666,-0.0007724380702711642,2.3992180824279785,0.7972573041915894,-0.01862926036119461,-0.03848351165652275,-0.017821336165070534,-0.033789440989494324,-0.002771994099020958,-0.07558365166187286,-0.03847644105553627,0.252462865591555,3.0749207816339097,0.13823476517600636,0.02,1.0,0.6902117794036866,1.3166919385024558,1.0,4.374731063842773,5.200005647742515,-3.3747310638427734,0.010554966912549734,True,True,OK,metrics within configured thresholds
6.5600000000000005,stroke_001,draw_line,0.4935048648044432,0.023391111990644392,0.202,0.4926551600878286,0.02374124473810099,0.20200080989762167,0.49819924436315727,0.023338177523847915,0.21214907587280601,0.0008497047166146077,-0.0003501327474565996,-8.09897621661948e-07,0.0009190167039900718,0.02880771830677986,0.03948274627327919,0.01927221193909645,-2.3829505443573,-0.0007500472711399198,2.399768829345703,0.7964439392089844,-0.017969459295272827,-0.029965776950120926,-0.018190767616033554,-0.03089856170117855,-0.006001567468047142,-0.03208852559328079,-0.036614514887332916,0.25241391776699235,3.0749047288547016,0.13810235993551817,0.02,1.0,0.6895518367767335,1.2982249564229087,1.0,5.665525436401367,4.911159543377606,-4.665525436401367,0.010149075872806014,True,True,OK,metrics within configured thresholds
6.58,stroke_001,draw_line,0.49330344564524675,0.023042243773298308,0.202,0.49240035628520196,0.023398928528762485,0.20200052518631914,0.4980088408279556,0.022986725040509803,0.21257434427988506,0.0009030893600447953,-0.0003566847554641768,-5.251863191280126e-07,0.0009709761494636866,0.028472179546952248,0.03890000656247139,0.018940012902021408,-2.383622884750366,-0.0007177214720286429,2.399534225463867,0.7956105470657349,-0.019071288406848907,-0.04033743590116501,-0.018131447955965996,-0.034945517778396606,-0.002229738747701049,-0.07128435373306274,-0.03946566581726074,0.25233779282148516,3.075730191776188,0.1380094436410368,0.02,1.0,0.6888494556427003,1.3168231319585209,1.0,4.453293323516846,5.175187605935922,-3.4532933235168457,0.010574344279885038,True,True,OK,metrics within configured thresholds
6.6000000000000005,stroke_001,draw_line,0.4930995009611852,0.02268900121857008,0.202,0.49225432175599926,0.02305343405409878,0.20200058491574605,0.49781607114186716,0.02263086485147196,0.21222280745386465,0.000845179205185953,-0.00036443283552869965,-5.849157460324772e-07,0.0009204018267130272,0.0281280018389225,0.038386858999729156,0.018599823117256165,-2.3843512535095215,-0.0006957370787858963,2.3999826908111572,0.7947756052017212,-0.01875024102628231,-0.032195448875427246,-0.018693530932068825,-0.03255179524421692,-0.005433422513306141,-0.03421667218208313,-0.03800882399082184,0.2522894252869221,3.0756519663625754,0.13787057552339815,0.02,1.0,0.6881771152496339,1.3034757955562588,1.0,5.222914218902588,4.922524607089246,-4.222914218902588,0.010222807453864651,True,True,OK,metrics within configured thresholds
6.62,stroke_001,draw_line,0.4928930868170779,0.02233148143357539,0.202,0.49204241134040644,0.022702244748957965,0.20200094740695013,0.49762054577728143,0.022270689801463572,0.21240870562686523,0.0008506754766714475,-0.00037076331538257387,-9.474069501136384e-07,0.0009279628765331086,0.027780627831816673,0.037832509726285934,0.018256353214383125,-2.385042190551758,-0.0006680608494207263,2.4000110626220703,0.7939260005950928,-0.019396409392356873,-0.03744550421833992,-0.018836798146367073,-0.03437840938568115,-0.003913951572030783,-0.06139823794364929,-0.03948894888162613,0.2522142817770266,3.076370996700121,0.13776618437640625,0.02,1.0,0.6874487464904786,1.3096848358325028,1.0,4.883852005004883,5.0276609712239155,-3.883852005004883,0.010408705626865222,True,True,OK,metrics within configured thresholds
6.640000000000001,stroke_001,draw_line,0.49268426057003506,0.021969783763743277,0.202,0.4918442166809272,0.022343886274818887,0.20200069052116867,0.4974225770913163,0.021906305454219045,0.21236104721443158,0.0008400438891078554,-0.00037410251107561007,-6.905211686614177e-07,0.0009195797416428944,0.02742461860179901,0.03727129101753235,0.017905673012137413,-2.385772466659546,-0.0006428838823921978,2.400184392929077,0.7930693030357361,-0.019626488909125328,-0.03651169687509537,-0.019295139238238335,-0.034408025443553925,-0.004980041179805994,-0.0510997474193573,-0.03921692073345184,0.2521556592056322,3.0766015784734533,0.13764110384766218,0.02,1.0,0.6867578094482423,1.309461177995746,1.0,4.8604278564453125,4.977327833047254,-3.8604278564453125,0.010361047214431561,True,True,OK,metrics within configured thresholds
6.66,stroke_001,draw_line,0.492473080832,0.02160400972793748,0.202,0.4916523885590415,0.021980563926500402,0.20200061328371266,0.4972221595438004,0.021537825825463822,0.21232722961660422,0.0008206922729585009,-0.00037655419856292074,-6.13283712647128e-07,0.0009029558391560832,0.027062280103564262,0.036716751754283905,0.01754980906844139,-2.386500120162964,-0.0006180501659400761,2.4003865718841553,0.7922062277793884,-0.01995990239083767,-0.036208879202604294,-0.01945207081735134,-0.034695565700531006,-0.004693979863077402,-0.047762688249349594,-0.039891600608825684,0.2520888250936982,3.077012273905926,0.13751815632383038,0.02,1.0,0.6860275333404542,1.307802680200684,1.0,4.960562705993652,4.936412841236574,-3.9605627059936523,0.010327229616604197,True,True,OK,metrics within configured thresholds
6.68,stroke_001,draw_line,0.4922596074322914,0.021234262953577755,0.202,0.4914440777688978,0.021612344649572773,0.20200083987155115,0.49701931870473764,0.0211653585828223,0.212367522352659,0.0008155296633935993,-0.0003780816959950174,-8.398715511392929e-07,0.0008989077294725908,0.026694798842072487,0.03614373505115509,0.017189757898449898,-2.3872342109680176,-0.0005919536342844367,2.4005126953125,0.7913368940353394,-0.020224951207637787,-0.037518274039030075,-0.019634753465652466,-0.03538491204380989,-0.004431632347404957,-0.05367712676525116,-0.040132857859134674,0.25202127141339914,3.07745633041847,0.13739766778593582,0.02,1.0,0.6852998798370362,1.3098261996046696,1.0,4.808135032653809,4.944865293901552,-3.8081350326538086,0.010367522352658975,True,True,OK,metrics within configured thresholds
6.7,stroke_001,draw_line,0.4920439013801457,0.020860649111761293,0.202,0.4912461804789009,0.021241077942962996,0.20200070136575413,0.49681417310194714,0.02078901357633761,0.21232301803342118,0.0007977209012448028,-0.0003804288312017033,-7.013657541132812e-07,0.0008837902600765837,0.026323383674025536,0.03557361289858818,0.01682616025209427,-2.387981414794922,-0.0005670515820384026,2.400719404220581,0.790463387966156,-0.020337628200650215,-0.03692743182182312,-0.019848879426717758,-0.03534742072224617,-0.005050111562013626,-0.04926258325576782,-0.04023503139615059,0.2519554324993122,3.077817461207111,0.1372709211290367,0.02,1.0,0.6845657890319825,1.3081479935519602,1.0,4.916531085968018,4.8970097024648425,-3.9165310859680176,0.010323018033421165,True,True,OK,metrics within configured thresholds
6.72,stroke_001,draw_line,0.49182602482725923,0.020483275852383992,0.202,0.4910328397724519,0.0208662594692476,0.20200063255229966,0.4966067348395669,0.02040889565073969,0.21236059365506718,0.0007931850548073549,-0.00038298361686360874,-6.325522996508681e-07,0.0008808060978887975,0.02594851702451706,0.034988440573215485,0.01645934395492077,-2.388731002807617,-0.0005416214698925614,2.400848150253296,0.7895840406417847,-0.020642155781388283,-0.03813324123620987,-0.019855845719575882,-0.03611956536769867,-0.0039677401073277,-0.05217408761382103,-0.04091706499457359,0.2518856332605081,3.078278370276842,0.1371469106053244,0.02,1.0,0.6838185852050782,1.3102027192721206,1.0,4.759923934936523,4.903842186690953,-3.7599239349365234,0.010360593655067168,True,True,OK,metrics within configured thresholds
6.74,stroke_001,draw_line,0.49160604103033073,0.020102252739261882,0.202,0.49083189660338916,0.02048928231322405,0.2020005854252517,0.4963971210076207,0.020025114031504216,0.21231201086848614,0.0007741444269415698,-0.00038702957396216653,-5.854252516923619e-07,0.0008655009113852815,0.02557085081934929,0.03440861031413078,0.016089528799057007,-2.3894917964935303,-0.000517332402523607,2.40106463432312,0.7887006402015686,-0.02069324441254139,-0.03738200664520264,-0.02008386142551899,-0.036069344729185104,-0.004688878543674946,-0.0478336401283741,-0.0407913401722908,0.25181805570770793,3.078652421029571,0.13701740972614043,0.02,1.0,0.6830689971923829,1.308187624625302,1.0,4.858585357666016,4.853470798576903,-3.8585853576660156,0.01031201086848613,True,True,OK,metrics within configured thresholds
6.76,stroke_001,draw_line,0.4913840143136034,0.01971769118525245,0.202,0.49061704291960095,0.020109236789222086,0.20200090148843353,0.49618533844182505,0.01963777466781393,0.21234168283826774,0.000766971394002447,-0.0003915456039696348,-9.014884335134532e-07,0.0008611352343780845,0.025190241634845734,0.03381497785449028,0.015716593712568283,-2.3902549743652344,-0.0004925906541757286,2.401211738586426,0.7878098487854004,-0.02089776284992695,-0.038379427045583725,-0.020206501707434654,-0.03669503331184387,-0.004323304630815983,-0.05465763434767723,-0.041181448847055435,0.2517464726822002,3.0791336420924256,0.13689147712793076,0.02,1.0,0.6823082035064698,1.3094896533724192,1.0,4.724332332611084,4.855260894258093,-3.724332332611084,0.010341682838267722,True,True,OK,metrics within configured thresholds
6.78,stroke_001,draw_line,0.4911600100314074,0.01932970438737596,0.202,0.49041246926448107,0.019727322318897008,0.20200119756910734,0.4959715007315634,0.01924698940639981,0.21229961139468684,0.0007475407669263467,-0.0003976179315210472,-1.1975691073251582e-06,0.000846710488806932,0.024807028472423553,0.03322460129857063,0.015340665355324745,-2.391029119491577,-0.00046839029528200626,2.4014337062835693,0.7869129776954651,-0.02100416086614132,-0.03667466714978218,-0.0203834380954504,-0.03727048262953758,-0.004693137481808662,-0.07117515057325363,-0.0415654182434082,0.2516769747532136,3.0795354973416895,0.1367606717893832,0.02,1.0,0.6815450256347657,1.307298524224822,1.0,4.507917881011963,4.80943589768164,-3.507917881011963,0.010299611394686815,True,True,OK,metrics within configured thresholds
6.8,stroke_001,draw_line,0.490934094530702,0.01893840726193688,0.202,0.49023611140814155,0.019346613139448098,0.20200074207711455,0.49575562576912224,0.01885286748065679,0.21216724176807816,0.0006979831225604749,-0.00040820587751121823,-7.420771145350002e-07,0.0008085870568420066,0.02442467398941517,0.0326630137860775,0.014963685534894466,-2.391798973083496,-0.0004454228619579226,2.4018023014068604,0.7860105037689209,-0.020860301330685616,-0.0360526368021965,-0.02045457437634468,-0.03597259521484375,-0.005184191279113293,-0.040151603519916534,-0.041503261774778366,0.25160381032039686,3.0800314235329838,0.1366326507773552,0.02,1.0,0.6807708805084229,1.2981245799181949,1.0,5.680334568023682,4.703904591847253,-4.680334568023682,0.010167241768078164,True,True,OK,metrics within configured thresholds
6.82,stroke_001,draw_line,0.49070633511361805,0.018543916379645156,0.202,0.4899109135110947,0.018954427188915626,0.20200123225025388,0.4955376611219065,0.018455507970450976,0.21266724176807816,0.0007954216025233274,-0.00041051080927046943,-1.2322502538630875e-06,0.0008951067918016052,0.024035682901740074,0.0319569855928421,0.014580787159502506,-2.392584800720215,-0.0004160437092650682,2.4014015197753906,0.7850913405418396,-0.021703269332647324,-0.04548511654138565,-0.020439423620700836,-0.040805310010910034,-0.0016032735584303737,-0.10518255829811096,-0.0435858890414238,0.2515262338988765,3.0806942993555286,0.13651489432717634,0.02,1.0,0.680001026916504,1.3256685516732434,1.0,3.200951099395752,5.045655083509002,-2.200951099395752,0.010667241768078164,True,True,OK,metrics within configured thresholds
6.84,stroke_001,draw_line,0.4904768,0.01814634990073761,0.202,0.48975209223992716,0.018566334862627848,0.2020008058259338,0.4953182642502109,0.018055062816027492,0.21216724176807816,0.0007247077600728291,-0.0004199849618902393,-8.058259337861973e-07,0.0008376093093317186,0.023644883185625076,0.03138004615902901,0.014194692485034466,-2.3934166431427,-0.0003965916112065315,2.4019782543182373,0.7841739654541016,-0.021146593615412712,-0.03434263542294502,-0.02086425945162773,-0.03637321665883064,-0.005671982653439045,-0.029273292049765587,-0.04195830971002579,0.25147125589174446,3.0804940658567204,0.13634382474203174,0.02,1.0,0.6792151992797852,1.3072461974219782,1.0,5.168253421783447,4.400008689069365,-4.168253421783447,0.010167241768078164,True,True,OK,metrics within configured thresholds
6.86,stroke_001,draw_line,0.4902455582899485,0.017745827510099267,0.202,0.48956522577404815,0.01817732837310361,0.2020006547461081,0.49509683054735865,0.017651623544317877,0.2121925283054129,0.0006803325159003282,-0.00043150086300434293,-6.547461080808059e-07,0.00080563376025166,0.023254811763763428,0.030814509838819504,0.013807285577058792,-2.394174814224243,-0.00037544293445535004,2.4022727012634277,0.7832459807395935,-0.021420547738671303,-0.03724965453147888,-0.020985355600714684,-0.036763522773981094,-0.005160628352314234,-0.04366683587431908,-0.04285840690135956,0.25138137775621394,3.0814182812473274,0.13622808174560713,0.02,1.0,0.6783833568572999,1.3014228439791946,1.0,5.3159379959106445,4.668894345519293,-4.3159379959106445,0.01019252830541291,True,True,OK,metrics within configured thresholds
6.88,stroke_001,draw_line,0.49001267992636244,0.01734247035238476,0.202,0.4892643886247334,0.017776287246871348,0.2020010251665654,0.4948735369113522,0.017245303770383618,0.21255949373923047,0.0007482913016290116,-0.00043381689448658903,-1.0251665653882025e-06,0.0008649497216613897,0.022855624556541443,0.030122525990009308,0.01341222319751978,-2.3949759006500244,-0.0003506527282297611,2.4020333290100098,0.7823031544685364,-0.022230559960007668,-0.044630762189626694,-0.0210792887955904,-0.04060463234782219,-0.002295210026204586,-0.08448593318462372,-0.04466170817613602,0.25130667161872666,3.0819999961342,0.13610746472532484,0.02,1.0,0.6776251857757569,1.3214013381785779,1.0,3.609867811203003,4.895359623156266,-2.609867811203003,0.010559493739230461,True,True,OK,metrics within configured thresholds
6.9,stroke_001,draw_line,0.48977823565748146,0.016936400967139584,0.202,0.489118361054151,0.017377518814420234,0.20200080010835136,0.4946489046026623,0.016836263506347524,0.21205949373923047,0.0006598746033304459,-0.0004411178472806497,-8.001083513509144e-07,0.0007937380471436416,0.022453108802437782,0.02955719828605652,0.013013438321650028,-2.395807981491089,-0.0003332279156893492,2.402681350708008,0.7813624143600464,-0.021658847108483315,-0.033840715885162354,-0.021470827981829643,-0.03619298338890076,-0.006036409176886082,-0.027818797156214714,-0.043078772723674774,0.2512446509977587,3.081997009324563,0.13594398090622212,0.02,1.0,0.6768240993499757,1.2995610458507154,1.0,5.406091213226318,4.445437488972624,-4.406091213226318,0.01005949373923046,True,True,OK,metrics within configured thresholds
6.92,stroke_001,draw_line,0.48954229699942814,0.016527743223921573,0.202,0.4888442032375637,0.016973428720259174,0.20200087074073647,0.4944223790126093,0.016424607210610686,0.21243954346965824,0.0006980937618644156,-0.0004456854963376007,-8.707407364583197e-07,0.0008282337956091474,0.022049613296985626,0.028900805860757828,0.012612736783921719,-2.396588087081909,-0.0003102571063209325,2.402550458908081,0.780408501625061,-0.022466907277703285,-0.04360707476735115,-0.021359823644161224,-0.03980427607893944,-0.0025672477204352617,-0.0680435448884964,-0.04520255699753761,0.2511522643895841,3.083007291988302,0.1358328881798126,0.02,1.0,0.6759920185089112,1.3141623658758934,1.0,4.307929039001465,4.781666292461417,-3.307929039001465,0.010439543469658228,True,True,OK,metrics within configured thresholds
6.94,stroke_001,draw_line,0.4893049361987502,0.016116622257422147,0.202,0.48864014646026643,0.01656558906472009,0.2020006623758932,0.49419454081572345,0.016010471562313153,0.212216142419368,0.0006647897384837731,-0.00044896680729794233,-6.623758931900703e-07,0.0008021951316172736,0.021639183163642883,0.028279569000005722,0.012205948121845722,-2.3974249362945557,-0.00029263272881507874,2.4028983116149902,0.7794525623321533,-0.022424962371587753,-0.03823507949709892,-0.021912705153226852,-0.038402628153562546,-0.005310635082423687,-0.04094330966472626,-0.04405568912625313,0.25108828011155626,3.083125530277612,0.13568029043895988,0.02,1.0,0.6752119129180909,1.3065903479277454,1.0,4.683335781097412,4.615858253750434,-3.683335781097412,0.010216142419368007,True,True,OK,metrics within configured thresholds
6.96,stroke_001,draw_line,0.489066226194963,0.015703164402587705,0.202,0.48841016021802997,0.016153332140017355,0.20200087390251775,0.4939651767124071,0.015593988611610618,0.21227704444894344,0.0006560659769330179,-0.0004501677374296499,-8.739025177395554e-07,0.0007956596770084658,0.0212242528796196,0.02764916606247425,0.011795366182923317,-2.398232936859131,-0.0002737108734436333,2.4030566215515137,0.7784906029701233,-0.02275107428431511,-0.040417566895484924,-0.022006791085004807,-0.03888270631432533,-0.0044353255070745945,-0.05379518121480942,-0.04465031996369362,0.2510042843852045,3.0838061160083687,0.1355484261256088,0.02,1.0,0.6743750637054444,1.3077104827152108,1.0,4.668351173400879,4.639475388321877,-3.668351173400879,0.010277044448943423,True,True,OK,metrics within configured thresholds
6.98,stroke_001,draw_line,0.4888262405830916,0.015287497129741,0.202,0.488166781905314,0.015737216860150536,0.2020008503622545,0.4937344596199262,0.015175294701886716,0.21231775130950162,0.0006594586777776135,-0.00044971973040953614,-8.503622545008582e-07,0.0007982069322749508,0.020805252715945244,0.02699616737663746,0.011381403543055058,-2.3990612030029297,-0.00025471640401519835,2.4031803607940674,0.7775255441665649,-0.0230117067694664,-0.041171856224536896,-0.022047968581318855,-0.039766278117895126,-0.0038037148769944906,-0.05516621470451355,-0.0452556274831295,0.25092853776614976,3.0842649605257666,0.13540950249064462,0.02,1.0,0.6735670631408692,1.31067469140783,1.0,4.337549686431885,4.649581913099528,-3.3375496864318848,0.010317751309501594,True,True,OK,metrics within configured thresholds
7.0,stroke_001,draw_line,0.4885850535762134,0.014869748979702467,0.202,0.48796224683870476,0.01532173457890108,0.2020007919722512,0.49350251282358426,0.014754525490037808,0.21217871698493745,0.000622806737508641,-0.00045198559919861284,-7.919722511962046e-07,0.0007695322224501929,0.02038509026169777,0.026377972215414047,0.01096603274345398,-2.3998918533325195,-0.00023672440147493035,2.4035186767578125,0.7765601277351379,-0.022700075060129166,-0.03877147659659386,-0.022329656407237053,-0.038016531616449356,-0.00576111301779747,-0.04485432803630829,-0.0439215786755085,0.25085188908502154,3.084695437650299,0.13526453852249165,0.02,1.0,0.6727387969970704,1.3034568167908662,1.0,4.919040679931641,4.540370633765853,-3.9190406799316406,0.010178716984937445,True,True,OK,metrics within configured thresholds
7.0200000000000005,stroke_001,draw_line,0.488342739968,0.014450049498911544,0.202,0.48768602257275884,0.01490240413946732,0.20200080575963342,0.49326925135089855,0.014331800162885586,0.21240322909522397,0.0006567173952411465,-0.0004523546405557771,-8.05759633404346e-07,0.0007974353311041902,0.019963037222623825,0.02569683827459812,0.010548491030931473,-2.400716781616211,-0.00021790298342239112,2.4034643173217773,0.7755900621414185,-0.02320750243961811,-0.04377002269029617,-0.022165892645716667,-0.040547240525484085,-0.003389999968931079,-0.06402508914470673,-0.04561658203601837,0.25076828674832896,3.0853707741065004,0.13513319340231092,0.02,1.0,0.6719081466674806,1.3148166719754473,1.0,4.015124797821045,4.672905149923879,-3.015124797821045,0.01040322909522395,True,True,OK,metrics within configured thresholds
7.04,stroke_001,draw_line,0.48809937509525986,0.014028529174548103,0.202,0.48750655954678795,0.014485184200610476,0.20200083782662553,0.4930350338427168,0.01390725733600657,0.21208199318455678,0.0005928155484719033,-0.000456655026062373,-8.37826625521565e-07,0.0007483079508407782,0.019540345296263695,0.025094861164689064,0.010129517875611782,-2.4015605449676514,-0.00020299042807891965,2.4039645195007324,0.7746214270591736,-0.022819697856903076,-0.03646836802363396,-0.02249176613986492,-0.038269009441137314,-0.0061577968299388885,-0.038222506642341614,-0.04403817281126976,0.2506969639518277,3.0856059686109174,0.13497706959754055,0.02,1.0,0.6710832183837891,1.3000212922487433,1.0,4.913480758666992,4.442682026687887,-3.913480758666992,0.010081993184556777,True,True,OK,metrics within configured thresholds
7.0600000000000005,stroke_001,draw_line,0.4878550348004804,0.01360531936965374,0.202,0.48723395949705,0.014065196875814487,0.20200063310998848,0.4927995448139623,0.013481013159142546,0.21235441474992597,0.0006210753034304184,-0.0004598775061607479,-6.331099884626656e-07,0.0007728015618721745,0.019117452204227448,0.02442173659801483,0.009709334932267666,-2.402376651763916,-0.00018550976528786123,2.4039173126220703,0.7736456394195557,-0.023327913135290146,-0.043782733380794525,-0.02224898152053356,-0.04052313417196274,-0.003059064969420433,-0.06281723827123642,-0.04613645374774933,0.2506068454301893,3.086472979150094,0.13485370759336723,0.02,1.0,0.6702394550323487,1.3109307979516351,1.0,4.359355449676514,4.607461582880574,-3.3593554496765137,0.010354414749925973,True,True,OK,metrics within configured thresholds
7.08,stroke_001,draw_line,0.4876097953943704,0.013180552258253125,0.202,0.4869982754122672,0.013643148473119657,0.20200093428782173,0.49256323071138763,0.013053204694113732,0.21224880340104768,0.0006115199821031814,-0.0004625962148665317,-9.342878217188932e-07,0.0007667808157577049,0.0186909269541502,0.02376100793480873,0.00928555615246296,-2.4032347202301025,-0.00017055796342901886,2.4041454792022705,0.772667646408081,-0.023306235671043396,-0.04061156511306763,-0.022581998258829117,-0.039983704686164856,-0.004715477116405964,-0.05034514144062996,-0.04545142501592636,0.250535552436342,3.0867208594801796,0.1346995209363466,0.02,1.0,0.6694233482360841,1.3091649517475485,1.0,4.251855850219727,4.520624436259153,-3.2518558502197266,0.010248803401047654,True,True,OK,metrics within configured thresholds
7.1000000000000005,stroke_001,draw_line,0.4873637336184021,0.012754360760475394,0.202,0.4867913135327677,0.013220460425378085,0.202000656387237,0.4923260170269758,0.01262396743574198,0.212131685781395,0.0005724200856343509,-0.00046609966490269127,-6.563872369802493e-07,0.0007381829603182693,0.0182629581540823,0.023139093071222305,0.008859766647219658,-2.404068946838379,-0.00015723238175269216,2.4044864177703857,0.7716871500015259,-0.02326287515461445,-0.03899843990802765,-0.022796200588345528,-0.03866243362426758,-0.0056977407075464725,-0.043545808643102646,-0.04497139900922775,0.25045209889742787,3.087293376342481,0.13455563370733867,0.02,1.0,0.6685652797698975,1.3018059863071423,1.0,4.923819065093994,4.426555431145354,-3.923819065093994,0.010131685781394974,True,True,OK,metrics within configured thresholds
7.12,stroke_001,draw_line,0.48711692660735373,0.012326878477675492,0.202,0.4864956927509268,0.012792540345344303,0.2020005654652633,0.4920878633345915,0.012193432398450204,0.2124179533731392,0.0006212338564269282,-0.00046566186766881096,-5.654652632802737e-07,0.0007763844402889862,0.017831183969974518,0.022433115169405937,0.008430695161223412,-2.404907703399658,-0.00014193174138199538,2.4043612480163574,0.7707007527351379,-0.023784643039107323,-0.045294731855392456,-0.022607438266277313,-0.041463449597358704,-0.0027247662656009197,-0.06659337133169174,-0.046760812401771545,0.25036707082667786,3.0879880838766405,0.13442343790303748,0.02,1.0,0.6677310531616212,1.3165903446301002,1.0,3.799095392227173,4.600597703027378,-2.799095392227173,0.0104179533731392,True,True,OK,metrics within configured thresholds
7.140000000000001,stroke_001,draw_line,0.4868694518518519,0.011898239627555512,0.202,0.48632283676520344,0.012368299367237507,0.2020006717612054,0.4918491998685844,0.011761750129775969,0.21202040516322884,0.0005466150866484387,-0.0004700597396819946,-6.717612053841471e-07,0.0007209331890575588,0.017399966716766357,0.021829288452863693,0.008001147769391537,-2.4057681560516357,-0.00012973687262274325,2.4049360752105713,0.7697169780731201,-0.023263631388545036,-0.036253541707992554,-0.022833047434687614,-0.038217101246118546,-0.005776925943791866,-0.029209159314632416,-0.04523051530122757,0.25029544604751425,3.088167073900084,0.13425982977204898,0.02,1.0,0.6668922966003419,1.2983578111407812,1.0,4.959558963775635,4.320071894247306,-3.9595589637756348,0.010020405163228826,True,True,OK,metrics within configured thresholds
7.16,stroke_001,draw_line,0.4866213871609133,0.011468578979286034,0.202,0.4860305402553753,0.011941334054645696,0.20200080095170883,0.4916096103871617,0.011329036557945803,0.21238094312131128,0.0005908469055380117,-0.00047275507535966127,-8.009517088181095e-07,0.0007567021002916557,0.0169693510979414,0.021134596318006516,0.007570875342935324,-2.406590461730957,-0.00011612767411861569,2.4048025608062744,0.7687268257141113,-0.023791883140802383,-0.04514826461672783,-0.0226589385420084,-0.04144915193319321,-0.0027408727910369635,-0.06762411445379257,-0.04700825363397598,0.2502007566670244,3.089137010149417,0.13413806381560056,0.02,1.0,0.6660318439483643,1.3133198262511925,1.0,3.9733529090881348,4.543892368582221,-2.9733529090881348,0.010380943121311274,True,True,OK,metrics within configured thresholds
7.18,stroke_001,draw_line,0.48637281062448773,0.011038031788627497,0.202,0.4858248553437807,0.01151434334585958,0.2020009996947543,0.4913696500393076,0.010895434327908553,0.2121048193299812,0.0005479552807070021,-0.0004763115572320835,-9.99694754283409e-07,0.0007260362860058328,0.016536232084035873,0.02049735002219677,0.0071378364227712154,-2.4074578285217285,-0.000105613078630995,2.4052176475524902,0.767736554145813,-0.023531710729002953,-0.03830808028578758,-0.02313826233148575,-0.03926945850253105,-0.006042446009814739,-0.042966630309820175,-0.045318566262722015,0.25013033423574443,3.089308380171099,0.13397685979619758,0.02,1.0,0.665209538269043,1.3027204702076212,1.0,4.537120819091797,4.3442035577592915,-3.537120819091797,0.010104819329981194,True,True,OK,metrics within configured thresholds
7.2,stroke_001,draw_line,0.486123800576,0.010606733733051554,0.202,0.48557380941416867,0.011085078190250775,0.20200096700786532,0.4911290484140895,0.010461076223724254,0.21222998296437534,0.0005499911618313535,-0.00047834445719922153,-9.67007865310121e-07,0.0007289064637729806,0.016101693734526634,0.019836634397506714,0.00670293252915144,-2.4082887172698975,-9.472470992477611e-05,2.405325412750244,0.7667425274848938,-0.023810865357518196,-0.04164307191967964,-0.023056641221046448,-0.04034557193517685,-0.004465339705348015,-0.06517213582992554,-0.04639210179448128,0.250039432909057,3.090108687921381,0.1338432712105795,0.02,1.0,0.6643421714782716,1.306308777148702,1.0,4.299198150634766,4.411724599225669,-3.2991981506347656,0.010229982964375339,True,True,OK,metrics within configured thresholds
7.22,stroke_001,draw_line,0.48587443555489224,0.010174820846862432,0.202,0.4853317879667251,0.01065431483147253,0.20200092560665897,0.49088806490619225,0.01002610493819889,0.21219451296126066,0.0005426475881671333,-0.00047949398461009755,-9.256066589580225e-07,0.0007241420737455892,0.01566491276025772,0.01917336694896221,0.006265725940465927,-2.409141778945923,-8.517890091752633e-05,2.4055240154266357,0.7657471299171448,-0.023936979472637177,-0.041061751544475555,-0.023107104003429413,-0.04026980325579643,-0.00429574167355895,-0.05076444521546364,-0.046697601675987244,0.24996066169116113,3.09055715710923,0.13369616783319138,0.02,1.0,0.6635112827301026,1.3058060142020993,1.0,4.398555755615234,4.372340342218853,-3.3985557556152344,0.010194512961260647,True,True,OK,metrics within configured thresholds
7.24,stroke_001,draw_line,0.48562479426916627,0.009742429456318251,0.202,0.4850785264146682,0.010222067291807035,0.20200066110215334,0.49064674112827084,0.009590660869788745,0.2122319466634521,0.0005462678544980726,-0.00047963783548878383,-6.611021533264871e-07,0.0007269535467595919,0.01522622350603342,0.018501626327633858,0.005826626438647509,-2.4099910259246826,-7.598346564918756e-05,2.4056568145751953,0.7647508978843689,-0.024063820019364357,-0.042061902582645416,-0.023117706179618835,-0.04037367179989815,-0.003752083284780383,-0.05236583948135376,-0.04707087576389313,0.24987700320791448,3.0911184660829356,0.13355085517790824,0.02,1.0,0.6626582210540772,1.3083824686733734,1.0,4.216043472290039,4.381515736907586,-3.216043472290039,0.0102319466634521,True,True,OK,metrics within configured thresholds
7.26,stroke_001,draw_line,0.4853749555579259,0.009309696114752419,0.202,0.48484400810474193,0.009789383377895812,0.20200084544247118,0.49040520034616714,0.009154885117860811,0.21216833892763795,0.0005309474531839942,-0.0004796872631433937,-8.454424711701325e-07,0.0007155457939486061,0.0147866765037179,0.01784636080265045,0.005386388394981623,-2.410842180252075,-6.797782407375053e-05,2.405895709991455,0.7637549042701721,-0.024010684341192245,-0.0405706912279129,-0.02324708364903927,-0.03982127457857132,-0.004617826547473669,-0.04840155318379402,-0.04659273102879524,0.24979532730326606,3.0916095570123767,0.13340184777144684,0.02,1.0,0.6618089740753175,1.3059182723249423,1.0,4.301671504974365,4.323600444291444,-3.3016715049743652,0.010168338927637927,True,True,OK,metrics within configured thresholds
7.28,stroke_001,draw_line,0.4851249983539192,0.008876757537694954,0.202,0.4846017589616274,0.009356559805056928,0.20200078843483668,0.49016344612400414,0.008718915281430109,0.21218003771170518,0.0005232393922918188,-0.00047980226736197423,-7.884348366682392e-07,0.0007099227416001652,0.014346746727824211,0.01718841679394245,0.004945395514369011,-2.41168475151062,-6.058358121663332e-05,2.4060797691345215,0.7627593278884888,-0.02406865544617176,-0.041210342198610306,-0.023235984146595,-0.03990207239985466,-0.004250071477144957,-0.05032668262720108,-0.04670656472444534,0.24971025866541738,3.0922206433679817,0.13325948941248547,0.02,1.0,0.6609578197479249,1.3059498125617621,1.0,4.318424224853516,4.315925315530467,-3.3184242248535156,0.010180037711705173,True,True,OK,metrics within configured thresholds
7.3,stroke_001,draw_line,0.48487500164608077,0.00844375053799382,0.202,0.48435145866217344,0.008923555558681727,0.2020008898655714,0.4899215885958232,0.008282888413685782,0.21220456723863634,0.0005235429839073324,-0.0004798050206879078,-8.898655713962533e-07,0.0007101485096348876,0.013906409032642841,0.016520144417881966,0.004503646865487099,-2.412532329559326,-5.366063123801723e-05,2.406231164932251,0.7617641687393188,-0.024015365168452263,-0.04154578596353531,-0.02333279885351658,-0.039933424443006516,-0.004665147978812456,-0.05939207598567009,-0.046155814081430435,0.24962736064882782,3.0927712280420394,0.1331150464515259,0.02,1.0,0.66011524848938,1.3075426247208681,1.0,4.079155921936035,4.316799933793534,-3.079155921936035,0.01020456723863633,True,True,OK,metrics within configured thresholds
7.32,stroke_001,draw_line,0.4846250444420741,0.008010811960936354,0.202,0.4841289893192057,0.008492158922895005,0.20200067831431462,0.48967973938713716,0.007846942310734569,0.21210243950411867,0.0004960551228683774,-0.00048134696195865044,-6.783143146060766e-07,0.0006912062230775218,0.01346739660948515,0.015879275277256966,0.004062210209667683,-2.4133780002593994,-4.7625493607483804e-05,2.406531572341919,0.760769784450531,-0.023936575278639793,-0.03970109671354294,-0.023361152037978172,-0.03916285187005997,-0.005298006348311901,-0.04413095489144325,-0.046091824769973755,0.24954466943851378,3.093291649886662,0.13296746750754113,0.02,1.0,0.6592676704406739,1.3020731037363933,1.0,4.5174946784973145,4.233624529643409,-3.5174946784973145,0.010102439504118647,True,True,OK,metrics within configured thresholds
7.34,stroke_001,draw_line,0.4843752057308337,0.007578078619370508,0.202,0.48385122841673733,0.008059187136566942,0.20200075794456324,0.489437866761763,0.007411208126555431,0.21227480218583916,0.0005239773140963688,-0.0004811085171964342,-7.579445632233117e-07,0.0007113495663079842,0.013027267530560493,0.015189889818429947,0.003619396360591054,-2.414217948913574,-4.2770181607920676e-05,2.4065263271331787,0.7597751021385193,-0.024186357855796814,-0.043555788695812225,-0.023200295865535736,-0.04068475216627121,-0.0033133558463305235,-0.05913598835468292,-0.04717392101883888,0.249457599208623,3.0939797652855856,0.13282991933744318,0.02,1.0,0.6584219997406007,1.3109988539368373,1.0,3.847195863723755,4.332979081742276,-2.847195863723755,0.010274802185839142,True,True,OK,metrics within configured thresholds
7.36,stroke_001,draw_line,0.48412556444510774,0.007145687228826331,0.202,0.4836458488108275,0.007628182298289916,0.20200067394128354,0.4891962721760268,0.006975830218351552,0.21204190668106748,0.0004797156342802311,-0.0004824950694635854,-6.73941283529933e-07,0.000680388885878075,0.012587795034050941,0.014562249183654785,0.0031765189487487078,-2.415069103240967,-3.8457354094134644e-05,2.4069318771362305,0.7587820291519165,-0.02390597201883793,-0.038153037428855896,-0.02343430556356907,-0.0386909544467926,-0.00580567866563797,-0.0373065322637558,-0.04583824798464775,0.2493798077813891,3.094329173510827,0.13267342083844125,0.02,1.0,0.6575820510864259,1.3005668973045228,1.0,4.500975608825684,4.162954955435794,-3.5009756088256836,0.01004190668106747,True,True,OK,metrics within configured thresholds
7.38,stroke_001,draw_line,0.483876199424,0.0067137743426372125,0.202,0.4833734054212887,0.007196003976721911,0.2020007346127098,0.4889547457264481,0.006540939128381722,0.21224233635938602,0.0005027940027113043,-0.00048222963408469863,-7.346127097740407e-07,0.0006966690525692604,0.012148180045187473,0.013884861022233963,0.00273299147374928,-2.415895462036133,-3.554916838766076e-05,2.406935214996338,0.757788896560669,-0.024159414693713188,-0.043195195496082306,-0.023237690329551697,-0.04020703211426735,-0.0034895166754722595,-0.0591026172041893,-0.04705922305583954,0.2492887937574113,3.09514170284,0.1325416879220287,0.02,1.0,0.6567308967590333,1.3089121971419853,1.0,3.961754083633423,4.281262184122255,-2.961754083633423,0.010242336359386019,True,True,OK,metrics within configured thresholds
7.4,stroke_001,draw_line,0.48362718937551225,0.00628247628706128,0.202,0.4831471866727024,0.006765176747355101,0.20200089044577363,0.4887136366285674,0.006106678302904169,0.21209678064707205,0.00048000270280984525,-0.00048270046029382126,-8.904457736158555e-07,0.0006807371900860855,0.011708914302289486,0.013238037936389446,0.002289301948621869,-2.4167463779449463,-3.287314757471904e-05,2.4072327613830566,0.7567976117134094,-0.023976873606443405,-0.03942276909947395,-0.02336827479302883,-0.03899349644780159,-0.004986302461475134,-0.046154752373695374,-0.04621336609125137,0.2492115287882065,3.095502427724874,0.1323881840052301,0.02,1.0,0.6559045379638673,1.3035671330857137,1.0,4.199288845062256,4.169434348951164,-3.199288845062256,0.01009678064707204,True,True,OK,metrics within configured thresholds
7.42,stroke_001,draw_line,0.48337861283908673,0.005851929096402735,0.202,0.48290570214312095,0.00633555516826199,0.20200072625230003,0.48847284000779523,0.005673181313578443,0.21213471344148851,0.00047291069596577806,-0.0004836260718592547,-7.262523000206578e-07,0.0006764164628268984,0.0112712187692523,0.01258916687220335,0.0018461714498698711,-2.4175736904144287,-3.083926276303828e-05,2.4074079990386963,0.7558072805404663,-0.0239090695977211,-0.040828485041856766,-0.02341105043888092,-0.038992080837488174,-0.005416270811110735,-0.051049236208200455,-0.045870471745729446,0.24912336766840648,3.096200000346152,0.13224937730916927,0.02,1.0,0.6550536220550538,1.3037450062433955,1.0,4.242579460144043,4.179883422590046,-3.242579460144043,0.010134713441488492,True,True,OK,metrics within configured thresholds
7.44,stroke_001,draw_line,0.48313054814814815,0.005422268448133261,0.202,0.48264590632426146,0.005905290822496007,0.202000615576946,0.48823249779220196,0.005240582509559751,0.2121900416504545,0.00048464182388668897,-0.00048302237436274615,-6.155769460003402e-07,0.0006842431516136773,0.010832859203219414,0.011919368989765644,0.0014021162642166018,-2.4184093475341797,-3.0575436539947987e-05,2.4075026512145996,0.75481778383255,-0.02406860701739788,-0.041777025908231735,-0.023249488323926926,-0.039612412452697754,-0.0038934689946472645,-0.053375244140625,-0.04686633124947548,0.24904050584492085,3.0967589233577404,0.13210675675301067,0.02,1.0,0.6542263095855714,1.3078304910380667,1.0,3.8731026649475098,4.201827035733945,-2.8731026649475098,0.010190041650454479,True,True,OK,metrics within configured thresholds
7.46,stroke_001,draw_line,0.48288307339264624,0.004993629598013263,0.202,0.4824318226343617,0.005477131239409668,0.20200084156194453,0.48799276390639734,0.004809023758296116,0.21203906877033332,0.0004512507582845604,-0.00048350164139640463,-8.415619445201195e-07,0.0006613635855653943,0.01039560791105032,0.011293196119368076,0.0009585245279595256,-2.4192416667938232,-3.0211274861358106e-05,2.4078378677368164,0.7538301944732666,-0.023886321112513542,-0.03839358687400818,-0.023339027538895607,-0.03813742473721504,-0.0050995019264519215,-0.042535774409770966,-0.046063464134931564,0.24895903334304162,3.0972349928239886,0.13195728845222204,0.02,1.0,0.6533906524658204,1.3004303888928437,1.0,4.364792346954346,4.086773505958693,-3.3647923469543457,0.010039068770333311,True,True,OK,metrics within configured thresholds
7.48,stroke_001,draw_line,0.4826362663815979,0.004566147315213355,0.202,0.4821621576347348,0.005048455095668333,0.20200069532258352,0.48775353590828296,0.0043786359631582915,0.2122073172225582,0.0004741087468631,-0.00048230778045497795,-6.953225835104604e-07,0.0006763138194751024,0.00995861180126667,0.010623137466609478,0.0005147510091774166,-2.420060396194458,-3.1825937185203657e-05,2.407853364944458,0.7528448700904846,-0.02402181550860405,-0.04249415546655655,-0.0232143085449934,-0.03935064375400543,-0.0037760490085929632,-0.05859782174229622,-0.04668448865413666,0.24887086626978275,3.0979764405078005,0.13182424424463177,0.02,1.0,0.6525583332061768,1.3080747224398233,1.0,3.8658885955810547,4.184080100307171,-2.8658885955810547,0.010207317222558179,True,True,OK,metrics within configured thresholds
7.5,stroke_001,draw_line,0.48239020460562965,0.0041399558174356685,0.202,0.48193988863275217,0.0046215431318092125,0.20200077270264782,0.4875151172420915,0.003949560513675895,0.21206177567409254,0.0004503159728774797,-0.000481587314373544,-7.72702647811041e-07,0.000659326485031123,0.0095225153490901,0.009989711456000805,7.144891424104571e-05,-2.420893430709839,-3.3011569030350074e-05,2.4081501960754395,0.7518621683120728,-0.023825909942388535,-0.03874559327960014,-0.023291869089007378,-0.038030847907066345,-0.005093445535749197,-0.043545227497816086,-0.045867498964071274,0.24879284058833015,3.0983632616478913,0.13167262181405362,0.02,1.0,0.6517396038055421,1.3024967290785479,1.0,4.143752574920654,4.072713073653031,-3.1437525749206543,0.010061775674092539,True,True,OK,metrics within configured thresholds
7.5200000000000005,stroke_001,draw_line,0.4821449651995196,0.0037151887060350233,0.202,0.48169610032169746,0.004196298817949548,0.20200056297134725,0.4872773984917027,0.0035219295657871914,0.21212075445055173,0.00044886487782214157,-0.0004811101119145244,-5.629713472343756e-07,0.0006579870327486934,0.009088275022804737,0.009347897954285145,-0.0003708175790961832,-2.4217042922973633,-3.552485577529296e-05,2.408294200897217,0.7508825063705444,-0.0237859059125185,-0.04038718342781067,-0.02323051728308201,-0.03841453790664673,-0.004960713442414999,-0.05052464082837105,-0.045826151967048645,0.24870536749378097,3.0990686023513754,0.1315368894147537,0.02,1.0,0.6509065692901612,1.303933954592522,1.0,4.0420308113098145,4.0975768990966985,-3.0420308113098145,0.010120754450551718,True,True,OK,metrics within configured thresholds
7.54,stroke_001,draw_line,0.4819006249047401,0.003291978901140649,0.202,0.4814534493657272,0.0037720284652575037,0.20200068500010493,0.4870405465620867,0.0030958755177865733,0.21211313970484222,0.00044717553901291174,-0.00048004956411685454,-6.850001049163446e-07,0.0006560594606629905,0.008654927834868431,0.008702422492206097,-0.0008126738830469549,-2.4225234985351562,-3.912120882887393e-05,2.408460855484009,0.7499058842658997,-0.023763736709952354,-0.04012645408511162,-0.023159341886639595,-0.038038693368434906,-0.004584895446896553,-0.050838712602853775,-0.04591410607099533,0.24862397753471344,3.0996006908183387,0.1313950906641396,0.02,1.0,0.6500957077026368,1.3043306878013918,1.0,3.984779119491577,4.07813576837129,-2.984779119491577,0.010113139704842206,True,True,OK,metrics within configured thresholds
7.5600000000000005,stroke_001,draw_line,0.481657260032,0.0028704585767772295,0.202,0.48121866827278953,0.0033495900887952333,0.20200088742672093,0.48680463724538225,0.0026715333274026486,0.2120854456907692,0.00043859175921046045,-0.0004791315120180038,-8.874267209135756e-07,0.0006495617942753176,0.008223080076277256,0.008068274706602097,-0.0012536015128716826,-2.423335313796997,-4.306646587792784e-05,2.408658742904663,0.7489326000213623,-0.02361201122403145,-0.039217498153448105,-0.023189980536699295,-0.03751146048307419,-0.005394249223172665,-0.05611235275864601,-0.04521534964442253,0.24854094866286072,3.1001644222592475,0.13125317822202454,0.02,1.0,0.6492765014648438,1.3031677383996663,1.0,3.9699854850769043,4.045460941263391,-2.9699854850769043,0.0100854456907692,True,True,OK,metrics within configured thresholds
7.58,stroke_001,draw_line,0.4814149464237866,0.00245075909598632,0.202,0.48098699606017226,0.0029288090578727657,0.20200074637549598,0.48656971924091935,0.002249034223638002,0.2120669543879925,0.0004279503636143711,-0.00047804996188644585,-7.463754959635693e-07,0.0006416181394362895,0.007793050725013018,0.007442076224833727,-0.0016934194136410952,-2.424138307571411,-4.812525730812922e-05,2.4088592529296875,0.7479627728462219,-0.02358546480536461,-0.03914159536361694,-0.02306237816810608,-0.03725498542189598,-0.0048532686196267605,-0.048693928867578506,-0.045509468764066696,0.24845769597724765,3.100760344163465,0.1311147587433486,0.02,1.0,0.648464686203003,1.3018130683570235,1.0,4.151613712310791,4.019044531598121,-3.151613712310791,0.010066954387992481,True,True,OK,metrics within configured thresholds
7.6000000000000005,stroke_001,draw_line,0.4811737594169084,0.0020330109459477594,0.202,0.48072831623765383,0.0025089937749361866,0.20200089160311047,0.4863358601961995,0.0018285097806411345,0.21215801131408057,0.00044544317925454546,-0.0004759828289884272,-8.916031104533317e-07,0.0006519049580976739,0.007363785058259964,0.006790506653487682,-0.00213270983658731,-2.424940824508667,-5.454661732073873e-05,2.4089162349700928,0.746997058391571,-0.023598792031407356,-0.040587976574897766,-0.02294953353703022,-0.03793124854564667,-0.00410694582387805,-0.06350724399089813,-0.04573310539126396,0.24837490944879856,3.10135946951278,0.13097805707706228,0.02,1.0,0.647661692428589,1.307202157746648,1.0,3.6005821228027344,4.065443744847556,-2.6005821228027344,0.010158011314080569,True,True,OK,metrics within configured thresholds
7.62,stroke_001,draw_line,0.48093377380503705,0.0016173436731010474,0.202,0.48053755943376303,0.00209268887989428,0.20200078978562708,0.4861032480114805,0.0014100939120483085,0.21193427815774696,0.0003962143712740174,-0.00047534520679323256,-7.897856270644432e-07,0.0006188210705742837,0.006937754340469837,0.0062038893811404705,-0.002569698728621006,-2.4257407188415527,-5.8999459724873304e-05,2.409335136413574,0.7460342049598694,-0.02317201718688011,-0.03596414998173714,-0.023124292492866516,-0.03533552587032318,-0.006937763188034296,-0.04185880348086357,-0.04363812133669853,0.24829598380824042,3.101804353043953,0.13083197957304574,0.02,1.0,0.6468591754913331,1.2954275858048097,1.0,4.531582355499268,3.9027421771318687,-3.5315823554992676,0.009934278157746959,True,True,OK,metrics within configured thresholds
7.640000000000001,stroke_001,draw_line,0.4806950638012498,0.0012038858182666298,0.202,0.48023591137055205,0.0016763617346406267,0.20200067192033525,0.4858716901283375,0.0009939098440115914,0.21228627910506678,0.00045915243069777345,-0.00047247591637399684,-6.719203352323344e-07,0.0006588284280797684,0.006511953193694353,0.005523984786123037,-0.003006590763106942,-2.4265217781066895,-6.912259414093569e-05,2.409125804901123,0.7450773119926453,-0.023477617651224136,-0.04379180818796158,-0.022772276774048805,-0.038612816482782364,-0.00324010057374835,-0.06873048841953278,-0.04542563483119011,0.2482069290670761,3.102647366143062,0.13070996972372775,0.02,1.0,0.6460592811584474,1.313201204125819,1.0,3.2289485931396484,4.122836239560458,-2.2289485931396484,0.010286279105066767,True,True,OK,metrics within configured thresholds
7.66,stroke_001,draw_line,0.4804577030005719,0.0007927648517671998,0.202,0.4800771764391298,0.0012640069574131575,0.20200068326195658,0.4856417099888713,0.0005800943938776878,0.21183665791963904,0.00038052656144210717,-0.00047124210564595767,-6.832619565688702e-07,0.0006056979882280368,0.006089534144848585,0.004964995197951794,-0.003440865781158209,-2.4273266792297363,-7.366194040514529e-05,2.4097301959991455,0.744123101234436,-0.022938940674066544,-0.03305044025182724,-0.022830715402960777,-0.03447077050805092,-0.006501910276710987,-0.02637431211769581,-0.043821852654218674,0.24813714862864925,3.1027973767212007,0.1305504873623548,0.02,1.0,0.6452782218933106,1.292660913714204,1.0,4.570563316345215,3.8099755633131744,-3.570563316345215,0.009836657919639034,True,True,OK,metrics within configured thresholds
7.68,stroke_001,draw_line,0.4802217643425185,0.0003841071085491851,0.202,0.47978093523036647,0.0008539018175065642,0.20200074177107075,0.48541281365447825,0.00016876773309577523,0.212257499758919,0.00044082911215204135,-0.00046979470895737907,-7.417710707335878e-07,0.0006442343711021843,0.005670406389981508,0.004303440451622009,-0.003873039735481143,-2.428081512451172,-8.533081563655287e-05,2.4095070362091064,0.7431760430335999,-0.02317753992974758,-0.043386850506067276,-0.022552160546183586,-0.03768043965101242,-0.0033557419665157795,-0.07059596478939056,-0.044943880289793015,0.2480421854762112,3.1038490985145026,0.13043957362902467,0.02,1.0,0.6444733207702638,1.3108031738089319,1.0,3.4068126678466797,4.076181276874388,-2.4068126678466797,0.010257499758918973,True,True,OK,metrics within configured thresholds
7.7,stroke_001,draw_line,0.47998732007363754,-2.196227669598594e-05,0.202,0.47959406322412174,0.0004462555655562616,0.20200067883763764,0.4851856307277225,-0.00023994375102439236,0.21192597455502543,0.00039325684951579953,-0.00046821784225224754,-6.78837637629881e-07,0.0006114567509766991,0.005252745933830738,0.003721639048308134,-0.0043039629235863686,-2.428879976272583,-9.256877092411742e-05,2.409952163696289,0.7422311902046204,-0.02284032665193081,-0.03477058187127113,-0.02264004573225975,-0.03475460782647133,-0.006020836066454649,-0.034690625965595245,-0.043768417090177536,0.24797479883636395,3.103978664075966,0.13028396217181573,0.02,1.0,0.6437184875488282,1.297715984628513,1.0,4.131121635437012,3.8419022637146902,-3.1311216354370117,0.009925974555025429,True,True,OK,metrics within configured thresholds
7.72,stroke_001,draw_line,0.47975444171005155,-0.0004253194344104802,0.202,0.47934728258528697,4.060467009521619e-05,0.20200064937394244,0.4849598006354639,-0.0006459152828414399,0.21209841662848639,0.00040715912476457783,-0.0004659241045056964,-6.493739424240363e-07,0.0006187602489858324,0.004837597720324993,0.0031093654688447714,-0.004733056761324406,-2.429628849029541,-0.0001042707881424576,2.409987211227417,0.7412930727005005,-0.022925758734345436,-0.039431385695934296,-0.022421440109610558,-0.03575573116540909,-0.004229366313666105,-0.0568024143576622,-0.04444235563278198,0.24788461968690262,3.104858386869102,0.13016380914593764,0.02,1.0,0.6429200237274171,1.303534850905169,1.0,3.8418877124786377,3.943129043817503,-2.8418877124786377,0.010098416628486371,True,True,OK,metrics within configured thresholds
7.74,stroke_001,draw_line,0.4795232,-0.0008258418250488495,0.202,0.4791146863426403,-0.0003631458027337698,0.20200076272187073,0.48473564115936957,-0.0010490210760666617,0.21206561879157843,0.00040851365735966594,-0.00046269602231507965,-7.627218707173533e-07,0.000617228968098727,0.004423756618052721,0.0024983619805425406,-0.005160821136087179,-2.430401563644409,-0.00011505431757541373,2.4101438522338867,0.7403600215911865,-0.02276657707989216,-0.037999290972948074,-0.022366343066096306,-0.03524768725037575,-0.004793581552803516,-0.050845660269260406,-0.04393761605024338,0.24781027970311142,3.1052718256434035,0.1300260502314199,0.02,1.0,0.6421711509704591,1.3038261122203043,1.0,3.6818015575408936,3.9076945778489,-2.6818015575408936,0.010065618791578409,True,True,OK,metrics within configured thresholds
7.76,stroke_001,draw_line,0.4792936648863819,-0.0012234083039564317,0.202,0.4789103550492061,-0.0007636883106996248,0.20200069526188447,0.484513172195289,-0.001449135887975063,0.2119668253800619,0.000383309837175827,-0.0004597199932568069,-6.952618844535685e-07,0.0005985560849785805,0.0040131621062755585,0.001923763076774776,-0.005585916806012392,-2.431155204772949,-0.0001255320239579305,2.4104197025299072,0.7394329309463501,-0.02253616601228714,-0.035871606320142746,-0.022287538275122643,-0.03393424674868584,-0.005518574733287096,-0.04493444785475731,-0.04324714466929436,0.24773013902201726,3.1058310050872073,0.1298917555058195,0.02,1.0,0.6413984363555909,1.2982808299937296,1.0,4.102944850921631,3.828632020741098,-3.102944850921631,0.009966825380061894,True,True,OK,metrics within configured thresholds
7.78,stroke_001,draw_line,0.47906590546929795,-0.0016178991862481201,0.202,0.47865549752593706,-0.001161721129752821,0.20200078849519154,0.48429235695064976,-0.001846140703432871,0.2121313121064858,0.0004104079433608909,-0.0004561780564952991,-7.884951915282379e-07,0.0006136234357700263,0.0036049792543053627,0.0013067623367533088,-0.00600890489295125,-2.4318981170654297,-0.00013952134759165347,2.410405397415161,0.7385136485099792,-0.022528067231178284,-0.039496973156929016,-0.02206939086318016,-0.034896429628133774,-0.004060950130224228,-0.06269446760416031,-0.04345601797103882,0.24764851117303052,3.1065125895673407,0.12976885066351077,0.02,1.0,0.6406447952270509,1.3063124348509254,1.0,3.4922308921813965,3.9246415113042845,-2.4922308921813965,0.010131312106485803,True,True,OK,metrics within configured thresholds
7.8,stroke_001,draw_line,0.47883998996859256,-0.0020091963116872016,0.202,0.4784660611907784,-0.0015561226711272016,0.2020008274593746,0.4840734736137896,-0.002239914763530951,0.2119237096160086,0.0003739287778141698,-0.00045307364056,-8.27459374574957e-07,0.0005874513931696029,0.003200503997504711,0.0007477178587578237,-0.006428789347410202,-2.4326491355895996,-0.00015003640146460384,2.4107601642608643,0.73759925365448,-0.022154266014695168,-0.034183353185653687,-0.02206972986459732,-0.033096712082624435,-0.006243525538593531,-0.042420752346515656,-0.042056892067193985,0.24757550196700523,3.1068790270003537,0.12962893664415776,0.02,1.0,0.6399018829345704,1.296982541069827,1.0,4.039988994598389,3.773297794611274,-3.0399889945983887,0.009923709616008566,True,True,OK,metrics within configured thresholds
7.82,stroke_001,draw_line,0.4786159856863966,-0.0023971831095636817,0.202,0.478223672165044,-0.0019471337396107014,0.20200077669875346,0.48385633509499526,-0.002630342929353802,0.21208378897400407,0.0003923135213525497,-0.00045004936995298025,-7.766987534518766e-07,0.0005970384725393043,0.0027994709089398384,0.00015382493438664824,-0.006845873314887285,-2.43337082862854,-0.00016516732284799218,2.410778284072876,0.7366935610771179,-0.022172754630446434,-0.0382966622710228,-0.021792080253362656,-0.03395766019821167,-0.004407902248203754,-0.05854020267724991,-0.042799245566129684,0.24749161931557007,3.107649808862635,0.1295115264476941,0.02,1.0,0.6391508644104005,1.303270957103779,1.0,3.696040630340576,3.866639714606764,-2.696040630340576,0.010083788974004047,True,True,OK,metrics within configured thresholds
7.84,stroke_001,draw_line,0.47839395896966924,-0.002781744663573116,0.202,0.47800690098192933,-0.0023351653307642386,0.2020007384327692,0.48364122812785204,-0.0030173102877799254,0.21201387296501012,0.00038705798773991384,-0.00044657933280887714,-7.384327691817294e-07,0.0005909716843032734,0.0024013000074774027,-0.0004240668495185673,-0.007260395213961601,-2.4341084957122803,-0.00017849741561803967,2.4109654426574707,0.7357935905456543,-0.02191322110593319,-0.036028582602739334,-0.021723825484514236,-0.03295553848147392,-0.005381915718317032,-0.050152044743299484,-0.04186831787228584,0.2474195203366064,3.108044785607558,0.12937758752933956,0.02,1.0,0.63842917137146,1.3017162964236677,1.0,3.693458080291748,3.8069300351135986,-2.693458080291748,0.010013872965010096,True,True,OK,metrics within configured thresholds
7.86,stroke_001,draw_line,0.47817397517274074,-0.003162767776695233,0.202,0.4778010895071046,-0.0027194756358709113,0.20200078536443142,0.4834281235510541,-0.003400701548188939,0.2119736706926851,0.0003728856656361468,-0.00044329214082432147,-7.853644314048669e-07,0.0005792687274062121,0.002007000846788287,-0.0009802376152947545,-0.007671676576137543,-2.434823751449585,-0.00019262531714048237,2.4111714363098145,0.7349011898040771,-0.021775102242827415,-0.03501781448721886,-0.021498901769518852,-0.03252028673887253,-0.004971119575202465,-0.04729384556412697,-0.04213864728808403,0.2473411499305014,3.1086326237083473,0.12925164042986978,0.02,1.0,0.6376915042877198,1.299017273148268,1.0,3.8660202026367188,3.767214850925951,-2.8660202026367188,0.009973670692685106,True,True,OK,metrics within configured thresholds
7.88,stroke_001,draw_line,0.4779560986198543,-0.0035401410360725166,0.202,0.47757289269516634,-0.0031005763121290802,0.20200089081114164,0.48321705044110536,-0.0037804057340810543,0.21204515607940144,0.0003832059246879349,-0.0004395647239434364,-8.908111416294773e-07,0.0005831506844683411,0.0016159068327397108,-0.001553393667563796,-0.008080109022557735,-2.4355313777923584,-0.0002086712047457695,2.411245584487915,0.7340168356895447,-0.021646395325660706,-0.03641238808631897,-0.021327044814825058,-0.03280981630086899,-0.004445296246558428,-0.056443896144628525,-0.041878119111061096,0.24726426785210723,3.1092335017363064,0.12913114027610798,0.02,1.0,0.6369762485504151,1.3024833247644374,1.0,3.578815460205078,3.8017967240247197,-2.578815460205078,0.010045156079401433,True,True,OK,metrics within configured thresholds
7.9,stroke_001,draw_line,0.4777403925677086,-0.003913754877888975,0.202,0.4773761490874471,-0.003477765606280224,0.20200057820245096,0.48300817058116485,-0.004156311231368518,0.21194715718886795,0.0003642434802615391,-0.00043598927160875146,-5.782024509459749e-07,0.000568119962850314,0.0012287988793104887,-0.002096483251079917,-0.008485088124871254,-2.4362382888793945,-0.0002229505917057395,2.4114887714385986,0.733138918876648,-0.021373877301812172,-0.034024905413389206,-0.021210920065641403,-0.03150860220193863,-0.005356024485081434,-0.04509551078081131,-0.04111282154917717,0.24719160390731007,3.1096881111599246,0.12900340923790793,0.02,1.0,0.6362686222076417,1.2979429723010043,1.0,3.913320302963257,3.7237532816878454,-2.913320302963257,0.009947157188867935,True,True,OK,metrics within configured thresholds
7.92,stroke_001,draw_line,0.477526919168,-0.00428350165224875,0.202,0.47714247512901375,-0.0038513837655938135,0.2020006190961666,0.4828014291497246,-0.004528310724498249,0.21206621058721148,0.00038444403898624246,-0.00043211788665493663,-6.190961665819561e-07,0.0005783800397310125,0.000845239672344178,-0.002666412852704525,-0.008886910043656826,-2.436929702758789,-0.00024080098955892026,2.411506414413452,0.7322703003883362,-0.021278977394104004,-0.036600176244974136,-0.02098894491791725,-0.032165370881557465,-0.004342622589319944,-0.0566105917096138,-0.04114916920661926,0.2471142418799667,3.110329585240874,0.1288867902817563,0.02,1.0,0.6355617111206056,1.3038916272198904,1.0,3.4757862091064453,3.7901017391342395,-2.4757862091064453,0.010066210587211466,True,True,OK,metrics within configured thresholds
7.94,stroke_001,draw_line,0.47731573942996497,-0.004649275688054483,0.202,0.4769564345873283,-0.004221230493058455,0.20200077789803203,0.4825970444289665,-0.004896297091704827,0.21191995557307225,0.0003593048426366874,-0.00042804519499602817,-7.778980320172213e-07,0.0005588588945581082,0.00046556012239307165,-0.003192891599610448,-0.009285238571465015,-2.4376235008239746,-0.00025546044344082475,2.411785840988159,0.7314075827598572,-0.020974965766072273,-0.03278627246618271,-0.020854592323303223,-0.030515115708112717,-0.005369326565414667,-0.04298815131187439,-0.040372248739004135,0.2470443999274876,3.1107201925232486,0.12875837794561662,0.02,1.0,0.634870297241211,1.2974697070721348,1.0,3.8733558654785156,3.6800913036245113,-2.8733558654785156,0.009919955573072244,True,True,OK,metrics within configured thresholds
7.96,stroke_001,draw_line,0.47710691318292214,-0.005010973357886604,0.202,0.47673202365216427,-0.004586995971310293,0.20200083906779376,0.48239489487631004,-0.005260165647381659,0.21204065360534752,0.00037488953075787146,-0.0004239773865763116,-8.390677937453184e-07,0.0005659502527914434,8.993047231342643e-05,-0.003742711152881384,-0.009679969400167465,-2.4382925033569336,-0.00027407213929109275,2.411816120147705,0.7305549383163452,-0.02087007835507393,-0.03557557612657547,-0.020622147247195244,-0.0310161542147398,-0.004433701746165752,-0.05830451473593712,-0.04038141667842865,0.2469671380873216,3.1113969306626625,0.1286465234877722,0.02,1.0,0.6341764991760255,1.302579048225531,1.0,3.5165622234344482,3.747733900273413,-2.5165622234344482,0.010040653605347512,True,True,OK,metrics within configured thresholds
7.98,stroke_001,draw_line,0.4769004990388148,-0.005368493142881292,0.202,0.47654138146402075,-0.004948800182104244,0.20200080163493883,0.48219520270697575,-0.005619814651904651,0.21193795624170073,0.0003591175747940656,-0.00041969296077704835,-8.016349388184629e-07,0.000552366052967008,-0.00028151588048785925,-0.004264512099325657,-0.010070920921862125,-2.438969135284424,-0.00029009790159761906,2.4120421409606934,0.7297094464302063,-0.020601987838745117,-0.032662831246852875,-0.020420759916305542,-0.03001171536743641,-0.004781197290867567,-0.045592498034238815,-0.04001883417367935,0.2468989035315538,3.1117930485730487,0.1285229906718809,0.02,1.0,0.6335074966430665,1.2984880780557317,1.0,3.7365760803222656,3.6668238133797755,-2.7365760803222656,0.009937956241700713,True,True,OK,metrics within configured thresholds
8.0,stroke_001,draw_line,0.4766965543547532,-0.005721735697609552,0.202,0.47633311370970843,-0.00530623104024118,0.2020008762706768,0.48199789989980446,-0.005975143662658839,0.2119934148415932,0.000363440645044788,-0.0004155046573683721,-8.762706767972972e-07,0.0005520271647443439,-0.0006484923651441932,-0.004791551735252142,-0.010457889176905155,-2.4396233558654785,-0.00030853020143695176,2.4121346473693848,0.7288742065429688,-0.020409196615219116,-0.03396560996770859,-0.020237276330590248,-0.029755575582385063,-0.004691974725574255,-0.05544932559132576,-0.03952785208821297,0.2468244813599996,3.112408557818853,0.12841085883187248,0.02,1.0,0.6328308647155763,1.300490227148961,1.0,3.6242475509643555,3.691237106809647,-2.6242475509643555,0.00999341484159319,True,True,OK,metrics within configured thresholds
8.02,stroke_001,draw_line,0.47649513519555675,-0.006070603914955626,0.202,0.47613192321230446,-0.005659528975951672,0.202000759914728,0.48180312344437115,-0.0063260557396435735,0.21197691986011027,0.0003632119832522873,-0.0004110749390039536,-7.599147279768736e-07,0.0005485491114982848,-0.0010113194584846497,-0.005312343593686819,-0.01084102038294077,-2.440279483795166,-0.00032661171280778944,2.412269353866577,0.728047251701355,-0.0201717521995306,-0.03317750617861748,-0.020037243142724037,-0.029345538467168808,-0.004888281226158142,-0.050189435482025146,-0.03910662978887558,0.24675578509692067,3.1128683399397894,0.1282941070151384,0.02,1.0,0.6321766441345216,1.3005250250430513,1.0,3.5844149589538574,3.667790762263795,-2.5844149589538574,0.009976919860110256,True,True,OK,metrics within configured thresholds
8.040000000000001,stroke_001,draw_line,0.47629629629629633,-0.006415002990995809,0.202,0.4759400801527267,-0.006008417659079764,0.20200082959206445,0.48161091008445145,-0.0066724549044451815,0.2119516178279903,0.00035621614356962095,-0.0004065853319160451,-8.295920644330046e-07,0.0005405573617035354,-0.0013695328962057829,-0.005817505996674299,-0.011219977401196957,-2.4409210681915283,-0.0003446968039497733,2.412429094314575,0.7272288203239441,-0.01993579976260662,-0.03224911168217659,-0.01983656734228134,-0.0285697840154171,-0.005154745187610388,-0.052787840366363525,-0.038672320544719696,0.24668555715850632,3.1133787636615082,0.12817976043457083,0.02,1.0,0.6315205162048341,1.2991933867678491,1.0,3.6233670711517334,3.638609231105317,-2.6233670711517334,0.009951617827990276,True,True,OK,metrics within configured thresholds
8.06,stroke_001,draw_line,0.47610009102483647,-0.006754840489877116,0.202,0.47574445047401726,-0.006352757117814144,0.202000829343752,0.4814212864013274,-0.00701424828699588,0.21196204861534051,0.000355640550819214,-0.0004020833720629717,-8.293437519790725e-07,0.0005367978458298645,-0.0017231254605576396,-0.006320515647530556,-0.011594710871577263,-2.4415526390075684,-0.0003636914771050215,2.4125514030456543,0.7264198660850525,-0.019710587337613106,-0.03228810057044029,-0.019620919600129128,-0.028232663869857788,-0.0049028717912733555,-0.054805971682071686,-0.038150861859321594,0.2466160783096162,3.113908384788574,0.12806974296406257,0.02,1.0,0.6308789318084718,1.2995541269068773,1.0,3.601766586303711,3.6332744751215627,-2.601766586303711,0.009962048615340497,True,True,OK,metrics within configured thresholds
8.08,stroke_001,draw_line,0.47590657134437797,-0.007090026408695667,0.202,0.4755504201997054,-0.006692761973963123,0.20200080427548534,0.4812343304228444,-0.007351345651789482,0.21196386270070938,0.00035615114467257847,-0.00039726443473254384,-8.042754853221368e-07,0.0005335384857852448,-0.002072266535833478,-0.006818894762545824,-0.011965266428887844,-2.4421772956848145,-0.00038311543175950646,2.412670373916626,0.7256211638450623,-0.019481323659420013,-0.03201724961400032,-0.019389739260077477,-0.02794664353132248,-0.004666241817176342,-0.05111861228942871,-0.037825196981430054,0.246548445200647,3.114395070323872,0.1279591721775352,0.02,1.0,0.6302473609924317,1.2999755556693329,1.0,3.561500072479248,3.622246714035314,-2.561500072479248,0.009963862700709371,True,True,OK,metrics within configured thresholds
8.1,stroke_001,draw_line,0.47571578777600004,-0.0074204732423756165,0.202,0.47536211519659377,-0.007028066705618361,0.20200068377381117,0.48105009728845777,-0.007683658053570706,0.21195017761161888,0.0003536725794062723,-0.0003924065367572555,-6.837738111553637e-07,0.000528268540668791,-0.0024165238719433546,-0.007306611631065607,-0.012331318110227585,-2.4427924156188965,-0.00040220131631940603,2.41280460357666,0.7248315215110779,-0.019215188920497894,-0.031473685055971146,-0.01918608509004116,-0.027145639061927795,-0.005279926583170891,-0.05086439847946167,-0.03728301450610161,0.24648149383404597,3.114876109329728,0.1278496366161032,0.02,1.0,0.6296227043151856,1.2995961298877454,1.0,3.592367649078369,3.600985389490691,-2.592367649078369,0.009950177611618871,True,True,OK,metrics within configured thresholds
8.120000000000001,stroke_001,draw_line,0.4755277893612022,-0.007746096048547778,0.202,0.4751718657771871,-0.0073588481495115285,0.20200084640965452,0.48086862433226857,-0.008011100237869806,0.21196383908216485,0.0003559235840150943,-0.0003872478990362494,-8.464096545035549e-07,0.0005259688673062715,-0.002756088273599744,-0.007790861185640097,-0.012692931108176708,-2.44339656829834,-0.00042233988642692566,2.4129090309143066,0.7240516543388367,-0.018981048837304115,-0.031402431428432465,-0.018942996859550476,-0.02677113376557827,-0.004823095630854368,-0.05371873453259468,-0.0368514358997345,0.24641496538734217,3.115370416173289,0.12774281928371967,0.02,1.0,0.6290075843811036,1.3004895112650803,1.0,3.473264694213867,3.5979691803463782,-2.473264694213867,0.009963839082164827,True,True,OK,metrics within configured thresholds
8.14,stroke_001,draw_line,0.4753426236244475,-0.008066812512427912,0.202,0.47499752535581585,-0.007684439031724492,0.2020006135055221,0.48068997828701865,-0.008333588542444316,0.21191624948521667,0.0003450982686316606,-0.00038237348070341987,-6.135055220790608e-07,0.0005150754023896346,-0.0030902365688234568,-0.008255291730165482,-0.013049588538706303,-2.4439916610717773,-0.0004411022237036377,2.413083076477051,0.7232815027236938,-0.018698442727327347,-0.030031675472855568,-0.018695082515478134,-0.026019109413027763,-0.005070284940302372,-0.04761761799454689,-0.036413781344890594,0.24635031370273286,3.115826390939773,0.12763611977843492,0.02,1.0,0.6284034317016602,1.2980101874257313,1.0,3.6296868324279785,3.5543226102,-2.6296868324279785,0.00991624948521666,True,True,OK,metrics within configured thresholds
8.16,stroke_001,draw_line,0.4751603365357037,-0.008382543011695977,0.202,0.4748057417657002,-0.008005315449163988,0.2020007619400364,0.48051415302434414,-0.008651044353512202,0.21197388060250222,0.0003545947700035468,-0.0003772275625319888,-7.619400363978457e-07,0.0005177245072432952,-0.0034196493215858936,-0.00872922595590353,-0.013401716947555542,-2.444573402404785,-0.0004623844870366156,2.413140296936035,0.7225223183631897,-0.01848224550485611,-0.03109029494225979,-0.018449092283844948,-0.026127757504582405,-0.004441964905709028,-0.052901044487953186,-0.03596233204007149,0.2462844476149136,3.116357464657953,0.1275355876699892,0.02,1.0,0.6278083389282227,1.3009131155556732,1.0,3.4069743156433105,3.5807000879797926,-2.4069743156433105,0.009973880602502207,True,True,OK,metrics within configured thresholds
8.18,stroke_001,draw_line,0.47498097247298643,-0.008693210681374255,0.202,0.47463942225593014,-0.00832167024227289,0.20200067202485608,0.4803412746185014,-0.008963389598752057,0.2119003138444992,0.00034155021705628563,-0.0003715404391013647,-6.720248560687647e-07,0.0005046774219996748,-0.0037440843880176544,-0.009177292697131634,-0.013749084435403347,-2.4451510906219482,-0.00048123442684300244,2.413327217102051,0.7217721939086914,-0.018180472776293755,-0.028945328667759895,-0.018204886466264725,-0.025016920641064644,-0.004874115809798241,-0.046027570962905884,-0.035473939031362534,0.24622312861759735,3.116753673934484,0.12743005396613863,0.02,1.0,0.6272265975952149,1.297632718038372,1.0,3.601797580718994,3.5198960676620237,-2.601797580718994,0.009900313844499188,True,True,OK,metrics within configured thresholds
8.2,stroke_001,draw_line,0.4748045741849011,-0.008998741478706267,0.202,0.4744548123895066,-0.008632606946831215,0.20200083080929257,0.48017129572954986,-0.00927054796536029,0.21196115207003474,0.0003497617953944765,-0.00036613453187505154,-8.308092925568555e-07,0.000506348199555416,-0.004063126165419817,-0.009633533656597137,-0.014091325923800468,-2.445711135864258,-0.0005026487051509321,2.4133846759796143,0.721034049987793,-0.017945224419236183,-0.030067402869462967,-0.017953135073184967,-0.02490529976785183,-0.004540701862424612,-0.05780119076371193,-0.03489937260746956,0.24615858442896074,3.117290246822776,0.12733358622436006,0.02,1.0,0.6266489093780518,1.3002992406194005,1.0,3.380258560180664,3.548561597231963,-2.380258560180664,0.009961152070034722,True,True,OK,metrics within configured thresholds
8.22,stroke_001,draw_line,0.4746311827531852,-0.009299064248035296,0.202,0.47429338424662854,-0.008938326446526902,0.20200090213809027,0.4800043428931101,-0.00957244933794752,0.21189022056432266,0.00033779850655668575,-0.00036073780150839424,-9.021380902585197e-07,0.0004942068456852564,-0.004376659169793129,-0.010066903196275234,-0.0144283976405859,-2.4462692737579346,-0.0005215771961957216,2.4135642051696777,0.7203053832054138,-0.01763763464987278,-0.028035210445523262,-0.017696646973490715,-0.023927852511405945,-0.005090496502816677,-0.049530141055583954,-0.034453220665454865,0.24609916957829434,3.117678739062296,0.12723203631430577,0.02,1.0,0.6260888641357423,1.29716686323773,1.0,3.6062684059143066,3.489655534264008,-2.6062684059143066,0.009890220564322637,True,True,OK,metrics within configured thresholds
8.24,stroke_001,draw_line,0.4744608375552507,-0.009594110785683202,0.202,0.47411050036009933,-0.009238489703417122,0.20200090032552934,0.4798403748678504,-0.009869025472592401,0.21196915561221444,0.0003503371951513734,-0.0003556210822660798,-9.003255293238421e-07,0.0004992026793244283,-0.004684493876993656,-0.010512209497392178,-0.014760124497115612,-2.446810483932495,-0.0005434664199128747,2.4135971069335938,0.719589352607727,-0.017382265999913216,-0.02945803478360176,-0.017461027950048447,-0.02401008829474449,-0.0050882985815405846,-0.06114024296402931,-0.03380712494254112,0.24603678931268216,3.118196350676445,0.1271387277466194,0.02,1.0,0.6255307262420655,1.3007835587470309,1.0,3.2926554679870605,3.5304700393416124,-2.2926554679870605,0.009969155612214434,True,True,OK,metrics within configured thresholds
8.26,stroke_001,draw_line,0.4742935762267264,-0.009883815904828772,0.202,0.4739625216763211,-0.009533784017732395,0.20200078709365243,0.4796795276935422,-0.010160212237795981,0.21186143360682888,0.0003310545504053297,-0.00035003188709637617,-7.870936524212446e-07,0.0004817883942611558,-0.0049867876805365086,-0.01092222984880209,-0.015086638741195202,-2.447348117828369,-0.000561865686904639,2.4138126373291016,0.718881368637085,-0.01702018268406391,-0.026760974898934364,-0.01720637083053589,-0.02237814851105213,-0.005687633529305458,-0.0476236492395401,-0.03298690915107727,0.24597971911736763,3.118552216882781,0.12703909042652278,0.02,1.0,0.624989516067505,1.2957594636398775,1.0,3.707618236541748,3.4472349393675197,-2.707618236541748,0.009861433606828868,True,True,OK,metrics within configured thresholds
8.28,stroke_001,draw_line,0.474129434624,-0.010168117500386709,0.202,0.4737690368797276,-0.009823353694152027,0.2020008497042049,0.47952170993673926,-0.010445945581952666,0.212015903421499,0.00036039774427237825,-0.0003447638062346811,-8.497042048860592e-07,0.0004987477700835153,-0.005283784121274948,-0.011364982463419437,-0.015407965518534184,-2.4478657245635986,-0.0005858170916326344,2.4137470722198486,0.7181876301765442,-0.01684228703379631,-0.02970091626048088,-0.016924859955906868,-0.023378798738121986,-0.004694799892604351,-0.06551487743854523,-0.03277873620390892,0.2459182219384337,3.1191014867884297,0.12695193781732544,0.02,1.0,0.624451882171631,1.3037966175427036,1.0,3.0253443717956543,3.5383690933785,-2.0253443717956543,0.010015903421498988,True,True,OK,metrics within configured thresholds
8.3,stroke_001,draw_line,0.47396844678676053,-0.010446956613886053,0.202,0.4736556090376913,-0.01010840372162094,0.20200072501677088,0.479367150637877,-0.010726167794804684,0.2117630771157538,0.0003128377490692058,-0.00033855289226511313,-7.250167708694466e-07,0.0004609620849409187,-0.005575152114033699,-0.0117333410307765,-0.015723980963230133,-2.448385238647461,-0.0006008028867654502,2.4141159057617188,0.7174993753433228,-0.016373014077544212,-0.023725509643554688,-0.01669127494096756,-0.020670272409915924,-0.006333655212074518,-0.03662595897912979,-0.03161092475056648,0.24586598492298714,3.119339718823144,0.12685030421819665,0.02,1.0,0.6239342754364015,1.2913442551527943,1.0,4.008040428161621,3.358810440824504,-3.008040428161621,0.009763077115753766,True,True,OK,metrics within configured thresholds
8.32,stroke_001,draw_line,0.47381064490054076,-0.010720277498348918,0.202,0.4734324843158503,-0.010387080468029691,0.20200083252376042,0.4792155740797041,-0.011000819329650786,0.2121220251456605,0.000378160584690479,-0.00033319703031922665,-8.325237604023261e-07,0.0005040102994213593,-0.005861317273229361,-0.012190237641334534,-0.016034651547670364,-2.4488747119903564,-0.0006295866332948208,2.4138402938842773,0.7168307900428772,-0.01635638251900673,-0.03174383565783501,-0.016411077231168747,-0.02317044883966446,-0.004208386410027742,-0.07497252523899078,-0.031669046729803085,0.2458022464196672,3.120045115556935,0.12677646829128622,0.02,1.0,0.6234147613525391,1.3090152387448923,1.0,2.696315288543701,3.586040936392495,-1.6963152885437012,0.0101220251456605,True,True,OK,metrics within configured thresholds
8.34,stroke_001,draw_line,0.47365605925925924,-0.010988027683169109,0.202,0.4733544578878509,-0.010663285930623177,0.20200067772335317,0.4790674630214796,-0.011269851136006327,0.21167084163925742,0.0003016013714083332,-0.00032474175254593174,-6.777233531596316e-07,0.0004431941475143077,-0.0061431145295500755,-0.01252027414739132,-0.01634073071181774,-2.449385404586792,-0.0006403474253602326,2.414384365081787,0.7161624431610107,-0.015729473903775215,-0.020499590784311295,-0.016180191189050674,-0.01894884556531906,-0.0070389024913311005,-0.026521282270550728,-0.030090799555182457,0.2457582180729869,3.120044702288687,0.12666646929968386,0.02,1.0,0.6229252880096436,1.288197334721081,1.0,4.151700496673584,3.2746369596454175,-3.151700496673584,0.009670841639257403,True,True,OK,metrics within configured thresholds
8.36,stroke_001,draw_line,0.47350471822776286,-0.011250158038990744,0.202,0.4731260741604896,-0.010930241883649867,0.20200084112475747,0.478922277416294,-0.011533201686450084,0.21214937126058045,0.0003786440672732816,-0.00031991615534087726,-8.411247574557912e-07,0.0004956998926973854,-0.006417581345885992,-0.012964577414095402,-0.016639722511172295,-2.4498400688171387,-0.0006710556335747242,2.4140172004699707,0.7155196666717529,-0.01576739177107811,-0.03182469308376312,-0.015827251598238945,-0.02240625210106373,-0.00398655142635107,-0.07876844704151154,-0.030455060303211212,0.24569077515478896,3.1209340620231667,0.1266056809812887,0.02,1.0,0.6224145954132081,1.3098413742714594,1.0,2.640066623687744,3.5816091976052755,-1.6400666236877441,0.010149371260580426,True,True,OK,metrics within configured thresholds
8.38,stroke_001,draw_line,0.47335664820436885,-0.011506622842587078,0.202,0.4730531427338012,-0.01119499049004771,0.20200045255528845,0.47878065945232134,-0.011790839839292327,0.21167082589435088,0.0003035054705676221,-0.0003116323525393684,-4.525552884382389e-07,0.0004350063202069414,-0.006687397602945566,-0.013282782398164272,-0.016934029757976532,-2.4503374099731445,-0.0006806784658692777,2.414564847946167,0.7148755192756653,-0.015050792135298252,-0.01953929103910923,-0.01556073036044836,-0.01812109909951687,-0.006963640451431274,-0.025009647011756897,-0.028725383803248405,0.24565246485278427,3.1208179795466466,0.12649619568983636,0.02,1.0,0.6219599311828614,1.2887272928699913,1.0,4.047565460205078,3.2520692967341396,-3.047565460205078,0.009670825894350862,True,True,OK,metrics within configured thresholds
8.4,stroke_001,draw_line,0.47321187358340744,-0.011757379841738795,0.202,0.4728426154154381,-0.011449716431609538,0.202000841590733,0.47864202370976655,-0.012042709527863989,0.21210617483085076,0.0003692581679693441,-0.00030766341012925663,-8.41590732991726e-07,0.00048063403626813755,-0.006948582362383604,-0.013697927817702293,-0.01722041517496109,-2.450767755508423,-0.0007104199612513185,2.4142494201660156,0.7142565250396729,-0.01508978009223938,-0.03009819984436035,-0.015208699740469456,-0.02068350836634636,-0.0041063264943659306,-0.07816771417856216,-0.02927515283226967,0.24558619205322862,3.1217058457244087,0.1264381008182492,0.02,1.0,0.6214625900268556,1.30768004677284,1.0,2.7874755859375,3.530492953948968,-1.7874755859375,0.010106174830850747,True,True,OK,metrics within configured thresholds
8.42,stroke_001,draw_line,0.47307041671776373,-0.01200239032011309,0.202,0.47275531380376085,-0.011702272055564778,0.20200084312816152,0.4785069574488267,-0.012288789383047798,0.21173198377077077,0.0003151029140028849,-0.00030011826454831234,-8.431281615095543e-07,0.00043515690273014977,-0.007205679547041655,-0.014018019661307335,-0.017502574250102043,-2.4512405395507812,-0.0007223672582767904,2.414674758911133,0.7136377096176147,-0.014512913301587105,-0.02001679502427578,-0.01495623029768467,-0.017555618658661842,-0.006461678072810173,-0.035711079835891724,-0.02800634503364563,0.24554905048365877,3.1216314115811605,0.12633661865764054,0.02,1.0,0.6210322444915772,1.292062636144192,1.0,3.745128631591797,3.2704368751449544,-2.745128631591797,0.009731983770770742,True,True,OK,metrics within configured thresholds
8.44,stroke_001,draw_line,0.4729322978814205,-0.012241619162141858,0.202,0.47258337632339986,-0.011945979178655766,0.2020009254833734,0.4783750003858699,-0.012529030017251135,0.21199825299583466,0.00034892155802063174,-0.0002956399834860915,-9.254833733818302e-07,0.0004573293233619248,-0.007454627193510532,-0.014387696981430054,-0.01777719520032406,-2.4516537189483643,-0.0007476767641492188,2.4145355224609375,0.7130393385887146,-0.014412807300686836,-0.026693115010857582,-0.014584466814994812,-0.01889359951019287,-0.004220354370772839,-0.06564942002296448,-0.02832486853003502,0.245488406339054,3.1223746406380104,0.12627517521554285,0.02,1.0,0.6205594604492188,1.3025426242801488,1.0,3.1380538940429688,3.4365789899013492,-2.1380538940429688,0.009998252995834643,True,True,OK,metrics within configured thresholds
8.46,stroke_001,draw_line,0.47279753523199997,-0.012475034917900814,0.202,0.4724615654994637,-0.01218545114110293,0.20200080146849994,0.47824652356206593,-0.012763412352546634,0.21185785198695345,0.0003359697325362454,-0.0002895837767978842,-8.014684999280153e-07,0.00044354826943271853,-0.00769841019064188,-0.014724231325089931,-0.018046772107481956,-2.452094793319702,-0.0007644080324098468,2.414717435836792,0.7124466896057129,-0.01402687095105648,-0.022422365844249725,-0.014272770844399929,-0.01737275905907154,-0.0049294899217784405,-0.045249830931425095,-0.027996504679322243,0.24544833896475937,3.122481160292363,0.12618830762532748,0.02,1.0,0.6201462810516358,1.2981219743389605,1.0,3.3572275638580322,3.332095206350916,-2.3572275638580322,0.00985785198695345,True,True,OK,metrics within configured thresholds
8.48,stroke_001,draw_line,0.47266614477330654,-0.01270260986798765,0.202,0.472331364307549,-0.012418386231564542,0.20200080188136263,0.4781213554671476,-0.012991902427802427,0.21188743271536506,0.00033478046575752263,-0.00028422363642310877,-8.018813626164967e-07,0.0004391601971583024,-0.007935380563139915,-0.015051376074552536,-0.018309881910681725,-2.4525017738342285,-0.0007839573081582785,2.4147908687591553,0.7118678689002991,-0.013720526359975338,-0.02314351126551628,-0.013968413695693016,-0.016681751236319542,-0.004818054381757975,-0.05336838588118553,-0.027382437139749527,0.24539703229095344,3.1229485462236566,0.1261169375427959,0.02,1.0,0.6197052066802979,1.2984910879847285,1.0,3.3990731239318848,3.340891531478407,-2.3990731239318848,0.009887432715365036,True,True,OK,metrics within configured thresholds
8.5,stroke_001,draw_line,0.4725381403178686,-0.012924320088401303,0.202,0.4721902175844559,-0.012646072759804311,0.20200077642614941,0.4779995572729756,-0.013214479213404167,0.21193450683702497,0.00034792273341271995,-0.0002782473285969922,-7.764261494014324e-07,0.0004455024210195794,-0.008166863583028316,-0.015387480147182941,-0.018567455932497978,-2.4529061317443848,-0.0008048138697631657,2.4148013591766357,0.7113010287284851,-0.013444747775793076,-0.023571573197841644,-0.013682919554412365,-0.01686190627515316,-0.004159324802458286,-0.05377448350191116,-0.02684304304420948,0.24535209228114677,3.1232802813245186,0.12604507291903802,0.02,1.0,0.6192982261657716,1.301816093837156,1.0,3.0934062004089355,3.361255088837124,-2.0934062004089355,0.009934506837024971,True,True,OK,metrics within configured thresholds
8.52,stroke_001,draw_line,0.47241353344948145,-0.0131401455154199,0.202,0.4720895584618215,-0.012868587749148494,0.20200083626125567,0.47788119800022816,-0.013431120294945214,0.2118097587264454,0.00032397498765995847,-0.0002715577662714061,-8.362612556600535e-07,0.0004227340918171535,-0.008392504416406155,-0.015679972246289253,-0.018819259479641914,-2.4533004760742188,-0.0008201976888813078,2.415011167526245,0.7107428312301636,-0.013054702430963516,-0.02009126916527748,-0.013371392153203487,-0.015330967493355274,-0.005120429210364819,-0.04681888595223427,-0.026283785700798035,0.24530901079882986,3.123543161093962,0.1259695338615376,0.02,1.0,0.6188938682556153,1.2956317061516123,1.0,3.501300811767578,3.267507977887258,-2.501300811767578,0.009809758726445381,True,True,OK,metrics within configured thresholds
8.540000000000001,stroke_001,draw_line,0.4722923334857491,-0.013350070010479817,0.202,0.4719465986696388,-0.013083866525198171,0.20200089720158448,0.4777661384783885,-0.013641806819932356,0.2119489453125208,0.0003457348161103324,-0.00026620348528164604,-8.972015844710413e-07,0.00043634580737945,-0.008611065335571766,-0.016002075746655464,-0.01906423643231392,-2.4536733627319336,-0.0008421441889367998,2.4149539470672607,0.7102012634277344,-0.012830279767513275,-0.02306179702281952,-0.013087054714560509,-0.01594378426671028,-0.004376632627099752,-0.06439394503831863,-0.02562091127038002,0.24526182591901485,3.124012961258803,0.12590880229867074,0.02,1.0,0.6184995239257813,1.3018351744163021,1.0,3.0733389854431152,3.34933546974537,-2.0733389854431152,0.009948945312520769,True,True,OK,metrics within configured thresholds
8.56,stroke_001,draw_line,0.4721745474406267,-0.01355408142505446,0.202,0.4718484298470572,-0.01329487315676478,0.20200095500793785,0.4776545690083795,-0.013846532146868613,0.21181981631516378,0.000326117593569486,-0.000259208268289679,-9.550079378417564e-07,0.00041658435307323776,-0.008824463933706284,-0.016284041106700897,-0.019303906708955765,-2.4540505409240723,-0.0008572189253754914,2.415144920349121,0.7096670269966125,-0.012391620315611362,-0.01929841935634613,-0.012811209075152874,-0.01418817788362503,-0.005491189658641815,-0.05617578327655792,-0.024571508169174194,0.24522364432866067,3.124185680988902,0.12583474431742298,0.02,1.0,0.6181266372680665,1.2963554841503717,1.0,3.419668197631836,3.2527367002395806,-2.419668197631836,0.009819816315163762,True,True,OK,metrics within configured thresholds
8.58,stroke_001,draw_line,0.4720601799869629,-0.013752171665532359,0.202,0.471719398121774,-0.013498308281601755,0.20200086565610892,0.47754632846900436,-0.014045281778494326,0.211923633490365,0.0003407818651889327,-0.00025386338393060433,-8.656561089059878e-07,0.0004249466398300429,-0.009030217304825783,-0.01658196933567524,-0.019536368548870087,-2.454401731491089,-0.0008774751331657171,2.4151220321655273,0.7091488838195801,-0.012156466022133827,-0.02196439914405346,-0.012467600405216217,-0.014273610897362232,-0.004622635431587696,-0.05902988836169243,-0.0244187843054533,0.24517872076362562,3.1246261713049472,0.1257760420274195,0.02,1.0,0.6177494590759278,1.3007242133308268,1.0,3.278595447540283,3.31116272432687,-2.278595447540283,0.009923633490364984,True,True,OK,metrics within configured thresholds
8.6,stroke_001,draw_line,0.4719492334190422,-0.01394433675809647,0.202,0.4715976407627437,-0.013696862009274325,0.20200074470622145,0.47744155664834453,-0.014238058544512567,0.2119226340192942,0.0003515926562985272,-0.0002474747488221442,-7.447062214394062e-07,0.00042995546496700553,-0.009231138974428177,-0.016875244677066803,-0.019763637334108353,-2.4547581672668457,-0.0008958189864642918,2.4151477813720703,0.7086413502693176,-0.011855712160468102,-0.020995398983359337,-0.012165848165750504,-0.013860695995390415,-0.004461186472326517,-0.05289521440863609,-0.023970529437065125,0.24514179707500075,3.1248249063856233,0.12570825269584612,0.02,1.0,0.6173982685089112,1.3028815614179716,1.0,3.0230860710144043,3.2997641774515647,-2.0230860710144043,0.009922634019294187,True,True,OK,metrics within configured thresholds
8.620000000000001,stroke_001,draw_line,0.47184170761512695,-0.01413057691360238,0.202,0.4715179891777988,-0.013890612910390222,0.20200076514113718,0.4773402378189216,-0.014424858672490127,0.2117927985012961,0.00032371843732814654,-0.00023996400321215847,-7.65141137171188e-07,0.0004029602150892092,-0.009425925090909004,-0.017118845134973526,-0.019984781742095947,-2.455094337463379,-0.0009093750268220901,2.415363073348999,0.7081432342529297,-0.011433498002588749,-0.01774659939110279,-0.011836766265332699,-0.012272407300770283,-0.005103195086121559,-0.04245864227414131,-0.02311347797513008,0.24510314504337188,3.125078269430217,0.12564275382663478,0.02,1.0,0.6170418327331544,1.295855543074545,1.0,3.5560965538024902,3.2029268401985584,-2.5560965538024902,0.009792798501296069,True,True,OK,metrics within configured thresholds
8.64,stroke_001,draw_line,0.4717376,-0.014310896592457108,0.202,0.4713777706357224,-0.014076433361040645,0.20200062413578293,0.47724221452626825,-0.01460568235903757,0.21199449835461787,0.00035982936427758627,-0.0002344632314164631,-6.241357829173122e-07,0.0004294770864995446,-0.009613665752112865,-0.01740991324186325,-0.020198896527290344,-2.455411195755005,-0.0009316866053268313,2.4152162075042725,0.7076634764671326,-0.011258602142333984,-0.022144244983792305,-0.011543786153197289,-0.013324770145118237,-0.003989777062088251,-0.06163332238793373,-0.02271471545100212,0.24506178241786372,3.1255204072210074,0.12559320202520724,0.02,1.0,0.6167056625366212,1.305764138293552,1.0,2.8459105491638184,3.3265362399599345,-1.8459105491638184,0.00999449835461785,True,True,OK,metrics within configured thresholds
8.66,stroke_001,draw_line,0.4716369055075068,-0.014485304569497676,0.202,0.47131568418001385,-0.014259291157898922,0.20200065429562253,0.47714773811515715,-0.014780546677845645,0.21175727808768718,0.00032122132749295984,-0.00022601341159875395,-6.542956225152885e-07,0.00039276663753634773,-0.009797023609280586,-0.017631007358431816,-0.02040819078683853,-2.4557361602783203,-0.0009421673603355885,2.415503978729248,0.7071888446807861,-0.010757542215287685,-0.01594376564025879,-0.01124092098325491,-0.010893155820667744,-0.005462236702442169,-0.038447409868240356,-0.021671410650014877,0.24503157541067583,3.125567128050806,0.12552387860720376,0.02,1.0,0.6163888042449952,1.2952282406600624,1.0,3.5800275802612305,3.158317248181294,-2.5800275802612305,0.009757278087687159,True,True,OK,metrics within configured thresholds
8.68,stroke_001,draw_line,0.4715396165430977,-0.01465381399887005,0.202,0.47118155565994946,-0.014432873895046699,0.20200079995225168,0.47705650154976975,-0.014949453230148513,0.21199481742308002,0.0003580608831482146,-0.00022094010382335202,-7.999522516621838e-07,0.000420740734231852,-0.009971780702471733,-0.017902569845318794,-0.02060927450656891,-2.4560258388519287,-0.0009641833021305501,2.4153389930725098,0.7067345380783081,-0.01059375237673521,-0.021401334553956985,-0.010907330550253391,-0.011962486431002617,-0.004283542279154062,-0.06563857942819595,-0.021403955295681953,0.2449895839800978,3.1260803139451947,0.12548126432883613,0.02,1.0,0.6160638397216798,1.3057277293530516,1.0,2.8452510833740234,3.305915864409272,-1.8452510833740234,0.00999481742307999,True,True,OK,metrics within configured thresholds
8.700000000000001,stroke_001,draw_line,0.4714457229463704,-0.014816442478907121,0.202,0.4711217340533043,-0.01460372247179164,0.2020009089666416,0.47696879708216144,-0.01511243342759591,0.21176798119537382,0.0003239888930660628,-0.0002127200071154814,-9.089666415940112e-07,0.0003875815146233611,-0.01014222763478756,-0.01811218075454235,-0.020805638283491135,-2.456331253051758,-0.0009744027629494667,2.415601968765259,0.7062845230102539,-0.010144411586225033,-0.01505815889686346,-0.010535144247114658,-0.010350348427891731,-0.004547136835753918,-0.040094222873449326,-0.021240493282675743,0.24496273681858086,3.1260900076576696,0.1254159498739131,0.02,1.0,0.6157741611480714,1.2961567924525823,1.0,3.431118965148926,3.1446831910469353,-2.431118965148926,0.009767981195373815,True,True,OK,metrics within configured thresholds
8.72,stroke_001,draw_line,0.47135521195361196,-0.014973212117008153,0.202,0.47101090166556464,-0.014765255649374254,0.20200065444730522,0.4768843277044611,-0.015269497060483053,0.21193407452676125,0.00034431028804732255,-0.00020795646763389908,-6.544473052094713e-07,0.00040223860479480887,-0.010303888469934464,-0.018350159749388695,-0.02099376544356346,-2.4565982818603516,-0.000993083813227713,2.415520429611206,0.7058535814285278,-0.009890196844935417,-0.01922808773815632,-0.010227158665657043,-0.010558919981122017,-0.00412084860727191,-0.05827236920595169,-0.020387990400195122,0.24492335474508226,3.126565731956754,0.12537534224336294,0.02,1.0,0.6154687469482423,1.3025083451174895,1.0,3.1270270347595215,3.244935711982632,-2.1270270347595215,0.00993407452676124,True,True,OK,metrics within configured thresholds
8.74,stroke_001,draw_line,0.4712680681603414,-0.015124149594517036,0.202,0.47092087710919717,-0.014922366034134995,0.20200083500490879,0.4768032961141662,-0.015420684973998608,0.2118875981449438,0.00034719105114422444,-0.00020178356038204164,-8.350049087724187e-07,0.00040157057719444807,-0.010460400953888893,-0.018576115369796753,-0.02117660641670227,-2.4568793773651123,-0.001007426530122757,2.4155752658843994,0.7054311633110046,-0.009545868262648582,-0.01699785329401493,-0.009920901618897915,-0.01002319622784853,-0.004242812283337116,-0.05026986822485924,-0.01995917782187462,0.24489655038362987,3.126653010831546,0.1253194893443079,0.02,1.0,0.6152017181396485,1.3025295771897736,1.0,2.991004467010498,3.203667674954543,-1.991004467010498,0.009887598144943787,True,True,OK,metrics within configured thresholds
8.76,stroke_001,draw_line,0.47118427348385183,-0.015269286231600787,0.202,0.4708624655044125,-0.015073968414222254,0.20200092720008758,0.47672561411136,-0.015566023150354295,0.2117908546096384,0.0003218079794393147,-0.00019531781737853332,-9.272000875693021e-07,0.0003764442656175425,-0.010610201396048069,-0.018760329112410545,-0.02135297656059265,-2.457136869430542,-0.0010183054255321622,2.4157559871673584,0.7050186395645142,-0.009136936627328396,-0.01452100183814764,-0.009614274837076664,-0.008326409384608269,-0.005338330753147602,-0.054824378341436386,-0.01910671964287758,0.24486510370276743,3.1268911815932268,0.1252700609616502,0.02,1.0,0.6149206226348878,1.2963798853820594,1.0,3.4490644931793213,3.1292355521741273,-2.4490644931793213,0.009790854609638381,True,True,OK,metrics within configured thresholds
8.78,stroke_001,draw_line,0.4711038071257528,-0.015408658052128377,0.202,0.47074905395337946,-0.01521754150361292,0.2020008353202961,0.47665114775723627,-0.015705546781758496,0.21197445303343682,0.00035475317237332327,-0.00019111654851545687,-8.353202960997841e-07,0.0004029591122997405,-0.010752691887319088,-0.018988067284226418,-0.021522274240851402,-2.457378625869751,-0.0010374871781095862,2.41561222076416,0.7046235203742981,-0.008958378806710243,-0.01868167705833912,-0.00932458695024252,-0.009342649020254612,-0.004041597247123718,-0.062229663133621216,-0.018652578815817833,0.2448328622968405,3.12724993783355,0.1252331496422927,0.02,1.0,0.6146631305694581,1.3054333003800815,1.0,2.8910226821899414,3.241175681525945,-1.8910226821899414,0.00997445303343679,True,True,OK,metrics within configured thresholds
8.8,stroke_001,draw_line,0.4710266455345124,-0.015542305848549542,0.202,0.470694841746007,-0.015358197690767786,0.20200093607215475,0.4765801071697945,-0.015839306080640887,0.2118054530637077,0.0003318037885053915,-0.00018410815778175695,-9.360721547335693e-07,0.0003794607279540292,-0.010890910401940346,-0.01916540414094925,-0.021687006577849388,-2.4576311111450195,-0.0010464644292369485,2.4158053398132324,0.7042328119277954,-0.008490592241287231,-0.013683626428246498,-0.009091769345104694,-0.007374066859483719,-0.005629979074001312,-0.052817609161138535,-0.017249412834644318,0.2448103179532235,3.1272549303317683,0.12517806064157005,0.02,1.0,0.6144213741302491,1.2986740655738782,1.0,3.239108085632324,3.118622131758344,-2.239108085632324,0.009805453063707696,True,True,OK,metrics within configured thresholds
8.82,stroke_001,draw_line,0.47095276236800004,-0.015670275246773085,0.202,0.47061525299965457,-0.015491574119834175,0.20200072190491186,0.47651224183922897,-0.015967335788160085,0.21188383373500086,0.00033750936834547884,-0.00017870112693891063,-7.219049118489806e-07,0.0003818994470235621,-0.011021717451512814,-0.019348761066794395,-0.021844560280442238,-2.457847833633423,-0.0010609206510707736,2.4157955646514893,0.7038577198982239,-0.00827234610915184,-0.015774479135870934,-0.008692010305821896,-0.007575241383165121,-0.0044651273638010025,-0.052495721727609634,-0.01763864979147911,0.2447783787895563,3.127622892055673,0.1251429987908743,0.02,1.0,0.6141688888549806,1.3011516792250728,1.0,3.252819538116455,3.1607922156142374,-2.252819538116455,0.009883833735000836,True,True,OK,metrics within configured thresholds
8.84,stroke_001,draw_line,0.47088212845602806,-0.015792616771045896,0.202,0.47052345694631026,-0.01561945534678403,0.20200069261281153,0.47644763751119756,-0.016089693240872196,0.21194749909176394,0.0003586715097178006,-0.00017316142426186676,-6.926128115203323e-07,0.000398284584748332,-0.011147390119731426,-0.019547058269381523,-0.02199663408100605,-2.458071231842041,-0.0010761308949440718,2.4157321453094482,0.7034947276115417,-0.008020175620913506,-0.01633520983159542,-0.008410479873418808,-0.00760658597573638,-0.00383490277454257,-0.056004468351602554,-0.017173094674944878,0.24475521560480085,3.1277543730842496,0.1251014047398196,0.02,1.0,0.6139521663665772,1.3062338124999489,1.0,2.775130271911621,3.1930017784900135,-1.775130271911621,0.00994749909176393,True,True,OK,metrics within configured thresholds
8.86,stroke_001,draw_line,0.4708147117628947,-0.015909385908831175,0.202,0.4704966862814922,-0.015744591029192054,0.2020007642288857,0.47638632380110985,-0.016206433795026357,0.2117424437780686,0.000318025481402473,-0.00016479487963912132,-7.642288856746227e-07,0.0003581873018719911,-0.01126870233565569,-0.019677430391311646,-0.022143878042697906,-2.4582815170288086,-0.0010823216289281845,2.4159934520721436,0.7031371593475342,-0.007622965145856142,-0.011411739513278008,-0.008093834854662418,-0.00558270001783967,-0.004493139684200287,-0.03758587688207626,-0.01673278585076332,0.24473258356320793,3.1278340951714294,0.12505504163153405,0.02,1.0,0.6137287681579591,1.2958443777384214,1.0,3.6088571548461914,3.0467467511875763,-2.6088571548461914,0.009742443778068589,True,True,OK,metrics within configured thresholds
8.88,stroke_001,draw_line,0.4707504773499259,-0.01602064317568743,0.202,0.470376989186699,-0.015860596233430797,0.20200076236470071,0.47632801810426195,-0.016317607078923813,0.21205325613773665,0.00037348816322690936,-0.00016004694225663432,-7.623647007015677e-07,0.0004063360837979391,-0.011382807046175003,-0.019882570952177048,-0.02228366583585739,-2.458466053009033,-0.0011029561283066869,2.415707588195801,0.7028021216392517,-0.007538530509918928,-0.018211673945188522,-0.007885340601205826,-0.007300377357751131,-0.003648080164566636,-0.06787694245576859,-0.015746673569083214,0.24470343140337888,3.1282477046167205,0.12503229773798638,0.02,1.0,0.6135184829711915,1.3110523272883154,1.0,2.4742281436920166,3.2434853924680915,-1.4742281436920166,0.010053256137736638,True,True,OK,metrics within configured thresholds
8.9,stroke_001,draw_line,0.47068938733801796,-0.016126454180146972,0.202,0.47038238079030215,-0.015977700468824078,0.20200086486764612,0.47627306752194193,-0.016423293659557275,0.211663215799617,0.0003070065477158157,-0.00014875371132289442,-8.648676461109339e-07,0.0003411472335645765,-0.011495297774672508,-0.019978919997811317,-0.022420654073357582,-2.458669424057007,-0.0011039384407922626,2.416128635406494,0.7024654746055603,-0.007102631032466888,-0.00817838404327631,-0.007562463171780109,-0.004603886976838112,-0.004636425990611315,-0.030650729313492775,-0.015600350685417652,0.2446904510377886,3.128067487146359,0.1249788196078732,0.02,1.0,0.6133339469909669,1.293060765173177,1.0,3.680060386657715,2.9742453553964654,-2.680060386657715,0.009663215799616974,True,True,OK,metrics within configured thresholds
8.92,stroke_001,draw_line,0.4706314008701795,-0.016226889688594655,0.202,0.4702678864362485,-0.016082782882138987,0.20200087267513472,0.4762209424136873,-0.016523538566966398,0.21204931765534352,0.00036351443393101146,-0.00014410680645566762,-8.726751347110095e-07,0.0003910374367051391,-0.011598166078329086,-0.02016332373023033,-0.022548124194145203,-2.458822011947632,-0.0011240174062550068,2.4158101081848145,0.7021564841270447,-0.006966354791074991,-0.017638064920902252,-0.007280840538442135,-0.006102698389440775,-0.0037901948671787977,-0.07333876192569733,-0.014495857991278172,0.2446580581478566,3.128645362375792,0.12496769845451616,0.02,1.0,0.6131305759429933,1.3095016322275475,1.0,2.6528267860412598,3.2212806163379026,-1.6528267860412598,0.010049317655343495,True,True,OK,metrics within configured thresholds
8.94,stroke_001,draw_line,0.47057647407407405,-0.016322025690146257,0.202,0.47024914946711827,-0.016186666620009133,0.2020008138585992,0.47617209180195913,-0.016618444944236543,0.2117650356468679,0.00032732460695578114,-0.00013535907013712337,-8.138585991801506e-07,0.0003542091734455261,-0.011697574518620968,-0.0202766302973032,-0.0226716548204422,-2.4590134620666504,-0.0011268777307122946,2.4160778522491455,0.7018473148345947,-0.006450212560594082,-0.009867113083600998,-0.006906462833285332,-0.003945162519812584,-0.004361413884907961,-0.03836585581302643,-0.014251729473471642,0.24464928511829476,3.128410571692558,0.12491812331432371,0.02,1.0,0.6129779880523683,1.2986373748352409,1.0,3.3247509002685547,3.0223217757340777,-2.3247509002685547,0.009765035646867896,True,True,OK,metrics within configured thresholds
8.96,stroke_001,draw_line,0.4705245600245621,-0.01641194346152757,0.202,0.47017670423755037,-0.01628063960281141,0.2020007092233993,0.4761260969237654,-0.01670807814596757,0.21193870814103377,0.0003478557870117416,-0.00013130385871615996,-7.092233992866959e-07,0.00037181292993808255,-0.011787576600909233,-0.02041534148156643,-0.022786423563957214,-2.459155321121216,-0.001139881438575685,2.415963888168335,0.7015578150749207,-0.006152210291475058,-0.014008888974785805,-0.00653388537466526,-0.004308456555008888,-0.0037729046307504177,-0.05808889865875244,-0.0136416619643569,0.24462197284039094,3.128818816941057,0.12489930779805156,0.02,1.0,0.6127865379333497,1.3053496168310903,1.0,2.9430007934570312,3.1281719693211447,-1.9430007934570312,0.009938708141033745,True,True,OK,metrics within configured thresholds
8.98,stroke_001,draw_line,0.47047560870624355,-0.016496729631952832,0.202,0.4701348451463749,-0.016370088484337308,0.20200082143103035,0.4760831350757248,-0.016792544137771637,0.2118559368081095,0.0003407635598686731,-0.00012664114761552422,-8.214310303344963e-07,0.00036353604876639866,-0.011871859431266785,-0.020533442497253418,-0.022895826026797295,-2.459312677383423,-0.001146732596680522,2.4160428047180176,0.7012746930122375,-0.005767600145190954,-0.011190651915967464,-0.006229015067219734,-0.0035308627411723137,-0.004293737467378378,-0.04823843762278557,-0.013264106586575508,0.24460934324359992,3.128792949379936,0.12486509555824211,0.02,1.0,0.6126446788787843,1.3030899532079656,1.0,3.0254697799682617,3.063362057768705,-2.0254697799682617,0.009855936808109467,True,True,OK,metrics within configured thresholds
9.0,stroke_001,draw_line,0.470429566976,-0.01657647624800302,0.202,0.4700962380016667,-0.01645335789296339,0.2020008674050831,0.47604304212732185,-0.01687193304685321,0.211850394060588,0.00033332897433330233,-0.00012311835503963156,-8.674050830936864e-07,0.00035534080383391696,-0.011948884464800358,-0.020637208595871925,-0.022998696193099022,-2.459447145462036,-0.0011543614091351628,2.416095495223999,0.7010015249252319,-0.005441165994852781,-0.010952793061733246,-0.005912193097174168,-0.0029610495548695326,-0.0037726631853729486,-0.0493108332157135,-0.012878951616585255,0.24459037669635283,3.1289791883770364,0.12484050024170107,0.02,1.0,0.6124873226165772,1.301835245337123,1.0,3.194866180419922,3.05009976053855,-2.194866180419922,0.009850394060588004,True,True,OK,metrics within configured thresholds
9.02,stroke_001,draw_line,0.4703863785255369,-0.016651280838505284,0.202,0.4700343458386665,-0.01653082025506962,0.20200077761424237,0.4760057603383489,-0.016946347501942242,0.2119411018070782,0.000352032686870396,-0.00012046058343566368,-7.776142423587817e-07,0.0003720730700692549,-0.012020270340144634,-0.020760081708431244,-0.023096207529306412,-2.4595766067504883,-0.0011651981621980667,2.416013717651367,0.7007398009300232,-0.005236316937953234,-0.012543389573693275,-0.0056893490254879,-0.00304127624258399,-0.0038694513496011496,-0.05573441833257675,-0.012338665314018726,0.24457443300923679,3.1291244981471467,0.12481847927139705,0.02,1.0,0.612352854537964,1.3069038703903395,1.0,2.8025588989257812,3.10076800749703,-1.8025588989257812,0.009941101807078204,True,True,OK,metrics within configured thresholds
9.040000000000001,stroke_001,draw_line,0.47034598384392623,-0.016721246479410555,0.202,0.4700195554049297,-0.016606077913209435,0.20200083288932605,0.47597133468150804,-0.01701589458109113,0.21179851678881478,0.00032642843899655105,-0.00011516856620111954,-8.328893260356462e-07,0.00034615028258138997,-0.012088100425899029,-0.020836880430579185,-0.023189976811408997,-2.459702491760254,-0.0011687255464494228,2.41617751121521,0.7004819512367249,-0.0048888144083321095,-0.00877339392900467,-0.005492156837135553,-0.0015496413689106703,-0.0050020948983728886,-0.045474957674741745,-0.011441164650022984,0.24456239911013147,3.1291233405641097,0.12478865008163585,0.02,1.0,0.6122233932495118,1.3003246114658784,1.0,3.280553102493286,2.9963948194970933,-2.280553102493286,0.009798516788814778,True,True,OK,metrics within configured thresholds
9.06,stroke_001,draw_line,0.4703083201801482,-0.01678648185867336,0.202,0.4699563177742041,-0.016674717808137007,0.2020007975912529,0.47593952467348055,-0.01708067298372907,0.2119623708389176,0.00035200240594407406,-0.00011176405053635319,-7.97591252876817e-07,0.00036932036626012907,-0.012150176800787449,-0.020947640761733055,-0.02327793277800083,-2.4598050117492676,-0.0011804605601355433,2.4160377979278564,0.7002391219139099,-0.004762607626616955,-0.012291374616324902,-0.005241902079433203,-0.0021350306924432516,-0.003939236048609018,-0.060739416629076004,-0.011309975758194923,0.2445445730156043,3.1293813045772545,0.12477543849270503,0.02,1.0,0.6120975082397462,1.3078693020768868,1.0,2.750919818878174,3.0958502185457606,-1.7509198188781738,0.009962370838917598,True,True,OK,metrics within configured thresholds
9.08,stroke_001,draw_line,0.4702733215056339,-0.01684710134112962,0.202,0.46994834149620446,-0.016742034973043468,0.20200087170958272,0.4759104691959186,-0.017140805235817076,0.21179510825114276,0.00032498000942943195,-0.00010506636808615272,-8.71709582711544e-07,0.000341543127744016,-0.012209802865982056,-0.021010292693972588,-0.02336280420422554,-2.45991587638855,-0.0011828236747533083,2.4162094593048096,0.6999988555908203,-0.0044522457756102085,-0.007915150374174118,-0.004963715095072985,-0.000881867716088891,-0.003651219420135021,-0.04224363714456558,-0.011332417838275433,0.24453680320854762,3.129302779458337,0.1247469683030776,0.02,1.0,0.6119949882507325,1.3007980240344128,1.0,3.271904468536377,2.9751245786621054,-2.271904468536377,0.00979510825114275,True,True,OK,metrics within configured thresholds
9.1,stroke_001,draw_line,0.47024091847680777,-0.01690322503337558,0.202,0.4698907486911007,-0.016802304928553793,0.20200083498152419,0.4758838878842538,-0.017196398872725616,0.21196547067610758,0.00035016978570706625,-0.00010092010482178754,-8.349815241726066e-07,0.0003644234399342597,-0.012263072654604912,-0.021107038483023643,-0.023441284894943237,-2.460000991821289,-0.0011933359783142805,2.4160666465759277,0.699774980545044,-0.004273212514817715,-0.011476241983473301,-0.004745669662952423,-0.001283398363739252,-0.0039484235458076,-0.06334228068590164,-0.010396583005785942,0.24452055937034323,3.129556775797707,0.12473714769635086,0.02,1.0,0.6118841236114503,1.3083226500233085,1.0,2.6947684288024902,3.0789975401181007,-1.6947684288024902,0.00996547067610757,True,True,OK,metrics within configured thresholds
9.120000000000001,stroke_001,draw_line,0.4702110383976296,-0.016954978848646322,0.202,0.46989310088591885,-0.01686102405772317,0.20200079819348501,0.47585991708627196,-0.017247590688319325,0.211777362014125,0.0003179375117107752,-9.395479092315362e-05,-7.981934850020966e-07,0.00033153039257825573,-0.01231349166482687,-0.021151838824152946,-0.023516351357102394,-2.4600958824157715,-0.0011939761461690068,2.4162638187408447,0.699553370475769,-0.003906811121851206,-0.006861672271043062,-0.004508082754909992,0.00012123477063141763,-0.004201753530651331,-0.041943296790122986,-0.009711244143545628,0.24451472616498376,3.129463211735026,0.12471169214882347,0.02,1.0,0.611799008178711,1.2999013502142196,1.0,3.3749029636383057,2.9445173511576375,-2.3749029636383057,0.009777362014124977,True,True,OK,metrics within configured thresholds
9.14,stroke_001,draw_line,0.4701836051821369,-0.017002494571694726,0.202,0.4698253571219271,-0.016912671029994823,0.20200076399920225,0.4758382503732096,-0.017294501846064923,0.21201798052688603,0.00035824806020984257,-8.982354169990298e-05,-7.639992022356878e-07,0.00036933795497133814,-0.012358351610600948,-0.02124927006661892,-0.023585433140397072,-2.4601633548736572,-0.0012066381750628352,2.416032552719116,0.6993502378463745,-0.0038791485130786896,-0.0121275894343853,-0.004303152672946453,-0.0004494281893130392,-0.0039423867128789425,-0.06583736091852188,-0.009374200366437435,0.24449953690372497,3.1297344842538015,0.12470650414652167,0.02,1.0,0.6117041175842286,1.3114325766479966,1.0,2.5409584045410156,3.0951523155258713,-1.5409584045410156,0.01001798052688601,True,True,OK,metrics within configured thresholds
9.16,stroke_001,draw_line,0.47015853931698703,-0.017045909923669993,0.202,0.46984600488636125,-0.016965255663144406,0.2020009851079034,0.47581909865607563,-0.01733728212451741,0.21174033701474573,0.00031253443062578823,-8.065426052558666e-05,-9.851079033895704e-07,0.00032277523217418057,-0.012402365915477276,-0.021271338686347008,-0.023652466014027596,-2.460247278213501,-0.0012045495677739382,2.416306495666504,0.6991469264030457,-0.003509974107146263,-0.005009954329580069,-0.004018834792077541,0.0008445977582596242,-0.003477873746305704,-0.03784434497356415,-0.009445489384233952,0.24449775752751313,3.129536563779765,0.12467868944976226,0.02,1.0,0.6116366451263429,1.299272786812702,1.0,3.362570285797119,2.901184446681172,-2.362570285797119,0.009740337014745729,True,True,OK,metrics within configured thresholds
9.18,stroke_001,draw_line,0.470135757824,-0.01708536862699571,0.202,0.46978790594734315,-0.017008867725283698,0.202000795154976,0.4758020339374828,-0.017376055790895142,0.21199700326671422,0.00034785187665686834,-7.65009017120108e-05,-7.95154975974377e-07,0.0003561656192389879,-0.012439126148819923,-0.02134917490184307,-0.023712176829576492,-2.460294008255005,-0.0012153438292443752,2.416088342666626,0.69896399974823,-0.003385397372767329,-0.011067874729633331,-0.0037935541477054358,0.00035091553581878543,-0.003742438508197665,-0.06392641365528107,-0.008409286849200726,0.24448191338638228,3.129880642540374,0.12468059035662958,0.02,1.0,0.6115527217864991,1.3100064630154964,1.0,2.7046728134155273,3.0626694903717535,-1.7046728134155273,0.009997003266714202,True,True,OK,metrics within configured thresholds
9.200000000000001,stroke_001,draw_line,0.47011517422270016,-0.017121020470249826,0.202,0.4697892989973397,-0.01705121191990148,0.20200079229533263,0.47578729430483047,-0.017410993496473525,0.21182261660588625,0.0003258752253604835,-6.980855034834435e-05,-7.922953326189308e-07,0.000333269446450432,-0.012473232112824917,-0.021383041515946388,-0.023768708109855652,-2.460365056991577,-0.001214418443851173,2.416233539581299,0.6987823843955994,-0.002895382000133395,-0.00637236749753356,-0.0034595876932144165,0.0015910015208646655,-0.00372828496620059,-0.04437849670648575,-0.008170390501618385,0.24448195769545936,3.129683879599645,0.1246574480253409,0.02,1.0,0.6115059917449952,1.3038233282533578,1.0,3.115131139755249,2.9373706534370743,-2.115131139755249,0.009822616605886243,True,True,OK,metrics within configured thresholds
9.22,stroke_001,draw_line,0.470096698492859,-0.01715302137304163,0.202,0.469758994929605,-0.01708604073580927,0.20200081855138097,0.4757745596926429,-0.017442241744972997,0.21192993796896883,0.0003377035632540215,-6.698063723235836e-05,-8.185513809544354e-07,0.00034428298306027116,-0.012499851174652576,-0.021431341767311096,-0.0238183606415987,-2.460404872894287,-0.0012201217468827963,2.4161500930786133,0.6986148357391357,-0.0026177584659308195,-0.008415631018579006,-0.003136442042887211,0.0011964211007580161,-0.003315272508189082,-0.05364975705742836,-0.007770170923322439,0.2444706834905294,3.1298839770799547,0.12465342436863558,0.02,1.0,0.6114349430084229,1.3081234578805168,1.0,2.7888107299804688,2.9995868236484355,-1.7888107299804688,0.009929937968968825,True,True,OK,metrics within configured thresholds
9.24,stroke_001,draw_line,0.47008023703703705,-0.017181533450891844,0.202,0.46976040038475225,-0.0171180606913561,0.2020009177043911,0.4757638717604515,-0.017469978912195816,0.2118327612261292,0.0003198366522847995,-6.347275953574524e-05,-9.177043910901794e-07,0.00032607532493149447,-0.012522336095571518,-0.02145293727517128,-0.023864159360527992,-2.460451364517212,-0.0012203583028167486,2.4162485599517822,0.6984515190124512,-0.0022533214651048183,-0.005873878486454487,-0.00284934532828629,0.001838672673329711,-0.003075316548347473,-0.04488826543092728,-0.007767045870423317,0.24446827592878578,3.1298236295208537,0.12464041397035813,0.02,1.0,0.611395127105713,1.3038987430591822,1.0,3.1281142234802246,2.9258151908646473,-2.1281142234802246,0.009832761226129194,True,True,OK,metrics within configured thresholds
9.26,stroke_001,draw_line,0.47006569264312636,-0.017206725080110397,0.202,0.469728369934714,-0.01714441965323276,0.20200068978960237,0.4757550139966807,-0.01749437141712417,0.21195294455721836,0.00033732270841235756,-6.230542687763602e-05,-6.897896023538852e-07,0.0003430292285487468,-0.012539563700556755,-0.021498151123523712,-0.023905126377940178,-2.460481882095337,-0.0012264882680028677,2.4161369800567627,0.6982985138893127,-0.0021269514691084623,-0.008168986067175865,-0.0027030438650399446,0.0017595348181203008,-0.003538198070600629,-0.05347844213247299,-0.007000130135565996,0.24446079134603163,3.1299577458690413,0.1246379591735908,0.02,1.0,0.6113486354827882,1.3094523171470576,1.0,2.7110164165496826,2.9966198522800993,-1.7110164165496826,0.009952944557218332,True,True,OK,metrics within configured thresholds
9.28,stroke_001,draw_line,0.4700529644468929,-0.01722877096267552,0.202,0.46973983409002534,-0.01717031174855826,0.20200079400186916,0.47574802689308165,-0.017515604119579007,0.2118162793640083,0.0003131303568675303,-5.8459214117258934e-05,-7.940018691421358e-07,0.0003185415680035537,-0.012555133551359177,-0.02150520123541355,-0.023944109678268433,-2.4605185985565186,-0.0012252817396074533,2.4162709712982178,0.6981459856033325,-0.0017790786223486066,-0.004896035883575678,-0.0024602923076599836,0.002517339074984193,-0.0032145590521395206,-0.04028143361210823,-0.007031891029328108,0.244460101730109,3.1298616602869536,0.12462491531182629,0.02,1.0,0.6113181179046632,1.3034815127490869,1.0,3.202678680419922,2.8966586497744533,-2.202678680419922,0.009816279364008286,True,True,OK,metrics within configured thresholds
9.3,stroke_001,draw_line,0.47004194789451853,-0.017247852191112127,0.202,0.469702381924872,-0.017191024222650154,0.20200065584927332,0.4757426385461405,-0.017533848177158216,0.21199096623972066,0.00033956596964651586,-5.682796846197269e-05,-6.558492733066412e-07,0.0003442889714756527,-0.01256659347563982,-0.02154863253235817,-0.023978909477591515,-2.4605345726013184,-0.001233278657309711,2.416102409362793,0.6980061531066895,-0.001873836270533502,-0.008394857868552208,-0.002442562486976385,0.0026826539542526007,-0.004072011914104223,-0.05925476551055908,-0.006181549280881882,0.24445276123065973,3.13002795111038,0.12462663867975286,0.02,1.0,0.6112814014434815,1.3115663207860069,1.0,2.5520381927490234,3.0037656605003673,-1.5520381927490234,0.009990966239720659,True,True,OK,metrics within configured thresholds
9.32,stroke_001,draw_line,0.4700325347051437,-0.017264156313370548,0.202,0.4697323841506467,-0.017214386989832853,0.20200073440119673,0.4757389432052803,-0.017549300843835335,0.21176672894647872,0.0003001505544970029,-4.9769323537694754e-05,-7.344011967169717e-07,0.0003042497005345704,-0.01257974561303854,-0.021533207967877388,-0.02401387132704258,-2.460561513900757,-0.001229868154041469,2.4163177013397217,0.6978640556335449,-0.0016002196352928877,-0.0035296252463012934,-0.002215656219050288,0.003330952487885952,-0.0023200451396405697,-0.03505788370966911,-0.006781477481126785,0.24445503170154584,3.1298624351830693,0.12461262072214269,0.02,1.0,0.6112654273986817,1.301667174134855,1.0,3.417759895324707,2.845661046787397,-2.417759895324707,0.009766728946478715,True,True,OK,metrics within configured thresholds
9.34,stroke_001,draw_line,0.47002461283340946,-0.01727787739770531,0.202,0.4696727200372341,-0.01723320923001059,0.20200076954879925,0.4757365646142766,-0.017562135311679727,0.21208140211146725,0.00035189279617536817,-4.46681676947204e-05,-7.695487992398498e-07,0.00035471732042667055,-0.0125911058858037,-0.0215898584574461,-0.024045422673225403,-2.4605627059936523,-0.001243492355570197,2.4160027503967285,0.697740912437439,-0.002047075191512704,-0.010002062655985355,-0.0023838744964450598,0.0026083991397172213,-0.0033761283848434687,-0.06856995075941086,-0.0055305068381130695,0.24444681133714355,3.130106756025951,0.1246214379525017,0.02,1.0,0.6112384860992433,1.3165357398767377,1.0,2.1629090309143066,3.0458956437754554,-1.1629090309143066,0.010081402111467231,True,True,OK,metrics within configured thresholds
9.36,stroke_001,draw_line,0.470018066432,-0.017289216097553246,0.202,0.4697493283648453,-0.01725890004408592,0.2020008795848857,0.4757357517913227,-0.017572561007341937,0.21162999209202005,0.0002687380671547168,-3.031605346732677e-05,-8.79584885676854e-07,0.0002704440524497775,-0.012607642449438572,-0.02152825891971588,-0.024078983813524246,-2.4605863094329834,-0.0012330999597907066,2.4164624214172363,0.6976099014282227,-0.0017146698664873838,0.0002582487359177321,-0.0022650992032140493,0.004547678865492344,-0.003492330899462104,-0.029315929859876633,-0.005027905106544495,0.24445424390091838,3.1297768195411004,0.12460067182898754,0.02,1.0,0.6112372940063477,1.2950674596874896,1.0,3.803650140762329,2.7368503292740534,-2.803650140762329,0.009629992092020047,True,True,OK,metrics within configured thresholds
9.38,stroke_001,draw_line,0.47001277581418444,-0.017298379716413258,0.202,0.46967150082425196,-0.01727671586198146,0.20200091767412193,0.4757358442218672,-0.017580749165252103,0.21212999209202005,0.00034127498993247185,-2.1663854431797774e-05,-9.176741219141249e-07,0.00034196313173797684,-0.012621370144188404,-0.021589139476418495,-0.02410712093114853,-2.460561513900757,-0.001250375178642571,2.4160025119781494,0.697509765625,-0.0021764319390058517,-0.011432094499468803,-0.0022629806771874428,0.0029554918874055147,-0.0026999488472938538,-0.08713924884796143,-0.004432809539139271,0.24444042740012598,3.1302766692490507,0.12462603691743614,0.02,1.0,0.6112136905670167,1.3165250626677598,1.0,2.1621580123901367,3.11023026329495,-1.1621580123901367,0.010129992092020047,True,True,OK,metrics within configured thresholds
9.4,stroke_001,draw_line,0.4700086174163597,-0.01730558227272381,0.202,0.4697235947279662,-0.017298313237233045,0.20200102839959072,0.47573734201678014,-0.017586937709410267,0.2117195445079978,0.000285022688393477,-7.2690354907638255e-06,-1.0283995907078847e-06,0.0002851172204229854,-0.012637135572731495,-0.021556412801146507,-0.024134820327162743,-2.46059513092041,-0.0012389888288453221,2.4163479804992676,0.6974028944969177,-0.0014087174786254764,-0.0013185201678425074,-0.0017570235067978501,0.004293516278266907,-0.0023576542735099792,-0.034070778638124466,-0.004546386189758778,0.24445418944976838,3.1297765139134213,0.12460071870577646,0.02,1.0,0.6112384860992433,1.3005282441319623,1.0,3.4389748573303223,2.7784049754782654,-2.4389748573303223,0.009719544507997776,True,True,OK,metrics within configured thresholds
9.42,stroke_001,draw_line,0.4700054637605926,-0.017311044564742036,0.202,0.46966897250307676,-0.017309883521823905,0.20200067292708446,0.4757396009387419,-0.017591325504991786,0.212080410927009,0.0003364912575158363,-1.1610429181303783e-06,-6.729270844441082e-07,0.00033649393343135857,-0.012645184993743896,-0.021595317870378494,-0.02415425516664982,-2.460571765899658,-0.0012507174396887422,2.4160141944885254,0.6973243355751038,-0.0016206251457333565,-0.009085854515433311,-0.001644655829295516,0.0036641976330429316,-0.0027965130284428596,-0.06861843168735504,-0.003496211487799883,0.24444210449410628,3.130162628759098,0.12461678852831883,0.02,1.0,0.6112048690795899,1.3160897180835138,1.0,2.2497873306274414,3.0096044341264854,-1.2497873306274414,0.010080410927008992,True,True,OK,metrics within configured thresholds
9.44,stroke_001,draw_line,0.470003183417162,-0.017314994235422473,0.202,0.46973141322300926,-0.01732527114477347,0.2020007012542452,0.47574292089025505,-0.017594174494765618,0.2116937126268073,0.00027177019415275394,1.0276909350997315e-05,-7.01254245200067e-07,0.0002719653379626724,-0.012655169703066349,-0.02154226042330265,-0.02417365089058876,-2.4605846405029297,-0.001240220619365573,2.416376829147339,0.6972395777702332,-0.0009824923472478986,-0.000752521853428334,-0.0012570571852847934,0.00484510138630867,-0.0015474361134693027,-0.026876820251345634,-0.003690579440444708,0.24445264363731492,3.129797213158899,0.1245994558642951,0.02,1.0,0.6112282341003419,1.299081942486799,1.0,3.699746608734131,2.74366844790182,-2.699746608734131,0.009693712626807308,True,True,OK,metrics within configured thresholds
9.46,stroke_001,draw_line,0.47000164096710134,-0.01731766583729568,0.202,0.4696471758050756,-0.017333705226543993,0.2020008313694841,0.47574670040127837,-0.01759569895437154,0.2121937126268073,0.0003544651620257522,1.603938924831308e-05,-8.313694840889063e-07,0.00035482883799463187,-0.012662403285503387,-0.02160700224339962,-0.024188334122300148,-2.4605553150177,-0.0012588977115228772,2.4158716201782227,0.6971834301948547,-0.0015746101271361113,-0.011451886035501957,-0.0014330556150525808,0.003170253476127982,-0.0016333614476025105,-0.08013000339269638,-0.0026170762721449137,0.24444222694038026,3.130189151764487,0.12462043724452482,0.02,1.0,0.6112153594970704,1.3226517409989114,1.0,1.7636125087738037,3.0782958041931288,-0.7636125087738037,0.010193712626807308,True,True,OK,metrics within configured thresholds
9.48,stroke_001,draw_line,0.4700006969647407,-0.017319300897346755,0.202,0.4697195622650803,-0.0173471785749577,0.20200082614995227,0.4757513902458197,-0.017596164264637525,0.2116937126268073,0.0002811346996604014,2.787767761094559e-05,-8.261499522543847e-07,0.0002825147195915065,-0.012672314420342445,-0.021549414843320847,-0.02420376054942608,-2.460577964782715,-0.0012446074979379773,2.416304588317871,0.6971143484115601,-0.0008499318500980735,0.0003672539605759084,-0.0010265776654705405,0.005170628894120455,-0.0014542799908667803,-0.026926249265670776,-0.0027221706695854664,0.2444577474037885,3.1296369661356733,0.12459317725133558,0.02,1.0,0.6112446849822999,1.3024217497869348,1.0,3.545351505279541,2.6181566507963647,-2.545351505279541,0.009693712626807308,True,True,OK,metrics within configured thresholds
9.5,stroke_001,draw_line,0.4700002079002493,-0.01732014798189401,0.202,0.4696860434541134,-0.01735127114451187,0.20200084355291123,0.47575622099074466,-0.017595795773343362,0.2120316961208868,0.00031416444613591166,3.1123162617857636e-05,-8.435529112171825e-07,0.0003157034400331041,-0.012674437835812569,-0.02155902050435543,-0.024211576208472252,-2.4605348110198975,-0.0012527334038168192,2.416046619415283,0.6970702409744263,-0.0009432289516553283,-0.006640865467488766,-0.0008365557296201587,0.004901548381894827,-0.002850571181625128,-0.06455659121274948,-0.0018910280195996165,0.24444473894438593,3.130107756487645,0.12461703135884301,0.02,1.0,0.6112220352172852,1.314193919331074,1.0,2.381244659423828,2.942674849865476,-1.3812446594238281,0.010031696120886776,True,True,OK,metrics within configured thresholds
9.52,stroke_001,draw_line,0.47000002616217773,-0.017320462761467655,0.202,0.46973438998055217,-0.017358557836227518,0.20200078982026806,0.47576147113114337,-0.017594884728219032,0.2117491684908874,0.00026563618162556146,3.809507475986337e-05,-7.898202680489685e-07,0.00026835506241847513,-0.012678675353527069,-0.021511778235435486,-0.02422007918357849,-2.4605331420898438,-0.0012450256617739797,2.4163053035736084,0.6970199942588806,-0.0003768924798350781,-0.0016608096193522215,-0.000537228595931083,0.004774095490574837,-0.0004881234490312636,-0.03203324228525162,-0.0022668049205094576,0.2444555947558264,3.1298081160364846,0.12460830307193389,0.02,1.0,0.6112651889801026,1.301979267317644,1.0,3.648982048034668,2.746174283210899,-2.648982048034668,0.009749168490887385,True,True,OK,metrics within configured thresholds
9.540000000000001,stroke_001,draw_line,0.47,-0.017320508075688766,0.202,0.4696442735932786,-0.017361435326328646,0.20200081176724172,0.47576666162916753,-0.01759368015553098,0.21223757766642617,0.00035572640672137945,4.092725063988001e-05,-8.117672417040644e-07,0.00035807398013524877,-0.012682827189564705,-0.021584779024124146,-0.02422650344669819,-2.4605088233947754,-0.0012628205586224794,2.4157767295837402,0.6969918608665466,-0.0008449763408862054,-0.011664558202028275,-0.0007081576623022556,0.003712208941578865,-0.001234104624018073,-0.08362587541341782,-0.0012487702770158648,0.24444932215126058,3.1300811676057574,0.12462535712613901,0.02,1.0,0.6112668579101563,1.326698932777175,1.0,1.5744678974151611,3.0621570008992185,-0.5744678974151611,0.010237577666426158,True,True,OK,metrics within configured thresholds
9.56,stroke_002,draw_line,0.47,-0.01732050807568877,0.202,0.4697130139534746,-0.017368464071596406,0.2020007036174191,0.4757722178882777,-0.017592423758209057,0.21173757766642617,0.00028698604652538373,4.795599590763644e-05,-7.036174190788724e-07,0.0002909660865483044,-0.012687747366726398,-0.021530501544475555,-0.02423321083188057,-2.460531711578369,-0.001249789958819747,2.416189670562744,0.6969483494758606,-0.0004334778059273958,0.0002278185565955937,-0.00046432146336883307,0.005032769404351711,-0.00022835937852505594,-0.02253122627735138,-0.0019190249731764197,0.24446492503248773,3.1295073232128114,0.12459565898853343,0.02,1.0,0.6112911766052247,1.3074524453842644,1.0,3.3838586807250977,2.5414658146797984,-2.3838586807250977,0.009737577666426158,True,True,OK,metrics within configured thresholds
9.58,stroke_002,draw_line,0.47000005232435543,-0.01732050807568877,0.202,0.4697151744560585,-0.017369250510618547,0.20200107659913705,0.47577752949456364,-0.017591144271495347,0.21192244152569814,0.00028487786829695105,4.8742434929777145e-05,-1.0765991370342842e-06,0.00028901969461266893,-0.012687279842793941,-0.02150462381541729,-0.024234870448708534,-2.460484027862549,-0.0012493319809436798,2.416114091873169,0.6969205737113953,0.0002706795057747513,-0.002386693377047777,-0.00011121843999717385,0.004371977876871824,0.0001894801971502602,-0.030668172985315323,-0.0007663138676434755,0.24445233253757362,3.1299578851740386,0.12461814065414649,0.02,1.0,0.611268288421631,1.3105272735560012,1.0,2.6602272987365723,2.836303317795653,-1.6602272987365723,0.009922441525698138,True,True,OK,metrics within configured thresholds
9.6,stroke_002,draw_line,0.4700004158004987,-0.01732050807568877,0.202,0.46973646907112404,-0.017370681066901976,0.20200093347791886,0.47578312402740386,-0.0175898667569724,0.21184242435267,0.00026394672937468666,5.017299121320637e-05,-9.334779188518993e-07,0.00026867466642000235,-0.01268695667386055,-0.021473927423357964,-0.024236464872956276,-2.4604644775390625,-0.0012493249960243702,2.4161934852600098,0.696893036365509,-3.544661740306765e-05,-0.0037068261299282312,-9.181325731333345e-05,0.0043282946571707726,0.0006008105119690299,-0.045190900564193726,-0.00172516203019768,0.24445926143904756,3.1298470240969953,0.12462217009064884,0.02,1.0,0.6113159721374513,1.3066253206356,1.0,3.593012571334839,2.774676711124975,-2.593012571334839,0.009842424352669996,True,True,OK,metrics within configured thresholds
9.620000000000001,stroke_002,draw_line,0.4700013939294815,-0.01732050807568877,0.202,0.46963986652242096,-0.01737000081441671,0.20200084406009336,0.47578923102291243,-0.017588588630282412,0.21228647833911557,0.00036152740706052455,4.9492738727941604e-05,-8.440600933468101e-07,0.00036490041063301054,-0.012688984163105488,-0.021559691056609154,-0.024238578975200653,-2.4604525566101074,-0.0012657413026317954,2.415651798248291,0.6968780159950256,-0.00046724273124709725,-0.011683548800647259,-0.00034527707612141967,0.003081593429669738,-0.000985346850939095,-0.08119723945856094,-0.0005963262519799173,0.24445937123353426,3.1299179915976145,0.12463095640719887,0.02,1.0,0.6113355224609376,1.332062068435558,1.0,1.2559051513671875,3.061094262198427,-0.2559051513671875,0.010286478339115564,True,True,OK,metrics within configured thresholds
9.64,stroke_002,draw_line,0.4700032819342027,-0.01732050807568877,0.202,0.46970597565899136,-0.017374689845543592,0.20200073891546863,0.47579662134090706,-0.017587318337109126,0.21178647833911557,0.0002973062752113509,5.418176985482262e-05,-7.389154686177068e-07,0.00030220395672578184,-0.01269217487424612,-0.021507274359464645,-0.02424173802137375,-2.4604732990264893,-0.001253671245649457,2.416046380996704,0.6968457698822021,-0.00029500958044081926,0.00010245248267892748,-0.0002522364375181496,0.005242358893156052,0.0001477661426179111,-0.02428724616765976,-0.0014848910504952073,0.24447385934963944,3.129340798993916,0.12459807476113365,0.02,1.0,0.6113474433898927,1.3136503282936658,1.0,3.261080741882324,2.4292780734074935,-2.261080741882324,0.009786478339115563,True,True,OK,metrics within configured thresholds
9.66,stroke_002,draw_line,0.47000636683432406,-0.01732050807568877,0.202,0.46974683459987593,-0.01737772469632611,0.2020009134167259,0.4758049344481029,-0.017586034368984024,0.21179749826644392,0.00025953223444813434,5.7216620637338955e-05,-9.134167258950665e-07,0.0002657659811279722,-0.012694350443780422,-0.02144254371523857,-0.02424311824142933,-2.460422992706299,-0.0012495801784098148,2.41617488861084,0.6968234181404114,-0.00016520530334673822,-0.001926109311170876,-0.00011907884618267417,0.0056317998096346855,0.000144590376294218,-0.04971891641616821,-0.001185490284115076,0.24446200093453588,3.129769310930087,0.12461971695549398,0.02,1.0,0.6113267009735108,1.3071052268073278,1.0,3.7330799102783203,2.720409007373684,-2.7330799102783203,0.009797498266443917,True,True,OK,metrics within configured thresholds
9.68,stroke_002,draw_line,0.4700109275211852,-0.01732050807568877,0.202,0.46965265856118027,-0.017377024628038664,0.2020009042576453,0.47581455723619415,-0.017584743397328295,0.21229749826644392,0.0003582689600049038,5.65165523498945e-05,-9.042576452900075e-07,0.00036270040815306894,-0.012697353959083557,-0.021515507251024246,-0.024243786931037903,-2.46039080619812,-0.0012653438607230783,2.41560959815979,0.6968169212341309,-0.00042926688911393285,-0.01116753276437521,-0.00023173747467808425,0.003975083120167255,-0.0009572819690220058,-0.09048531204462051,-0.0002128489431925118,0.24446420639032837,3.1298717050048417,0.12463747592703084,0.02,1.0,0.6113770072937013,1.3334877484335876,1.0,1.2438476085662842,3.0748438233903066,-0.24384760856628418,0.010297498266443918,True,True,OK,metrics within configured thresholds
9.700000000000001,stroke_002,draw_line,0.4700172348327194,-0.01732050807568877,0.202,0.46972231435763623,-0.01738116337831578,0.20200101359267925,0.4758263083339545,-0.01758346038983234,0.21179749826644392,0.0002949204750831713,6.0655302627009994e-05,-1.0135926792331773e-06,0.00030109496795891,-0.012700842693448067,-0.021453266963362694,-0.02424512431025505,-2.4603986740112305,-0.0012529450468719006,2.415999174118042,0.6967931985855103,-0.00023761227203067392,0.0008433659677393734,-0.00013585839769802988,0.005847016349434853,0.00032188527984544635,-0.028735768049955368,-0.0010574592743068933,0.2444815309368095,3.1292544161832874,0.12460687935008666,0.02,1.0,0.61140919380188,1.3151666768982597,1.0,3.200387954711914,2.433995148201899,-2.200387954711914,0.009797498266443917,True,True,OK,metrics within configured thresholds
9.72,stroke_002,draw_line,0.47002555162836884,-0.01732050807568877,0.202,0.4697680698645579,-0.017383798176557583,0.20200079640849825,0.47583980178468194,-0.017582165959365254,0.21180671120231853,0.00025748176381096277,6.329010086881387e-05,-7.964084982325925e-07,0.0002651473737936793,-0.012703430838882923,-0.021375199779868126,-0.02424483932554722,-2.4603331089019775,-0.0012484864564612508,2.4161267280578613,0.6967788934707642,-0.00015728983271401376,-0.0016412556869909167,-2.6044050173368305e-05,0.006511904764920473,0.00022827473003417253,-0.04213625192642212,-0.0007103577954694629,0.24447110664495464,3.129670767398028,0.12463065286564094,0.02,1.0,0.6114013259887696,1.3085775842792573,1.0,3.858081102371216,2.7022326304804043,-2.858081102371216,0.009806711202318505,True,True,OK,metrics within configured thresholds
9.74,stroke_002,draw_line,0.470036132864,-0.01732050807568877,0.202,0.46967895497914347,-0.017382377544642058,0.2020007940239608,0.47585539827168555,-0.017580866167427073,0.21230671120231853,0.0003571778848565077,6.186946895328851e-05,-7.940239607762134e-07,0.0003624975904653449,-0.012706381268799305,-0.02143445424735546,-0.024243632331490517,-2.4602832794189453,-0.0012630478013306856,2.4155564308166504,0.6967803239822388,-0.00032684567850083113,-0.01076167356222868,-7.652118074474856e-05,0.005275638308376074,-0.0007982069510035217,-0.0858859121799469,0.00011295049625914544,0.24447493544325247,3.1297627998199613,0.12465115661512141,0.02,1.0,0.6114668910980225,1.3350114991817674,1.0,1.2153539657592773,3.1067795956421884,-0.21535396575927734,0.010306711202318505,True,True,OK,metrics within configured thresholds
9.76,stroke_002,draw_line,0.47004922566681906,-0.01732050807568877,0.202,0.4697549935901267,-0.017385817565631633,0.20200075109046137,0.4758738950956246,-0.017579577257184308,0.21180671120231853,0.00029423207669238005,6.530948994286356e-05,-7.510904613539093e-07,0.0003013941083833404,-0.01270980667322874,-0.021355686709284782,-0.024243205785751343,-2.460270404815674,-0.001250315341167152,2.4159421920776367,0.6967637538909912,-0.00020984170259907842,0.0014141856227070093,-2.961171412607655e-05,0.006854005623608828,0.0004129527078475803,-0.024515071883797646,-0.0007079614442773163,0.24449424248853638,3.129128896624948,0.12462352293350658,0.02,1.0,0.6115167205810548,1.3166723942620129,1.0,3.1190025806427,2.44478062518317,-2.1190025806427,0.009806711202318505,True,True,OK,metrics within configured thresholds
9.78,stroke_002,draw_line,0.4700650694102875,-0.01732050807568877,0.202,0.46980870941857306,-0.017388078900970674,0.20200079646317756,0.47589488046465844,-0.017578279742498554,0.21181112595070187,0.0002563599917144166,6.757082528190475e-05,-7.964631775492226e-07,0.0002651167594375856,-0.01271254662424326,-0.021259931847453117,-0.024241404607892036,-2.460184097290039,-0.0012452173978090286,2.41607403755188,0.6967554688453674,-0.00016741921717766672,-0.0007191401091404259,3.982308044214733e-05,0.007681398186832666,0.00016615680942777544,-0.04311550781130791,-0.00034908310044556856,0.24448609262455137,3.1295279838200982,0.12465089275298262,0.02,1.0,0.6115295951843263,1.3096614370615807,1.0,3.796858787536621,2.6807583095940055,-2.796858787536621,0.009811125950701842,True,True,OK,metrics within configured thresholds
9.8,stroke_002,draw_line,0.47008389578903703,-0.01732050807568877,0.202,0.46972725618839967,-0.017386175644896504,0.20200078405925503,0.4759186883446724,-0.017576978372530187,0.21231112595070187,0.0003566396006373651,6.566756920773492e-05,-7.8405925502123e-07,0.00036263569754968597,-0.012715520337224007,-0.021300068125128746,-0.024238672107458115,-2.460111379623413,-0.0012585282092913985,2.4155023097991943,0.6967629790306091,-0.00024943577591329813,-0.009559745900332928,3.99817326979246e-05,0.00630834000185132,-0.0007153839687816799,-0.08379185944795609,0.00044514777255244553,0.2444920518594387,3.129611410533945,0.12467567503460661,0.02,1.0,0.611615902709961,1.3359549676735416,1.0,1.1847161054611206,3.0713934768739213,-0.1847161054611206,0.010311125950701843,True,True,OK,metrics within configured thresholds
9.82,stroke_002,draw_line,0.4701059288937857,-0.01732050807568877,0.202,0.46981152176512764,-0.01738919194660946,0.20200081768161698,0.47594609697002005,-0.01757568982106599,0.21181112595070187,0.0002944071286580807,6.868387092068967e-05,-8.176816169713774e-07,0.0003023139099224056,-0.012718684040009975,-0.02119932882487774,-0.02423657849431038,-2.4600729942321777,-0.0012452505761757493,2.4158871173858643,0.6967533230781555,-0.0001687286130618304,0.0026035017799586058,5.7081015256699175e-05,0.00814493652433157,0.0004936557379551232,-0.025433417409658432,-0.000360799313057214,0.2445138489322988,3.128961093266114,0.12465224334761008,0.02,1.0,0.611688620376587,1.3174742934195252,1.0,3.123079776763916,2.411056396879441,-2.123079776763916,0.009811125950701842,True,True,OK,metrics within configured thresholds
9.84,stroke_002,draw_line,0.4701313852862527,-0.01732050807568877,0.202,0.46987456902684827,-0.017391186584952728,0.20200082397191743,0.4759766721442666,-0.0175743943586008,0.2118163843572445,0.0002568162594044354,7.06785092639585e-05,-8.239719174185645e-07,0.000266365766749375,-0.012721531093120575,-0.02107967995107174,-0.024233421310782433,-2.4599571228027344,-0.0012391686905175447,2.416015148162842,0.6967514753341675,-0.00013820418098475784,0.0005106450407765806,0.00010040354391094297,0.009158210828900337,4.388319212011993e-05,-0.04302399605512619,9.142312046606094e-05,0.24450857455043767,3.1293402640319057,0.12468438150365202,0.02,1.0,0.6117270057678224,1.3103553055178871,1.0,3.804323673248291,2.6602645798390077,-2.804323673248291,0.009816384357244492,True,True,OK,metrics within configured thresholds
9.86,stroke_002,draw_line,0.4701604740740741,-0.01732050807568877,0.202,0.4698032162574878,-0.017388976324931683,0.20200080374447324,0.47601072340484485,-0.017573096099432094,0.2123163843572445,0.0003572578165862983,6.846824924291312e-05,-8.037444732267307e-07,0.00036376049080621314,-0.012724391184747219,-0.0210932157933712,-0.02422923967242241,-2.4598519802093506,-0.0012510690139606595,2.4154396057128906,0.6967646479606628,-0.00016359654546249658,-0.008066215552389622,0.00015895672549959272,0.007818625308573246,-0.0006155215087346733,-0.08239497989416122,0.0006812070496380329,0.24451771267839903,3.1294007825703454,0.12471438540023708,0.02,1.0,0.6118428771972657,1.3365423527065055,1.0,1.1398653984069824,3.0606852625322567,-0.13986539840698242,0.010316384357244492,True,True,OK,metrics within configured thresholds
9.88,stroke_002,draw_line,0.47019339698571805,-0.01732050807568877,0.202,0.46989856721694406,-0.017391252257285224,0.2020007459334198,0.47604900604207867,-0.01757181187434015,0.2118163843572445,0.00029482976877398537,7.074418159645421e-05,-7.45933419782352e-07,0.0003031994198571965,-0.01272689737379551,-0.020963842049241066,-0.024225417524576187,-2.459777593612671,-0.0012368416646495461,2.4158172607421875,0.6967610716819763,-0.0001146442664321512,0.003815239993855357,0.00015549483941867948,0.010057201609015465,0.0005797958001494408,-0.02637835405766964,-0.00016796823183540255,0.24454304255172496,3.1287256138755577,0.1246967631438916,0.02,1.0,0.6119480197906495,1.318045528203274,1.0,3.166642189025879,2.3883983100884105,-2.166642189025879,0.009816384357244492,True,True,OK,metrics within configured thresholds
9.9,stroke_002,draw_line,0.4702303484454004,-0.01732050807568877,0.202,0.46996361088864524,-0.017392657301580638,0.20200083522898618,0.4760910621904494,-0.017570523682419157,0.21185293205974315,0.00026673755675515887,7.214922589186823e-05,-8.352289861679463e-07,0.000276324325002282,-0.012729309499263763,-0.02082553505897522,-0.024220753461122513,-2.459627866744995,-0.0012308702571317554,2.415893793106079,0.6967650055885315,-0.00010419132740935311,0.001204823493026197,0.00019548861018847674,0.010645605623722076,0.00026752776466310024,-0.045004189014434814,0.00024793422198854387,0.2445416804880018,3.1290755990812533,0.12473516528312895,0.02,1.0,0.6120224063873292,1.3130139237195197,1.0,3.6628916263580322,2.660783667716524,-2.6628916263580322,0.009852932059743127,True,True,OK,metrics within configured thresholds
9.92,stroke_002,draw_line,0.470271515648,-0.01732050807568877,0.202,0.4698969314910273,-0.017390061842219286,0.20200076820701773,0.4761372181571062,-0.01756923502308867,0.21235293205974315,0.00037458415697272374,6.955376653051612e-05,-7.682070177206235e-07,0.00038098767333808814,-0.01273225899785757,-0.02081865631043911,-0.024215491488575935,-2.4594924449920654,-0.0012414640514180064,2.415287971496582,0.6967821717262268,-5.766288086306304e-05,-0.006764788646250963,0.0002739107876550406,0.009270603768527508,-0.0004326480848249048,-0.0820809006690979,0.0008965274901129305,0.2445556355706892,3.129060428362624,0.1247681293310833,0.02,1.0,0.612172133255005,1.3403590686013944,1.0,0.9526926875114441,3.011521453241052,0.04730731248855591,0.010352932059743128,True,True,OK,metrics within configured thresholds
9.94,stroke_002,draw_line,0.4703170786339741,-0.01732050807568877,0.202,0.47000199605182474,-0.017391269188909576,0.20200109457478463,0.4761881989216157,-0.017567961900232947,0.21185293205974315,0.0003150825821493508,7.076111322080678e-05,-1.0945747846158316e-06,0.000322932449301877,-0.012733698822557926,-0.02066154219210148,-0.024209894239902496,-2.459381103515625,-0.0012264475226402283,2.415649890899658,0.6967816948890686,-5.475876969285309e-05,0.005432198289781809,0.00023453279573004693,0.011944491416215897,0.0005775895551778376,-0.0337597019970417,9.915162809193134e-05,0.24458505341396614,3.128332650778149,0.12475427223472489,0.02,1.0,0.6123075550079347,1.3222341612809618,1.0,2.985060930252075,2.290931385235689,-1.9850609302520752,0.009852932059743127,True,True,OK,metrics within configured thresholds
9.96,stroke_002,draw_line,0.47036721036427376,-0.01732050807568877,0.202,0.47013144189003336,-0.01739239697089215,0.20200084063100923,0.47624350702801455,-0.01756668904048189,0.21169642595410676,0.00023576847424039427,7.18888952033793e-05,-8.406310092190505e-07,0.0002464862944662432,-0.012733510695397854,-0.02043471485376358,-0.02420293167233467,-2.4591805934906006,-0.0012125744251534343,2.415980815887451,0.6967838406562805,-2.4495655452483334e-05,0.006613393314182758,0.00027456460520625114,0.01392199657857418,0.0005695625441148877,-0.03060164861381054,0.00021398741228040308,0.24458803407303856,3.1286408778779866,0.12479858659734558,0.02,1.0,0.6124188964843751,1.3047734904523722,1.0,4.303938388824463,2.5338767259914245,-3.303938388824463,0.009696425954106755,True,True,OK,metrics within configured thresholds
9.98,stroke_002,draw_line,0.47042207679525927,-0.01732050807568877,0.202,0.47010601611210756,-0.017392290858176854,0.2020006974478423,0.476303230811966,-0.017565416761041903,0.21219642595410676,0.00031606068315170877,7.178278248808415e-05,-6.974478422849817e-07,0.000324110490002328,-0.012737829238176346,-0.020354164764285088,-0.024197909981012344,-2.4589784145355225,-0.0012215316528454423,2.415475606918335,0.696801483631134,-0.00038861780194565654,-0.0023715761490166187,0.00013918892364017665,0.011860460042953491,-0.0009321852121502161,-0.06978427618741989,0.0008336107712239027,0.24460105784067077,3.128862771265983,0.12485757837500008,0.02,1.0,0.6126194065093995,1.3267573890199837,1.0,1.7551729679107666,3.1533983079829877,-0.7551729679107666,0.010196425954106756,True,True,OK,metrics within configured thresholds
10.0,stroke_002,draw_line,0.4704818369536156,-0.01732050807568877,0.202,0.47018462287531554,-0.01739417346815,0.20200086719249097,0.4763681696376216,-0.017564149995170537,0.2119183619477848,0.00029721407830007873,7.366539246123072e-05,-8.671924909553486e-07,0.00030620834477369953,-0.01274155918508768,-0.020196467638015747,-0.024192508310079575,-2.458817481994629,-0.0012094458797946572,2.415605068206787,0.6968076825141907,-9.794999641599134e-05,0.004284501541405916,0.00027732393937185407,0.012822821736335754,0.0007536182529293001,-0.04337213188409805,0.00031113496515899897,0.24463503423763963,3.1281988441985544,0.1248627162523778,0.02,1.0,0.6128215854644776,1.3191455908130731,1.0,2.9228551387786865,2.6640194389577103,-1.9228551387786865,0.009918361947784768,True,True,OK,metrics within configured thresholds
10.02,stroke_002,draw_line,0.4705466430112678,-0.01732050807568877,0.202,0.47021642578944417,-0.017393961413079816,0.20200081295191233,0.4764380784450815,-0.017562880765922766,0.21206653297372807,0.00033021722182363655,7.345333739104676e-05,-8.129519123156737e-07,0.0003382890291653211,-0.012744855135679245,-0.020060699433088303,-0.024185961112380028,-2.458613634109497,-0.0012069431832060218,2.415405035018921,0.6968229413032532,-0.00017537908570375293,0.0008546868339180946,0.0002566309995017946,0.012904218398034573,-0.00019389379303902388,-0.05755610018968582,0.0009843384614214301,0.244648946961427,3.1282313017335026,0.12490126635822679,0.02,1.0,0.6129825180053712,1.3267130951723785,1.0,2.811704397201538,2.754611933895052,-1.811704397201538,0.010066532973728046,True,True,OK,metrics within configured thresholds
10.040000000000001,stroke_002,draw_line,0.4706166403602963,-0.01732050807568877,0.202,0.4702521785219253,-0.017394195487457537,0.20200080068973394,0.4765133109106582,-0.017561617461812264,0.21210892867703632,0.00036446183837102186,7.368741176876775e-05,-8.006897339318808e-07,0.0003718372054891963,-0.012748608365654945,-0.01992383785545826,-0.02417929843068123,-2.458414077758789,-0.0012027702759951353,2.4152331352233887,0.6968395113945007,-0.00013023601786699146,0.0016905597876757383,0.000298743398161605,0.013776874169707298,-4.056512989336625e-05,-0.05577252432703972,0.0010505102109164,0.24467550652012382,3.127888249060911,0.12492642617181442,0.02,1.0,0.613186365890503,1.332964750216581,1.0,2.3994626998901367,2.774594296052322,-1.3994626998901367,0.010108928677036317,True,True,OK,metrics within configured thresholds
10.06,stroke_002,draw_line,0.4706919676878525,-0.01732050807568877,0.202,0.47035783396205094,-0.01739446633135859,0.20200084814010308,0.47659401071267665,-0.017560358274620696,0.21192348767671296,0.0003341337258015442,7.395825566982109e-05,-8.481401030657754e-07,0.0003422219888338249,-0.012749897316098213,-0.019701752811670303,-0.02417086623609066,-2.4581780433654785,-0.0011899684322997928,2.415370464324951,0.6968528032302856,5.623571269097738e-06,0.007081455551087856,0.0004024589725304395,0.01670154184103012,0.0005623005563393235,-0.043730929493904114,0.0007431917474605143,0.24470096174779984,3.127578286373787,0.12495267633853263,0.02,1.0,0.613385922241211,1.3242813196268628,1.0,3.072824239730835,2.643298237395557,-2.072824239730835,0.00992348767671294,True,True,OK,metrics within configured thresholds
10.08,stroke_002,draw_line,0.4707727570510739,-0.01732050807568877,0.202,0.47039302086549517,-0.017393376611044748,0.20200092520212495,0.47668005159615484,-0.017559103040802288,0.21216154425430647,0.00037973618557873845,7.286853535597854e-05,-9.252021249406273e-07,0.00038666555326507634,-0.012751922011375427,-0.01953083835542202,-0.024162305518984795,-2.4579107761383057,-0.0011891454923897982,2.415071964263916,0.696874737739563,-0.00016109933494590223,0.002308984287083149,0.00029481895035132766,0.015620332211256027,-0.00039986317278817296,-0.07067662477493286,0.001474575255997479,0.2447225961063625,3.127571993536598,0.1250058091806049,0.02,1.0,0.6136219566345216,1.335861547012008,1.0,2.3446874618530273,2.7936323382129045,-1.3446874618530273,0.01016154425430645,True,True,OK,metrics within configured thresholds
10.1,stroke_002,draw_line,0.470859133952,-0.01732050807568877,0.202,0.47051079761282066,-0.017393734355113172,0.20200090232210258,0.47677186377124664,-0.01755785718680041,0.21193730370563793,0.0003483363391793559,7.322627942440291e-05,-9.023221025639128e-07,0.0003559509901326203,-0.012753118760883808,-0.019281571730971336,-0.024153321981430054,-2.4576449394226074,-0.0011742465430870652,2.4152212142944336,0.6968883275985718,2.1207295503700152e-05,0.008639367297291756,0.0004391384427435696,0.018382271751761436,0.000647636188659817,-0.04162494093179703,0.0007773148827254772,0.24475825269841206,3.127086276050414,0.12503650532424118,0.02,1.0,0.6138892238616944,1.3263563313494389,1.0,3.0660910606384277,2.6365016314869476,-2.0660910606384277,0.009937303705637925,True,True,OK,metrics within configured thresholds
10.120000000000001,stroke_002,draw_line,0.47095121741248713,-0.01732050807568877,0.202,0.47055771230012705,-0.017391960246475994,0.20200083081824075,0.47686925799165547,-0.017556614885238266,0.2121753461614643,0.0003935051123600819,7.145217078722427e-05,-8.308182407323894e-07,0.0003999404660979887,-0.01275409571826458,-0.019079091027379036,-0.024143589660525322,-2.457339286804199,-0.0011723431525751948,2.4149162769317627,0.6969118118286133,-0.0001717680279398337,0.0035895032342523336,0.0003183751250617206,0.01750260218977928,-0.0006491264794021845,-0.06319782882928848,0.001609970349818468,0.24478262034392756,3.127074639130238,0.12509588810913788,0.02,1.0,0.6141550605773927,1.3379238858957765,1.0,2.408165216445923,2.7868579316899655,-1.4081652164459229,0.010175346161464281,True,True,OK,metrics within configured thresholds
10.14,stroke_002,draw_line,0.47104912004912425,-0.01732050807568877,0.202,0.47067787009862716,-0.017391903935786553,0.20200087847703863,0.47697265409697187,-0.01755538464931692,0.21198811269433065,0.00037124995049708787,7.139586009778306e-05,-8.784770386127683e-07,0.00037805378758200503,-0.012754549272358418,-0.018808703869581223,-0.02413366548717022,-2.457036018371582,-0.001157522201538086,2.4150092601776123,0.6969270706176758,4.022389111923985e-05,0.009506849572062492,0.0004731715889647603,0.02012908272445202,0.0007162613328546286,-0.047471631318330765,0.000857447856105864,0.2448225686850648,3.12655686812177,0.12513338838086885,0.02,1.0,0.6144607131958009,1.3306969304800484,1.0,2.8045127391815186,2.6543154813545504,-1.8045127391815186,0.009988112694330642,True,True,OK,metrics within configured thresholds
10.16,stroke_002,draw_line,0.4711529481481481,-0.01732050807568877,0.202,0.4707715081949233,-0.01739005849688856,0.2020007710527678,0.47708188837200244,-0.017554159559582016,0.21207891444634097,0.00038143995322481583,6.955042119979188e-05,-7.710527678006507e-07,0.0003877296655243043,-0.012753736227750778,-0.01854000985622406,-0.024122588336467743,-2.4566874504089355,-0.0011489295866340399,2.4148776531219482,0.6969479918479919,2.89947674900759e-05,0.007560867350548506,0.00048556103138253093,0.02028241753578186,0.000317042984534055,-0.05336606130003929,0.001164976041764021,0.24485228109001755,3.1264624968209853,0.12519617582507112,0.02,1.0,0.614763981628418,1.333675739255913,1.0,2.788133144378662,2.7068845215939894,-1.788133144378662,0.010078914446340957,True,True,OK,metrics within configured thresholds
10.18,stroke_002,draw_line,0.4712628017403591,-0.01732050807568877,0.202,0.47085922165085065,-0.017388232768462478,0.20200073604186472,0.4771971913774998,-0.017552946751961646,0.2121337172240799,0.0004035800895084707,6.77246927737081e-05,-7.360418647073264e-07,0.0004092237339360768,-0.012753160670399666,-0.01827695593237877,-0.024111611768603325,-2.45633864402771,-0.0011403774842619896,2.414712429046631,0.696969211101532,2.402206155238673e-05,0.00764654902741313,0.0004840889305341989,0.020668165758252144,0.0003464024921413511,-0.05480024218559265,0.0011667213402688503,0.24489232112529238,3.1261022472916737,0.1252528432264007,0.02,1.0,0.6151125495910645,1.3382134943559616,1.0,2.412548303604126,2.735321539568625,-1.412548303604126,0.01013371722407989,True,True,OK,metrics within configured thresholds
10.200000000000001,stroke_002,draw_line,0.47137877467603595,-0.01732050807568877,0.202,0.47100511536974793,-0.017387280039140987,0.20200070001181716,0.4773187049667288,-0.017551746098485456,0.2119756177315474,0.00037365930628802113,6.67719634522175e-05,-7.000118171507363e-07,0.0003795790593479224,-0.012751463800668716,-0.01794496178627014,-0.0241000447422266,-2.455963373184204,-0.001124051632359624,2.4148125648498535,0.6969845294952393,0.0001319459843216464,0.011999138630926609,0.0005533333169296384,0.02336343750357628,0.0008708536624908447,-0.04308167099952698,0.0008197015267796814,0.24493323312396448,3.1257074425830593,0.1253075075947411,0.02,1.0,0.6154613559722901,1.3299904796937643,1.0,3.0469164848327637,2.6223509069810502,-2.0469164848327637,0.009975617731547398,True,True,OK,metrics within configured thresholds
10.22,stroke_002,draw_line,0.47150095469985187,-0.01732050807568877,0.202,0.47108149629343743,-0.01738484259262744,0.20200098761196267,0.47744630862670234,-0.017550554058540464,0.21221091130193417,0.0004194584064144413,6.433451693867165e-05,-9.876119626550661e-07,0.0004243645368770388,-0.012750381603837013,-0.017664963379502296,-0.024088529869914055,-2.4555599689483643,-0.0011189011856913567,2.414487361907959,0.6970077157020569,1.734166744427057e-06,0.007800038438290358,0.0004609130264725536,0.022036151960492134,-2.0797975594177842e-05,-0.07291379570960999,0.0014008134603500366,0.24497030487581617,3.125576270890609,0.12538426396727043,0.02,1.0,0.615836626815796,1.3415441559143735,1.0,2.151982069015503,2.77094885922915,-1.151982069015503,0.010210911301934151,True,True,OK,metrics within configured thresholds
10.24,stroke_002,draw_line,0.47162942352578935,-0.01732050807568877,0.202,0.4712665273532746,-0.017384862651747764,0.2020008204785553,0.4775803877458618,-0.0175493765365413,0.21189683391045058,0.00036289617251472617,6.435457605899475e-05,-8.204785552912153e-07,0.00036855910878803486,-0.012748445384204388,-0.017277555540204048,-0.024076825007796288,-2.4551494121551514,-0.0010970400180667639,2.41473388671875,0.697020411491394,0.00016628445882815868,0.01571953296661377,0.0005726850358769298,0.02575507201254368,0.0010979219805449247,-0.03409503400325775,0.0006586347590200603,0.24502092412387436,3.124977845673307,0.12543872580520785,0.02,1.0,0.6162400310516358,1.32609037499188,1.0,3.3873291015625,2.5543104826543734,-2.3873291015625,0.009896833910450566,True,True,OK,metrics within configured thresholds
10.26,stroke_002,draw_line,0.4717642569120561,-0.01732050807568877,0.202,0.4713138005191716,-0.01738235318448024,0.2020008553383757,0.4777206081934834,-0.017548203644393655,0.21234708975437225,0.0004504563928844907,6.184510879147023e-05,-8.553383756826349e-07,0.00045468286857508976,-0.012748264707624912,-0.017002159729599953,-0.024065544828772545,-2.4547016620635986,-0.0010976180201396346,2.4141716957092285,0.6970478892326355,-0.0001856866874732077,0.0059991516172885895,0.0003265875275246799,0.02312229946255684,-0.0010099959326907992,-0.07654193043708801,0.001978253712877631,0.2450579107671271,3.1249819933147713,0.1255315668898408,0.02,1.0,0.6166505878448487,1.3484188558880092,1.0,1.9189224243164062,2.845866999272218,-0.9189224243164062,0.010347089754372239,True,True,OK,metrics within configured thresholds
10.28,stroke_002,draw_line,0.471905524736,-0.01732050807568877,0.202,0.47152961443403874,-0.017384432001582004,0.20200084177152827,0.4778676175091689,-0.01754704548168367,0.2118710939073067,0.0003759103019612686,6.392392589323406e-05,-8.417715282593718e-07,0.00038130766055971343,-0.012747904285788536,-0.01657266356050968,-0.024054519832134247,-2.454265594482422,-0.0010705735767260194,2.4145379066467285,0.6970570087432861,0.00012646644609048963,0.019008450210094452,0.000568059622310102,0.027793295681476593,0.0013024347135797143,-0.026902511715888977,0.0005117197870276868,0.24511898917667072,3.124106583054693,0.12557885826194323,0.02,1.0,0.6170983379364015,1.3270575787573513,1.0,3.217634677886963,2.5214363980376837,-2.217634677886963,0.0098710939073067,True,True,OK,metrics within configured thresholds
10.3,stroke_002,draw_line,0.4720532910690248,-0.01732050807568877,0.202,0.471622344484458,-0.01738184513961778,0.20200085864311296,0.478020830177641,-0.017545883636356115,0.2122489537447995,0.000430946584566827,6.13370639290095e-05,-8.586431129442573e-07,0.00043529062869448516,-0.012746201828122139,-0.016223104670643806,-0.024041777476668358,-2.4537577629089355,-0.0010649093892425299,2.4141101837158203,0.6970829367637634,5.476005026139319e-05,0.009870829991996288,0.0005446207942441106,0.026102427393198013,7.193714554887265e-05,-0.06876695156097412,0.0015003227163106203,0.2451555654604705,3.124222844977414,0.12568426340708902,0.02,1.0,0.6175344055175782,1.3424854578719179,1.0,2.456690549850464,2.7651057959849314,-1.4566905498504639,0.010248953744799467,True,True,OK,metrics within configured thresholds
10.32,stroke_002,draw_line,0.4722076142515056,-0.01732050807568877,0.202,0.47178144985567083,-0.017380647419374375,0.20200093941078606,0.4781808242827555,-0.01754473678585773,0.21209863586379774,0.0004261643958347605,6.0139343685605e-05,-9.394107860494216e-07,0.0004303878662657286,-0.012743975035846233,-0.015825754031538963,-0.024028901010751724,-2.4532783031463623,-0.0010470739798620343,2.4140913486480713,0.6971004605293274,0.00018417966202832758,0.015574115328490734,0.0006284524570219219,0.028213752433657646,0.0008700283942744136,-0.049156803637742996,0.0009806315647438169,0.24521946091504224,3.123455047860189,0.12575155285789433,0.02,1.0,0.6180422370910645,1.3388575782934877,1.0,2.5066816806793213,2.657160459837868,-1.5066816806793213,0.010098635863797736,True,True,OK,metrics within configured thresholds
10.34,stroke_002,draw_line,0.4723685469677037,-0.01732050807568877,0.202,0.47196519984583235,-0.01737904864451144,0.20200094648053504,0.47834741254727675,-0.017543599313642314,0.21203086595494944,0.0004033471218713447,5.854056882266881e-05,-9.464805350301031e-07,0.00040757428126095274,-0.012740015983581543,-0.015376005321741104,-0.024014852941036224,-2.452742576599121,-0.0010282304137945175,2.414102554321289,0.6971178650856018,0.0002555746177677065,0.017349939793348312,0.0006764429272152483,0.03023301251232624,0.0009309489978477359,-0.04819834977388382,0.0009642209624871612,0.2452700905388978,3.1231393020276,0.12584008138481798,0.02,1.0,0.6185216968536378,1.3332809951661784,1.0,3.0914063453674316,2.6044928871323765,-2.0914063453674316,0.010030865954949425,True,True,OK,metrics within configured thresholds
10.36,stroke_002,draw_line,0.4725361363206828,-0.01732050807568877,0.202,0.4720729157250401,-0.017375698936842304,0.20200086816500207,0.478520570183837,-0.017542472786415207,0.21229891990870545,0.00046322059564268825,5.5190861153534e-05,-8.681650020547771e-07,0.00046649770105854364,-0.012736806645989418,-0.014992625452578068,-0.02400107868015766,-2.452195644378662,-0.0010202318662777543,2.413684129714966,0.6971421241760254,0.00012816290836781263,0.012277747504413128,0.0005944232689216733,0.029084082692861557,0.0002069421170745045,-0.06980711221694946,0.0014093019999563694,0.24532578478053774,3.122821280421831,0.12594105796842894,0.02,1.0,0.619057423400879,1.3478685291312775,1.0,2.121920108795166,2.774912597514646,-1.121920108795166,0.010298919908705432,True,True,OK,metrics within configured thresholds
10.38,stroke_002,draw_line,0.4727104239072239,-0.01732050807568877,0.202,0.47230058616412063,-0.017375550020612952,0.2020010443327813,0.47870067006765415,-0.017541364164127687,0.21196692340871295,0.0004098377431032696,5.504194492418277e-05,-1.0443327812803549e-06,0.0004135186598014368,-0.01273284386843443,-0.014491287060081959,-0.023987194523215294,-2.4516396522521973,-0.0009943117620423436,2.4138946533203125,0.6971544623374939,0.0002595728437881917,0.021639864891767502,0.0006789605831727386,0.032843124121427536,0.0013245852896943688,-0.039652269333601,0.0006182495271787047,0.24539341598538442,3.122042051049763,0.12601625663020938,0.02,1.0,0.619604355621338,1.3326722763740744,1.0,3.0648109912872314,2.546365226462828,-2.0648109912872314,0.009966923408712946,True,True,OK,metrics within configured thresholds
10.4,stroke_002,draw_line,0.47289144589274074,-0.01732050807568877,0.202,0.47243841039525286,-0.017372702343253287,0.2020008754601518,0.4788872945074438,-0.017540260571994235,0.21225120218395482,0.00045303549748787475,5.2194267564517616e-05,-8.754601517890759e-07,0.00045603307991982337,-0.01272886898368597,-0.014046651311218739,-0.02397290989756584,-2.4510293006896973,-0.0009833761723712087,2.4135234355926514,0.6971766948699951,0.00019695408991537988,0.015083471313118935,0.0006546694203279912,0.03183368220925331,0.0005359378410503268,-0.06907686591148376,0.0011863225372508168,0.2454460028394616,3.1219268297718066,0.12613401168991736,0.02,1.0,0.6201603477478028,1.3444431669162067,1.0,2.508420705795288,2.727821244151369,-1.508420705795288,0.010251202183954818,True,True,OK,metrics within configured thresholds
10.42,stroke_002,draw_line,0.47307923308619537,-0.01732050807568877,0.202,0.47262637720869155,-0.017371137029928613,0.2020008184425507,0.47908086159720337,-0.017539172784938755,0.21214757411870797,0.0004528558775038216,5.062895423984387e-05,-8.184425506763127e-07,0.0004556779637478482,-0.012724759057164192,-0.013562151230871677,-0.023958679288625717,-2.4504339694976807,-0.0009634704329073429,2.4134485721588135,0.6971921920776367,0.000249248172622174,0.01927497237920761,0.000679067219607532,0.033866479992866516,0.0009427051991224289,-0.05126117542386055,0.000905933731701225,0.2455188743398559,3.121161679419137,0.12622405991244792,0.02,1.0,0.6207706993103028,1.3423626051540158,1.0,2.5746355056762695,2.6510310557267407,-1.5746355056762695,0.010147574118707963,True,True,OK,metrics within configured thresholds
10.44,stroke_002,draw_line,0.4732738110150136,-0.01732050807568877,0.202,0.4728305200177568,-0.017369587520590198,0.20200092999435854,0.47928122274720286,-0.017538095610284795,0.21211883650322394,0.00044329099725681775,4.907944490142868e-05,-9.299943585228121e-07,0.0004460006334639933,-0.01271985936909914,-0.013038492761552334,-0.023943882435560226,-2.4497904777526855,-0.0009430235950276256,2.4133734703063965,0.6972072720527649,0.00028136177570559084,0.02074044570326805,0.0007077707559801638,0.03528444096446037,0.0010261847637593746,-0.05292196944355965,0.0008427141583524644,0.24558257832725205,3.1207230037583495,0.12633064863949198,0.02,1.0,0.6213660305023194,1.3398048293722025,1.0,2.810737371444702,2.624292613209076,-1.8107373714447021,0.010118836503223929,True,True,OK,metrics within configured thresholds
10.46,stroke_002,draw_line,0.4734752,-0.01732050807568877,0.202,0.47300783953979275,-0.017367396537009257,0.2020008465429874,0.4794883608051895,-0.017537028942366806,0.2122285468392478,0.00046736046020723343,4.688846132048716e-05,-8.465429873760755e-07,0.00046970740275744993,-0.012715023942291737,-0.012530626729130745,-0.02392902411520481,-2.4491283893585205,-0.0009266416309401393,2.4131195545196533,0.697225034236908,0.0002610730880405754,0.01917123608291149,0.0007057451293803751,0.035351578146219254,0.0008499387768097222,-0.059693772345781326,0.0009367928141728044,0.2456512571509666,3.1202553471486056,0.12644617968887645,0.02,1.0,0.6220095222473145,1.3455079233922989,1.0,2.4906005859375,2.689548278591545,-1.4906005859375,0.010228546839247774,True,True,OK,metrics within configured thresholds
10.48,stroke_002,draw_line,0.4736834152302539,-0.01732050807568877,0.202,0.4732265882695696,-0.017365979008269458,0.20200091939776768,0.47970242569498445,-0.017535975305054814,0.21213543871670756,0.00045682696068433115,4.54709325806886e-05,-9.193977676680287e-07,0.00045908531125499555,-0.012709841132164001,-0.011976370587944984,-0.02391398884356022,-2.448451519012451,-0.0009041381417773664,2.4130616188049316,0.6972389817237854,0.0002938156249001622,0.022677162662148476,0.0007220032275654376,0.03726033493876457,0.001138306688517332,-0.05092400312423706,0.0007452682475559413,0.24572619909146212,3.1195897952443,0.12655353547908538,0.02,1.0,0.6226716106414796,1.3417946842515038,1.0,2.733631134033203,2.6199165861626295,-1.7336311340332031,0.010135438716707539,True,True,OK,metrics within configured thresholds
10.5,stroke_002,draw_line,0.47389846683808445,-0.01732050807568877,0.202,0.4734295752751749,-0.017364188536792013,0.2020008297305413,0.47992328877523016,-0.017534931552407027,0.21220675687108503,0.0004688915629095791,4.3680461103243196e-05,-8.297305412741096e-07,0.0004709224659142425,-0.012704528868198395,-0.011419346556067467,-0.023898733779788017,-2.4477412700653076,-0.0008851067977957428,2.4128592014312744,0.69725501537323,0.00028988649137318134,0.02172531746327877,0.000724379497114569,0.03807656094431877,0.0009714151965454221,-0.058283787220716476,0.0008756015449762344,0.24579759763717524,3.119125702016309,0.12667642102266058,0.02,1.0,0.6233484809875489,1.3446068410142604,1.0,2.6737794876098633,2.6597166779173302,-1.6737794876098633,0.01020675687108501,True,True,OK,metrics within configured thresholds
10.52,stroke_002,draw_line,0.47412035997392593,-0.01732050807568877,0.202,0.47363873953078145,-0.017362526474227313,0.20200105180224145,0.48015104576211803,-0.01753389913665574,0.21222579231680277,0.0004816204431444815,4.201839853854375e-05,-1.051802241441857e-06,0.0004834510351197789,-0.012699231505393982,-0.01085082907229662,-0.02388341724872589,-2.4470176696777344,-0.0008647003560326993,2.4126644134521484,0.6972696185112,0.0002909740142058581,0.022858047857880592,0.0007331563392654061,0.0388961024582386,0.0010638432577252388,-0.06096579506993294,0.0007855161093175411,0.2458759219859938,3.118490831471259,0.12679605193621396,0.02,1.0,0.6240587299346925,1.3468728616297543,1.0,2.461665391921997,2.664638661309717,-1.461665391921997,0.010225792316802759,True,True,OK,metrics within configured thresholds
10.540000000000001,stroke_002,draw_line,0.4743490948812535,-0.01732050807568877,0.202,0.47388642432385564,-0.017361562654058475,0.20200099580760744,0.4803856993476947,-0.01753287749881772,0.21213038653649338,0.00046267055739784846,4.1054578369705e-05,-9.958076074290112e-07,0.00046448952057149905,-0.012693443335592747,-0.010230038315057755,-0.023867731913924217,-2.4462640285491943,-0.0008395981276407838,2.4126224517822266,0.6972817182540894,0.00032163626747205853,0.02587886154651642,0.0007512657903134823,0.040972672402858734,0.0012288774596527219,-0.05221453681588173,0.0006697183125652373,0.24595542884560073,3.1178570170014352,0.12691878377905677,0.02,1.0,0.6247823303222657,1.341641045493415,1.0,2.9451088905334473,2.593598017024015,-1.9451088905334473,0.010130386536493376,True,True,OK,metrics within configured thresholds
10.56,stroke_002,draw_line,0.47458466697149826,-0.01732050807568877,0.202,0.47408025187555036,-0.01735945007185602,0.2020007954977228,0.48062711799066427,-0.01753186380281172,0.2123269461328451,0.0005044150959478966,3.8941996167250054e-05,-7.954977227775384e-07,0.0005059166936386294,-0.012687941081821918,-0.009647534228861332,-0.023852000012993813,-2.445486545562744,-0.0008225390920415521,2.412248134613037,0.6972988843917847,0.00028504084912128747,0.022194311022758484,0.0007434257422573864,0.04071643203496933,0.0008797963382676244,-0.06718642264604568,0.0009203239460475743,0.24603384283824148,3.117372830276311,0.12705701473339984,0.02,1.0,0.6255359714508058,1.3519169652237795,1.0,2.3855738639831543,2.7166268227523167,-1.3855738639831543,0.010326946132845093,True,True,OK,metrics within configured thresholds
10.58,stroke_002,draw_line,0.474827066898963,-0.01732050807568877,0.202,0.47434174572561966,-0.017358788109868316,0.20200085308344598,0.480875535374146,-0.017530862611918562,0.21216434863750158,0.0004853211733433227,3.828003417954626e-05,-8.530834459674619e-07,0.00048682926171656165,-0.012682155705988407,-0.008998424746096134,-0.023836033418774605,-2.4447009563446045,-0.0007954638567753136,2.412221908569336,0.697309672832489,0.00032369999098591506,0.02761063538491726,0.0007753490353934467,0.04311591759324074,0.0013791691744700074,-0.048091862350702286,0.0005665863282047212,0.2461231989456755,3.1165214015066445,0.12717809579689027,0.02,1.0,0.626313454437256,1.3455850180591873,1.0,2.7553508281707764,2.6007582871831096,-1.7553508281707764,0.010164348637501564,True,True,OK,metrics within configured thresholds
10.6,stroke_002,draw_line,0.47507628063573726,-0.01732050807568877,0.202,0.47458006370196953,-0.01735736870422155,0.20200099340818323,0.48113069337666003,-0.017529868073636923,0.2122570937812558,0.0004962169337677236,3.686062853278105e-05,-9.934081832141395e-07,0.0004975851064425979,-0.012676142156124115,-0.008347689174115658,-0.023819683119654655,-2.4438693523406982,-0.0007734490209259093,2.411987543106079,0.6973243355751038,0.00032832217402756214,0.026234261691570282,0.0007841595797799528,0.04351472482085228,0.0010989661095663905,-0.06122061237692833,0.0007889973348937929,0.24620411265896508,3.116041934094847,0.12732329864439268,0.02,1.0,0.6270990436553956,1.348640679664952,1.0,2.628624677658081,2.654865676528793,-1.628624677658081,0.010257093781255791,True,True,OK,metrics within configured thresholds
10.620000000000001,stroke_002,draw_line,0.475332289546613,-0.01732050807568877,0.202,0.474829475294409,-0.017356129298725455,0.20200079544707938,0.4813926935399506,-0.017528883191131002,0.21225483702613715,0.000502814252203998,3.562122303668591e-05,-7.95447079371403e-07,0.0005040750702882965,-0.012669941410422325,-0.007681419141590595,-0.02380308508872986,-2.4430298805236816,-0.0007492718286812305,2.411799907684326,0.6973379254341125,0.0003337259404361248,0.027499068528413773,0.0008003812399692833,0.04457159340381622,0.0012526639038696885,-0.05456915870308876,0.0006947577930986881,0.24629501688512592,3.115314917187208,0.12746355375468052,0.02,1.0,0.6279306476593018,1.349466703739855,1.0,2.628795623779297,2.645681326924044,-1.6287956237792969,0.010254837026137135,True,True,OK,metrics within configured thresholds
10.64,stroke_002,draw_line,0.475595070464,-0.01732050807568877,0.202,0.47508882233537614,-0.017355060123763057,0.20200092042997114,0.48166149522204266,-0.017527907205777085,0.21225745043130193,0.0005062481286238762,3.45520480742878e-05,-9.204299711296215e-07,0.0005074267030346712,-0.012663611210882664,-0.006992950104176998,-0.023786235600709915,-2.44216251373291,-0.0007243037689477205,2.4116134643554688,0.6973514556884766,0.0003484123735688627,0.028734328225255013,0.0008148333872668445,0.045858919620513916,0.0012613690923899412,-0.06178992986679077,0.0006968114175833762,0.24638538887095457,3.1146357826144957,0.1276082899230414,0.02,1.0,0.6287701194763184,1.3498847668418572,1.0,2.599411964416504,2.6397713308233826,-1.599411964416504,0.010257450431301905,True,True,OK,metrics within configured thresholds
10.66,stroke_002,draw_line,0.475864595762841,-0.01732050807568877,0.202,0.47536007357108095,-0.017353972569966642,0.20200086305368295,0.48193705791556135,-0.017526939401064433,0.21224764128280638,0.0005045221917600595,3.3464494277872514e-05,-8.630536829368207e-07,0.0005056315449191315,-0.01265700813382864,-0.00628065736964345,-0.023769034072756767,-2.441269874572754,-0.0006980319158174098,2.411444664001465,0.6973643898963928,0.00035710359225049615,0.02973780781030655,0.000832026416901499,0.047113798558712006,0.0013219361426308751,-0.0567016564309597,0.0006515268469229341,0.2464783494005042,3.113946251222273,0.12775835597009608,0.02,1.0,0.6296374862670899,1.3492104572869412,1.0,2.8039605617523193,2.625645552580975,-1.8039605617523193,0.010247641282806362,True,True,OK,metrics within configured thresholds
10.68,stroke_002,draw_line,0.4761408334355275,-0.01732050807568877,0.202,0.47560958125280156,-0.01735227471618175,0.20200082869809052,0.48221932877909474,-0.017525979817785822,0.21235307305326187,0.0005312521827259276,3.1766640492980613e-05,-8.28698090510338e-07,0.0005322017360360616,-0.012650455348193645,-0.005578831769526005,-0.023751670494675636,-2.4403581619262695,-0.0006750202155672014,2.411125659942627,0.6973795890808105,0.00034512035199441016,0.02855510264635086,0.0008352778386324644,0.04737333953380585,0.0011690412648022175,-0.0616564080119133,0.0007709934143349528,0.2465731462083671,3.113265767398538,0.12791423326812748,0.02,1.0,0.6305301254272462,1.3554485717880427,1.0,2.42704176902771,2.6880558057909454,-1.42704176902771,0.010353073053261854,True,True,OK,metrics within configured thresholds
10.700000000000001,stroke_002,draw_line,0.4764237471668148,-0.01732050807568877,0.202,0.4759111873612038,-0.017351697567884287,0.20200080817647123,0.4825083851926638,-0.01752503086425546,0.21222721759021163,0.0005125598056109903,3.118949219551789e-05,-8.081764712175588e-07,0.0005135085120040359,-0.012643590569496155,-0.004818616900593042,-0.023733939975500107,-2.4394266605377197,-0.0006450474029406905,2.4110498428344727,0.6973894238471985,0.00037097965832799673,0.03258131816983223,0.0008545155869796872,0.04985704645514488,0.0014468813315033913,-0.050895124673843384,0.0005819377838633955,0.24667359848569045,3.112416835544822,0.128063829602212,0.02,1.0,0.6314418380737306,1.3499664912335385,1.0,2.8614253997802734,2.596700892923813,-1.8614253997802734,0.010227217590211621,True,True,OK,metrics within configured thresholds
10.72,stroke_002,draw_line,0.4767132964087377,-0.01732050807568877,0.202,0.47617286632697675,-0.017350102764481453,0.20200085356399516,0.4828040043186735,-0.017524088015132413,0.21237802343760354,0.0005404300817609675,2.9594688792683455e-05,-8.535639951512408e-07,0.0005412404710000866,-0.012636695057153702,-0.004079286940395832,-0.023715967312455177,-2.438462018966675,-0.0006215136963874102,2.4106993675231934,0.6974043250083923,0.00036092655500397086,0.030080625787377357,0.0008604868780821562,0.04961324855685234,0.001164169399999082,-0.06419159471988678,0.0008010690798982978,0.24676945321444926,3.1118222859194966,0.12823301925467281,0.02,1.0,0.6323733394622804,1.3571333852283582,1.0,2.460177421569824,2.689354470323574,-1.4601774215698242,0.010378023437603526,True,True,OK,metrics within configured thresholds
10.74,stroke_002,draw_line,0.4770094364555257,-0.01732050807568877,0.202,0.47648281342220933,-0.01734959210792191,0.2020009892401137,0.48310632781433593,-0.017523155316619465,0.21226896948453064,0.0005266230333163535,2.9084032233141904e-05,-9.892401136857298e-07,0.0005274264676201396,-0.012629583477973938,-0.0032895258627831936,-0.023697655647993088,-2.4374871253967285,-0.0005909907049499452,2.4105896949768066,0.697414219379425,0.00038095025229267776,0.034072328358888626,0.00088528759079054,0.051703080534935,0.0015024441527202725,-0.05476580560207367,0.0005819908110424876,0.2468756564996963,3.1109178223647502,0.12839043251634757,0.02,1.0,0.6333379810333253,1.3527910912196728,1.0,2.7305963039398193,2.6091425032597617,-1.7305963039398193,0.010268969484530627,True,True,OK,metrics within configured thresholds
10.76,stroke_002,draw_line,0.4773121185185185,-0.01732050807568877,0.202,0.4767751950023013,-0.017348408178867354,0.20200075352361258,0.4834151395322787,-0.017522228391526812,0.21234429428922216,0.0005369235162172026,2.7900103178584573e-05,-7.535236125622014e-07,0.0005376484407326547,-0.012622347101569176,-0.0024979976005852222,-0.023679031059145927,-2.436476469039917,-0.0005639332812279463,2.410320997238159,0.6974277496337891,0.0003832829534076154,0.032899487763643265,0.0008971066563390195,0.05249563232064247,0.0013346042251214385,-0.061261702328920364,0.0007214864017441869,0.24697630255244005,3.1102711831163545,0.12856551714779962,0.02,1.0,0.6343128746032716,1.3556150995223484,1.0,2.7423014640808105,2.6516513334977816,-1.7423014640808105,0.010344294289222141,True,True,OK,metrics within configured thresholds
10.78,stroke_002,draw_line,0.47762128980108154,-0.01732050807568877,0.202,0.47706323532257855,-0.017347122160979698,0.20200115411980252,0.48373048310998185,-0.017521309909850746,0.21240366925993265,0.0005580544785029895,2.661408529092829e-05,-1.1541198025044608e-06,0.0005586899341366684,-0.01261519081890583,-0.001706840586848557,-0.023660240694880486,-2.4354560375213623,-0.0005369995487853885,2.4100098609924316,0.6974415183067322,0.0003849584609270096,0.03400225564837456,0.0009065031190402806,0.05252613127231598,0.0012894412502646446,-0.07782261073589325,0.0007702228613197803,0.24708446191891134,3.1094386248591963,0.1287367796021965,0.02,1.0,0.6353235309600831,1.360293928476619,1.0,2.1492886543273926,2.6833788792018414,-1.1492886543273926,0.010403669259932644,True,True,OK,metrics within configured thresholds
10.8,stroke_002,draw_line,0.4779368935735211,-0.01732050807568877,0.202,0.4774417263109122,-0.01734786839852814,0.20200106018954628,0.48405234474218956,-0.017520400246172935,0.21213374702297705,0.0004951672626088977,2.73603228393704e-05,-1.0601895462647448e-06,0.0004959237131125487,-0.012607495300471783,-0.0008136192918755114,-0.0236408282071352,-2.434401273727417,-0.000498920795507729,2.410123586654663,0.6974475383758545,0.000418574723880738,0.04030710458755493,0.0009538942249491811,0.056291062384843826,0.001877922797575593,-0.05369690805673599,0.0003557152231223881,0.24719457856141144,3.108558599789594,0.12890727425619666,0.02,1.0,0.6363439624786378,1.3445129499076598,1.0,3.5505576133728027,2.4964473004957846,-2.5505576133728027,0.010133747022977029,True,True,OK,metrics within configured thresholds
10.82,stroke_002,draw_line,0.478258869248,-0.01732050807568877,0.202,0.4776691337853881,-0.01734473638981882,0.20200079369642887,0.48438032718374213,-0.017519491236199638,0.21263374702297705,0.0005897354626118734,2.42283141300495e-05,-7.936964288579595e-07,0.0005902334767036227,-0.012600401416420937,-4.758717477670871e-05,-0.023621680215001106,-2.433319091796875,-0.00048220090684480965,2.4093751907348633,0.6974691152572632,0.00035538565134629607,0.029283657670021057,0.0009134358842857182,0.0533602237701416,0.0008600201108492911,-0.0853511318564415,0.001090034726075828,0.24729613133518596,3.108127714607157,0.12911158768991995,0.02,1.0,0.6373987262725831,1.3692662968897729,1.0,2.0709774494171143,2.865385910002741,-1.0709774494171143,0.010633747022977029,True,True,OK,metrics within configured thresholds
10.84,stroke_002,draw_line,0.47858715245345285,-0.01732050807568877,0.202,0.47803012144905793,-0.01734504890859526,0.20200086201364129,0.4847149966321243,-0.017518598390301076,0.21229425959744164,0.0005570310043949145,2.4540832906490284e-05,-8.620136412729185e-07,0.0005575720001977048,-0.012593311257660389,0.0008312360150739551,-0.023602137342095375,-2.4322595596313477,-0.0004446252714842558,2.409386157989502,0.6974761486053467,0.0003982461348641664,0.03976251184940338,0.0009650074644014239,0.057055842131376266,0.0018801052356138825,-0.045208171010017395,0.00037964869989082217,0.24742360494329838,3.1067523162756023,0.12926494890572235,0.02,1.0,0.6384809082031251,1.3582765276470248,1.0,2.6472678184509277,2.5873429487977715,-1.6472678184509277,0.010294259597441614,True,True,OK,metrics within configured thresholds
10.86,stroke_002,draw_line,0.47892167511050143,-0.01732050807568877,0.202,0.47837812105369626,-0.0173446274786003,0.20200085273830667,0.48505577412710393,-0.017517707865711,0.21233697837058177,0.0005435540568051733,2.4119402911530058e-05,-8.52738306661438e-07,0.0005440895932002283,-0.01258547231554985,0.0017368609551340342,-0.02358185686171055,-2.4311225414276123,-0.0004126050916966051,2.409186601638794,0.6974878311157227,0.0004278335836715996,0.03848488628864288,0.0009978071320801973,0.058294571936130524,0.0016212038462981582,-0.05664154887199402,0.0006140232435427606,0.24752794037307338,3.106216228123279,0.12946356762284145,0.02,1.0,0.6395404403686524,1.3564269684505947,1.0,3.102172613143921,2.6083166531763764,-2.102172613143921,0.010336978370581755,True,True,OK,metrics within configured thresholds
10.88,stroke_002,draw_line,0.47926236550637036,-0.01732050807568877,0.202,0.47865464690984316,-0.017342087385192603,0.20200084438945645,0.4854026651047172,-0.017516822588939267,0.21260872091323887,0.0006077185965271958,2.1579309503833022e-05,-8.443894564391652e-07,0.0006081021889100556,-0.012577800080180168,0.0025719129480421543,-0.023561539128422737,-2.4299917221069336,-0.0003891788946930319,2.40861439704895,0.6975054144859314,0.0004009443218819797,0.034011587500572205,0.0009818498510867357,0.056950751692056656,0.001178368111141026,-0.07526803761720657,0.0009370460174977779,0.24764521729885886,3.1054184828166456,0.12966275889997436,0.02,1.0,0.6406774585723878,1.3722666401407746,1.0,1.9759162664413452,2.781166239165017,-0.9759162664413452,0.010608720913238872,True,True,OK,metrics within configured thresholds
10.9,stroke_002,draw_line,0.4796091483698022,-0.01732050807568877,0.202,0.4790758014393344,-0.017343164032619544,0.20200072915077433,0.48575590477559544,-0.017515951013648248,0.21219645997879993,0.0005333469304677485,2.26559569307741e-05,-7.291507743145687e-07,0.0005338284109006097,-0.012569812126457691,0.0035496214404702187,-0.02354056015610695,-2.428844928741455,-0.00034611037699505687,2.4087893962860107,0.6975108981132507,0.00043611909495666623,0.044590093195438385,0.001039162278175354,0.06155494600534439,0.0021529674995690584,-0.03597736358642578,0.0002264426148030907,0.24777187633911685,3.1042236990948835,0.12983652093102574,0.02,1.0,0.6418082778930665,1.3525369942645618,1.0,3.343132495880127,2.499328748711732,-2.343132495880127,0.010196459978799928,True,True,OK,metrics within configured thresholds
10.92,stroke_002,draw_line,0.4799619449459729,-0.01732050807568877,0.202,0.4793548936583097,-0.017340499936000165,0.20200084649177844,0.48611485890016953,-0.017515078618068686,0.21265201956648488,0.0006070512876631962,1.9991860311395493e-05,-8.464917784223314e-07,0.0006073809816586175,-0.012561800889670849,0.004422052297741175,-0.023519597947597504,-2.4276440143585205,-0.00032464892137795687,2.4081037044525146,0.6975312232971191,0.0004146830178797245,0.03457553684711456,0.0010116571793332696,0.058956872671842575,0.001091029611416161,-0.08119454979896545,0.0010386357316747308,0.24787906235642376,3.103841740190198,0.13006201848496773,0.02,1.0,0.642955071258545,1.372979656247143,1.0,2.1640377044677734,2.79466006022067,-1.1640377044677734,0.010652019566484879,True,True,OK,metrics within configured thresholds
10.94,stroke_002,draw_line,0.4803206730714074,-0.01732050807568877,0.202,0.4797547362539625,-0.017340733818640385,0.20200095864083037,0.48648003848743965,-0.01751422036845792,0.21233196042536456,0.0005659368174449342,2.022574295161561e-05,-9.586408303563498e-07,0.0005662989325523113,-0.012553809210658073,0.005393797066062689,-0.02349812723696232,-2.4264683723449707,-0.0002843181136995554,2.408112049102783,0.6975377798080444,0.0004331172676756978,0.04406074061989784,0.0010599832748994231,0.06274072080850601,0.001961849629878998,-0.05337388813495636,0.00041369060636498034,0.24801509218174095,3.1024990408892013,0.13024134890115843,0.02,1.0,0.6441559856414796,1.3607944942341057,1.0,2.8278698921203613,2.573942235707156,-1.8278698921203613,0.010331960425364557,True,True,OK,metrics within configured thresholds
10.96,stroke_002,draw_line,0.480685247248895,-0.01732050807568877,0.202,0.48011056184448986,-0.01733970834171486,0.20200096926057684,0.48685089724724284,-0.017513364616315037,0.21247691216338965,0.0005746854044051397,1.9200266026090512e-05,-9.692605768274465e-07,0.0005750068727570458,-0.012545437552034855,0.006356996484100819,-0.023476295173168182,-2.425226926803589,-0.00025292427744716406,2.4077649116516113,0.6975514888763428,0.00044655523379333317,0.04071177914738655,0.0010721631115302444,0.0625467449426651,0.0015865974128246307,-0.06575734913349152,0.0006990277906879783,0.2481291052642791,3.1019318055362617,0.13046138795984266,0.02,1.0,0.6453316276550294,1.3647334735167898,1.0,2.874149799346924,2.662816915451778,-1.8741497993469238,0.010476912163389652,True,True,OK,metrics within configured thresholds
10.98,stroke_002,draw_line,0.4810555787224045,-0.01732050807568877,0.202,0.48044295028227946,-0.01733776417562038,0.20200094181343276,0.48722754618827063,-0.01751251638908843,0.21260001941140833,0.0006126284401250515,1.7256099931611812e-05,-9.418134327421335e-07,0.0006128721446170038,-0.01253720186650753,0.007292636204510927,-0.02345435693860054,-2.423997163772583,-0.0002231827238574624,2.407313585281372,0.6975660920143127,0.0004358942387625575,0.03967893123626709,0.0010683132568374276,0.06241798773407936,0.0014622581657022238,-0.07030694931745529,0.0008001235546544194,0.24825879653379251,3.100952715991031,0.13067017827575245,0.02,1.0,0.6465730731964112,1.373736318740917,1.0,2.2349846363067627,2.736783424815079,-1.2349846363067627,0.010600019411408309,True,True,OK,metrics within configured thresholds
11.0,stroke_002,draw_line,0.481431575552,-0.01732050807568877,0.202,0.4808666979776627,-0.01733824134085626,0.20200088789732826,0.4876100096490815,-0.017511679331435104,0.21234750312438333,0.0005648775743373191,1.7733265167491075e-05,-8.87897328244458e-07,0.0005651565544558247,-0.012528795748949051,0.008325229398906231,-0.023431826382875443,-2.4227421283721924,-0.0001817482989281416,2.4073069095611572,0.6975724101066589,0.0004501243238337338,0.046246595680713654,0.0011140673886984587,0.06596168130636215,0.0020449140574783087,-0.04891890659928322,0.00038838444743305445,0.24839001327596252,3.0998711919888615,0.13087009994283194,0.02,1.0,0.6478028362274171,1.3613592600230464,1.0,3.2035231590270996,2.5611538488371686,-2.2035231590270996,0.010347503124383305,True,True,OK,metrics within configured thresholds
11.02,stroke_002,draw_line,0.48181314268875597,-0.01732050807568877,0.202,0.48118700187239605,-0.017335724095982313,0.2020008391398024,0.48799784882829356,-0.01751084371335145,0.21269724889398486,0.0006261408163599214,1.5216020293543076e-05,-8.391398023943619e-07,0.0006263262355522481,-0.012520474381744862,0.009279755875468254,-0.023409422487020493,-2.421450614929199,-0.00015554323908872902,2.4066781997680664,0.6975895762443542,0.000439247494796291,0.039061032235622406,0.0010913035366684198,0.0641961470246315,0.0012911574449390173,-0.07972333580255508,0.0009332526824437082,0.24851077214495937,3.0992705331983497,0.13110367905296563,0.02,1.0,0.6490578716278077,1.3780494580391853,1.0,2.237337589263916,2.7859831074036445,-1.237337589263916,0.010697248893984844,True,True,OK,metrics within configured thresholds
11.040000000000001,stroke_002,draw_line,0.4822001820496729,-0.01732050807568877,0.202,0.48161266416651405,-0.017336053922591337,0.20200090754536326,0.48839140208536147,-0.017510021506719625,0.21242036769719388,0.0005875178831588612,1.554584690256766e-05,-9.07545363248996e-07,0.0005877242210645854,-0.012512207962572575,0.010326249524950981,-0.023386435583233833,-2.420168876647949,-0.00011395625188015401,2.4066333770751953,0.6975963115692139,0.00044403201900422573,0.0472787544131279,0.0011410217266529799,0.06712709367275238,0.002089224522933364,-0.04921158030629158,0.00038014110759831965,0.2486520989661745,3.097979396862614,0.13130336636904638,0.02,1.0,0.6503493850708009,1.3671313061772397,1.0,2.8595261573791504,2.5939571760547397,-1.8595261573791504,0.010420367697193868,True,True,OK,metrics within configured thresholds
11.06,stroke_002,draw_line,0.4825925925925926,-0.01732050807568877,0.202,0.48199319399143564,-0.017334903088780464,0.20200102026605998,0.4887901674618427,-0.01750920126960789,0.21257159975662582,0.0005993986011569308,1.4395013091694775e-05,-1.0202660599700764e-06,0.0005995722979037879,-0.012503611855208874,0.01135860476642847,-0.023363184183835983,-2.4188311100006104,-8.068338502198458e-05,2.4062445163726807,0.6976099014282227,0.00045552465599030256,0.04398114234209061,0.0011422500247135758,0.067161925137043,0.0016527730040252209,-0.06935065239667892,0.0007040895288810134,0.24877558144143558,3.097340041925943,0.13153939474201107,0.02,1.0,0.6516311233520509,1.3718881871979136,1.0,2.7994179725646973,2.6869063195182834,-1.7994179725646973,0.010571599756625812,True,True,OK,metrics within configured thresholds
11.08,stroke_002,draw_line,0.48299027039111353,-0.01732050807568877,0.202,0.48236568953636577,-0.017333429679699162,0.20200089843173513,0.48919424326648536,-0.017508388916779846,0.2126427523722618,0.0006245808547477583,1.2921604010392856e-05,-8.984317351190541e-07,0.0006247151504063467,-0.012495213188230991,0.012379016727209091,-0.02333981916308403,-2.417501926422119,-4.7250447096303105e-05,2.4058279991149902,0.6976236701011658,0.0004484575183596462,0.04389544948935509,0.0011527709430083632,0.06744249910116196,0.0016846450744196773,-0.0679745078086853,0.0006807124591432512,0.24891372290941893,3.096303866693393,0.13176322557158293,0.02,1.0,0.6529688899993897,1.3780458589119033,1.0,2.4169015884399414,2.7262853980845283,-1.4169015884399414,0.010642752372261772,True,True,OK,metrics within configured thresholds
11.1,stroke_002,draw_line,0.48339310870950647,-0.01732050807568877,0.202,0.4827976189842272,-0.01733327375416665,0.2020006677636598,0.4896035753700694,-0.01750758570699944,0.21249165187965133,0.0005954897252792857,1.2765678477879433e-05,-6.677636597840486e-07,0.0005956269145769901,-0.012486745603382587,0.013466604053974152,-0.023315925151109695,-2.416147470474243,-6.673737971141236e-06,2.4056854248046875,0.6976311802864075,0.0004564118862617761,0.048239998519420624,0.0011819216888397932,0.06967268884181976,0.0020282920449972153,-0.05220641940832138,0.00045424021664075553,0.24905134349935443,3.095251179970487,0.1319837133979374,0.02,1.0,0.654298073577881,1.3709134574261048,1.0,2.9942445755004883,2.618001064708923,-1.9942445755004883,0.010491651879651327,True,True,OK,metrics within configured thresholds
11.120000000000001,stroke_002,draw_line,0.4838009980776296,-0.01732050807568877,0.202,0.4831714598697801,-0.017331572383466807,0.20200083197188465,0.49001783638792384,-0.017506786333760287,0.21270142752687132,0.0006295382078495004,1.1064307778037297e-05,-8.319718846350188e-07,0.0006296359791388869,-0.012478122487664223,0.014514163136482239,-0.023291977122426033,-2.414764165878296,2.500111804693006e-05,2.4051785469055176,0.6976459622383118,0.0004524294927250594,0.04433714225888252,0.0011740103363990784,0.068781279027462,0.0016139294020831585,-0.06979861855506897,0.000748958089388907,0.24918303350783166,3.0944956947763926,0.13222665120586188,0.02,1.0,0.6556525295257569,1.3807084453157237,1.0,2.447950839996338,2.749686293485971,-1.447950839996338,0.0107014275268713,True,True,OK,metrics within configured thresholds
11.14,stroke_002,draw_line,0.48421382636584426,-0.01732050807568877,0.202,0.48360549336886294,-0.017331474228524966,0.20200091005886806,0.4904371667888816,-0.01750599696349689,0.2125545249659826,0.00060833299698132,1.096615283619623e-05,-9.100588680421851e-07,0.000608432510580627,-0.012469700537621975,0.015616376884281635,-0.0232675950974226,-2.413381576538086,6.555152504006401e-05,2.4049956798553467,0.6976533532142639,0.0004485936078708619,0.0490063913166523,0.001208080560900271,0.07108854502439499,0.0020144875161349773,-0.05745314061641693,0.0004702173755504191,0.24932749961145553,3.093332835686316,0.13245109779128586,0.02,1.0,0.6570358341217042,1.3750894449483675,1.0,2.8300557136535645,2.6440788847645997,-1.8300557136535645,0.010554524965982595,True,True,OK,metrics within configured thresholds
11.16,stroke_002,draw_line,0.4846314788599299,-0.01732050807568877,0.202,0.48401119361599954,-0.0173303952352875,0.20200104205592595,0.4908612298632394,-0.017505211143334313,0.21266412699657344,0.0006202852439303741,9.887159598730155e-06,-1.042055925937202e-06,0.000620364913291562,-0.012461147271096706,0.016710231080651283,-0.02324303612112999,-2.4119627475738525,0.00010104286047862843,2.4045960903167725,0.6976664066314697,0.0004476806498132646,0.047514304518699646,0.001218723482452333,0.07101040333509445,0.0017531481571495533,-0.07549136132001877,0.0006751645705662668,0.24946200394478574,3.0925372368495863,0.13269655533218497,0.02,1.0,0.6584184234619141,1.3793552596701342,1.0,2.605877637863159,2.709170774875737,-1.6058776378631592,0.010664126996573433,True,True,OK,metrics within configured thresholds
11.18,stroke_002,draw_line,0.485053838336,-0.01732050807568877,0.202,0.48444078796458234,-0.017329759125764437,0.202000828600504,0.4912900409141762,-0.017504432782425333,0.21262160922688028,0.0006130503714176783,9.251050075667622e-06,-8.286005039881417e-07,0.0006131207274278459,-0.012452692724764347,0.017828142270445824,-0.023218128830194473,-2.410538673400879,0.00013987762213218957,2.4043145179748535,0.6976755261421204,0.0004500705690588802,0.04904988780617714,0.001229870948009193,0.07240170240402222,0.0019395165145397186,-0.05987721309065819,0.0005501609412021935,0.2496057468326744,3.091493819932798,0.13293455240597757,0.02,1.0,0.6598372524261475,1.3779281518959465,1.0,2.955751419067383,2.673018176921335,-1.9557514190673828,0.010621609226880277,True,True,OK,metrics within configured thresholds
11.200000000000001,stroke_002,draw_line,0.48548078513541715,-0.01732050807568877,0.202,0.4848332468733516,-0.01732806098429491,0.2020009468655692,0.491723402891964,-0.017503660079398086,0.21278244800268867,0.000647538262065539,7.5529086061391915e-06,-9.468655691735606e-07,0.0006475830014922237,-0.012444306164979935,0.018919406458735466,-0.02319321222603321,-2.409097194671631,0.00017347306129522622,2.4038031101226807,0.6976895332336426,0.0004400903999339789,0.04690882936120033,0.0012292925966903567,0.07196629792451859,0.0016807636711746454,-0.07531138509511948,0.0007340232841670513,0.24974594266859612,3.090588736784554,0.13318112335038765,0.02,1.0,0.6612613265991212,1.3871484263696936,1.0,2.3141069412231445,2.7719748116724516,-1.3141069412231445,0.01078244800268866,True,True,OK,metrics within configured thresholds
11.22,stroke_002,draw_line,0.4859121972397086,-0.01732050807568877,0.202,0.4853082878654171,-0.0173273617851473,0.20200093832801644,0.49216136032669466,-0.017502897259748823,0.2125533494181019,0.0006039093742915003,6.853709458531226e-06,-9.383280164254604e-07,0.0006039489930035149,-0.012434574775397778,0.020094076171517372,-0.023166721686720848,-2.4076411724090576,0.00021843163995072246,2.4037082195281982,0.6976954936981201,0.00047062462545000017,0.052887123078107834,0.0012791403569281101,0.07478444278240204,0.002008231123909354,-0.052478134632110596,0.0003497200377751142,0.24989397174832445,3.089430175247464,0.13341576226923774,0.02,1.0,0.6627028053283692,1.376446070047599,1.0,3.154287099838257,2.611721057015194,-2.154287099838257,0.01055334941810188,True,True,OK,metrics within configured thresholds
11.24,stroke_002,draw_line,0.4863479503454815,-0.01732050807568877,0.202,0.4856967392579771,-0.017324561142746168,0.20200093861750365,0.4926034754300399,-0.017502140288174747,0.21285080792478803,0.000651211087504433,4.053067057398219e-06,-9.3861750363744e-07,0.0006512243767274811,-0.012424895539879799,0.021203862503170967,-0.023140763863921165,-2.406153678894043,0.0002499099646229297,2.4030916690826416,0.6977099776268005,0.00044832672574557364,0.046820592135190964,0.00125512620434165,0.07368097454309464,0.0015313701005652547,-0.08407178521156311,0.0008171215886250138,0.25003051667411974,3.088737246517099,0.13368037793405535,0.02,1.0,0.6641588275909425,1.390117752480321,1.0,2.411371946334839,2.801619172003266,-1.4113719463348389,0.01085080792478801,True,True,OK,metrics within configured thresholds
11.26,stroke_002,draw_line,0.4867879179393385,-0.01732050807568877,0.202,0.48616184212439567,-0.01732274780436702,0.20200104155630927,0.4930499856382841,-0.017501397547056576,0.21265758335981325,0.0006260758149428391,2.2397286782507853e-06,-1.0415563092558422e-06,0.0006260806875159445,-0.012414420954883099,0.0223782267421484,-0.023113593459129333,-2.4046759605407715,0.0002935789234470576,2.4029042720794678,0.6977152228355408,0.00046531655243597925,0.05304568633437157,0.0012949223164469004,0.07552935183048248,0.0019047388341277838,-0.0641571581363678,0.00036859564715996385,0.2501849149770806,3.0874598778580964,0.13391660330014113,0.02,1.0,0.6656463211059571,1.3834556013014572,1.0,2.729558229446411,2.6650326430193165,-1.7295582294464111,0.010657583359813223,True,True,OK,metrics within configured thresholds
11.28,stroke_002,draw_line,0.48723197137279317,-0.01732050807568877,0.202,0.4866156738192453,-0.01732031134480273,0.20200088260879426,0.49350047131793656,-0.01750066503025639,0.21270327260887534,0.0006162975535478621,-1.9673088604010847e-07,-8.826087942448435e-07,0.0006162982169456643,-0.012403394095599651,0.02356431819498539,-0.023086246103048325,-2.403153657913208,0.00033324817195534706,2.402575731277466,0.6977220773696899,0.00047491720761172473,0.051559749990701675,0.0012865065364167094,0.07646359503269196,0.0017593172378838062,-0.06359390914440155,0.0004216968663968146,0.2503250005996305,3.086674868092968,0.13417899553059753,0.02,1.0,0.6671240394592286,1.382999950780377,1.0,3.182126045227051,2.6876165982687996,-2.182126045227051,0.01070327260887533,True,True,OK,metrics within configured thresholds
11.3,stroke_002,draw_line,0.4876799799371852,-0.01732050807568877,0.202,0.4869996343776356,-0.017317554394494443,0.20200091040588758,0.4939548631070198,-0.017499945189361665,0.21297591493286136,0.0006803455595496,-2.953681194326624e-06,-9.104058875664123e-07,0.0006803525802628635,-0.012394119054079056,0.024681346490979195,-0.02306043542921543,-2.401639461517334,0.00036405594437383115,2.401888132095337,0.6977347731590271,0.0004080510407220572,0.047249630093574524,0.0012311124010011554,0.07491330802440643,0.001537004136480391,-0.08147557824850082,0.0006423878367058933,0.2504726958929635,3.0857254898549504,0.1344403138941043,0.02,1.0,0.6686463420867921,1.3996242164712416,1.0,2.0073726177215576,2.8606949047041876,-1.0073726177215576,0.01097591493286134,True,True,OK,metrics within configured thresholds
11.32,stroke_002,draw_line,0.488131810938596,-0.01732050807568877,0.202,0.48753305285400833,-0.01731876449948658,0.20200096259104022,0.4944133232819951,-0.01749923925563175,0.2125388549569253,0.0005987580845876472,-1.7435762021886236e-06,-9.625910402100146e-07,0.0005987613969675664,-0.012385506182909012,0.02594112604856491,-0.02303367666900158,-2.4001119136810303,0.0004151770262978971,2.401977777481079,0.6977325677871704,0.0003812854702118784,0.0578615702688694,0.001280012889765203,0.07929907739162445,0.0023296168074011803,-0.04265180230140686,-4.11757173424121e-05,0.2506299668387842,3.0843866038962444,0.134676464396013,0.02,1.0,0.6701605384826661,1.3791268780257866,1.0,3.439668893814087,2.5620321042602674,-2.439668893814087,0.010538854956925282,True,True,OK,metrics within configured thresholds
11.34,stroke_002,draw_line,0.4885873297727639,-0.01732050807568877,0.202,0.4879189885648091,-0.017316371606535638,0.20200116947645672,0.49487513317446447,-0.017498531305216787,0.2130126987063053,0.0006683412079548368,-4.136469153131345e-06,-1.1694764567027338e-06,0.0006683550316282268,-0.012376828119158745,0.02709013782441616,-0.023007847368717194,-2.3985354900360107,0.00044405757216736674,2.4011881351470947,0.6977463960647583,0.00037556749884970486,0.04762879014015198,0.001235823961906135,0.07631871849298477,0.001396793988533318,-0.09268893301486969,0.0007266298052854836,0.2507642694358086,3.083922960966579,0.13496597736812962,0.02,1.0,0.6716880863189698,1.3998582253155718,1.0,2.2597713470458984,2.869204980604104,-1.2597713470458984,0.011012698706305267,True,True,OK,metrics within configured thresholds
11.36,stroke_002,draw_line,0.4890464,-0.01732050807568877,0.202,0.4884194449254649,-0.01731669738785286,0.2020010162010798,0.49534076183383446,-0.01749783575817529,0.21270433737114924,0.0006269550745350849,-3.810687835909682e-06,-1.0162010797842846e-06,0.0006269674788150589,-0.012368667870759964,0.02832474745810032,-0.022981006652116776,-2.3969945907592773,0.0004909301060251892,2.4010777473449707,0.6977462768554688,0.0003622796502895653,0.05606218799948692,0.0012870869832113385,0.07920447736978531,0.0021477488335222006,-0.05290566012263298,8.786771650193259e-05,0.2509293052588299,3.0824626821907115,0.1352069324063718,0.02,1.0,0.6732645099639893,1.388621932815955,1.0,2.9911770820617676,2.655903208858732,-1.9911770820617676,0.01070433737114922,True,True,OK,metrics within configured thresholds
11.38,stroke_002,draw_line,0.489508883420103,-0.01732050807568877,0.202,0.488864761616943,-0.017314726424838056,0.20200102026807232,0.4958096255605807,-0.017497141690196685,0.2128927688980322,0.000644121803160036,-5.7816508507134434e-06,-1.0202680723048196e-06,0.0006441485587499479,-0.012359053827822208,0.029535435140132904,-0.02295357547700405,-2.395400285720825,0.0005277158925309777,2.4005744457244873,0.6977534890174866,0.0003929359372705221,0.0519893579185009,0.0012918510474264622,0.07875940203666687,0.0016748419729992747,-0.07422251254320145,0.00044815591536462307,0.2510694875005527,3.0817920222683592,0.1354855102769614,0.02,1.0,0.6748054092407227,1.3954594599969719,1.0,2.7809345722198486,2.7732490644797947,-1.7809345722198486,0.010892768898032174,True,True,OK,metrics within configured thresholds
11.4,stroke_002,draw_line,0.4899746401472751,-0.01732050807568877,0.202,0.48931897067803465,-0.017312323561603383,0.2020009557762928,0.49628181883331224,-0.017496458282342055,0.21290923536254103,0.0006556694692404497,-8.18451408538673e-06,-9.557762927769886e-07,0.0006557212461657687,-0.01234921533614397,0.030745700001716614,-0.02292570285499096,-2.3938210010528564,0.0005670021055266261,2.400146961212158,0.6977589726448059,0.00039059811388142407,0.05296314135193825,0.0013005392393097281,0.079281747341156,0.0017686145147308707,-0.06947476416826248,0.0003483395848888904,0.2512260114731998,3.0806693762330934,0.1357483412295395,0.02,1.0,0.6763997142791749,1.3987872238297177,1.0,2.5734200477600098,2.7759389921888133,-1.5734200477600098,0.010909235362541023,True,True,OK,metrics within configured thresholds
11.42,stroke_002,draw_line,0.49044352868503704,-0.01732050807568877,0.202,0.4898115382189595,-0.017311449172930433,0.20200099155429374,0.496757176888358,-0.017495787219571787,0.21281484831824737,0.0006319904660775366,-9.058902758336124e-06,-9.9155429372777e-07,0.0006320561653144477,-0.012339839711785316,0.03200185298919678,-0.02289774641394615,-2.3922178745269775,0.0006103513878770173,2.399881362915039,0.6977606415748596,0.0003668318677227944,0.05566956847906113,0.0013109816936776042,0.0807841345667839,0.001988896867260337,-0.06123250350356102,0.00014308273966889828,0.2513781607574795,3.0796480077852046,0.1360130834182532,0.02,1.0,0.6779789989471436,1.3941162750008635,1.0,3.0126373767852783,2.7050573616387323,-2.0126373767852783,0.010814848318247371,True,True,OK,metrics within configured thresholds
11.44,stroke_002,draw_line,0.49091540600114375,-0.01732050807568877,0.202,0.4902575255653889,-0.01730922949172462,0.2020011341053313,0.4972354150827802,-0.017495122338607286,0.2129890167987679,0.0006578804357548762,-1.1278583964147854e-05,-1.1341053312852178e-06,0.0006579780850455162,-0.012330623343586922,0.0332232229411602,-0.022870151326060295,-2.3905975818634033,0.0006470170337706804,2.3993358612060547,0.6977661848068237,0.00035646071773953736,0.05265234410762787,0.0012874600943177938,0.0800715759396553,0.001624346012249589,-0.07876986265182495,0.00037981869536451995,0.2515268009628404,3.078811093800689,0.13629287297446493,0.02,1.0,0.6795821254730225,1.4024939577028857,1.0,2.5431125164031982,2.8127103669400233,-1.5431125164031982,0.010989016798767888,True,True,OK,metrics within configured thresholds
11.46,stroke_002,draw_line,0.4913901276024996,-0.01732050807568877,0.202,0.4907546162833126,-0.01730883175418277,0.20200108684591492,0.49771658705595795,-0.01749446899589147,0.21285950638507084,0.0006355113191870432,-1.1676321506001036e-05,-1.0868459149049325e-06,0.0006356195045251602,-0.012322166934609413,0.03448951989412308,-0.02284235507249832,-2.3889801502227783,0.0006907147471792996,2.3990702629089355,0.6977654695510864,0.00031713160569779575,0.05638923868536949,0.0013043105136603117,0.08181837201118469,0.0019720932468771935,-0.06385477632284164,0.00010292765364283696,0.251685025798274,3.0776628583385217,0.13655733830305006,0.02,1.0,0.6812024181365968,1.3975694874662348,1.0,2.9745681285858154,2.7183511192521346,-1.9745681285858154,0.010859506385070819,True,True,OK,metrics within configured thresholds
11.48,stroke_002,draw_line,0.49186754761007406,-0.01732050807568877,0.202,0.4912133653210238,-0.017307704851378215,0.20200081945359383,0.4982003529510256,-0.017493819857496682,0.21300667650447866,0.0006541822890502869,-1.2803224310554973e-05,-8.194535938144121e-07,0.0006543080783270308,-0.012314005754888058,0.035733483731746674,-0.02281491830945015,-2.387336492538452,0.0007282071746885777,2.398552417755127,0.6977705359458923,0.00031454814597964287,0.05357952415943146,0.001282903947867453,0.08136431127786636,0.0016887743258848786,-0.07310651242733002,0.00027649241383187473,0.25183346467056367,3.076843746262094,0.13683947153409062,0.02,1.0,0.6828198497772218,1.4043268859285158,1.0,2.7173373699188232,2.808027072518923,-1.7173373699188232,0.011006676504478634,True,True,OK,metrics within configured thresholds
11.5,stroke_002,draw_line,0.4923475188338168,-0.01732050807568877,0.202,0.4916964660869848,-0.017307299493071745,0.20200091674660106,0.4986867295674557,-0.017493177823266693,0.21297149841034985,0.0006510527468319705,-1.3208582617024733e-05,-9.167466010484571e-07,0.0006511873664595583,-0.012306426651775837,0.03699557110667229,-0.022787271067500114,-2.385698080062866,0.0007695921813137829,2.3981740474700928,0.6977719664573669,0.0002863325353246182,0.05549927428364754,0.0013046840904280543,0.08228553831577301,0.00187955133151263,-0.06788653135299683,0.00016229941684287041,0.25199153705821054,3.075740467325979,0.13710981999722585,0.02,1.0,0.6844635074615479,1.4044159485361563,1.0,2.713562488555908,2.776285676608888,-1.7135624885559082,0.010971498410349844,True,True,OK,metrics within configured thresholds
11.52,stroke_002,draw_line,0.4928298928475732,-0.01732050807568877,0.202,0.4921918510195736,-0.01730740461359053,0.20200093541129704,0.49917548044531995,-0.01749253997860685,0.2129508490645476,0.0006380418279996469,-1.3103462098238566e-05,-9.354112970316741e-07,0.0006381770522279734,-0.012299328111112118,0.03827882930636406,-0.02275955118238926,-2.3840372562408447,0.0008115728851407766,2.397822141647339,0.6977726221084595,0.00027977823629043996,0.0563313290476799,0.0013134801993146539,0.08302582055330276,0.0019147375132888556,-0.06525574624538422,0.0001579373056301847,0.2521440016568852,3.074808505289778,0.13738823856058213,0.02,1.0,0.6861019199371339,1.4029431235160421,1.0,2.9813714027404785,2.754332560790345,-1.9813714027404785,0.01095084906454756,True,True,OK,metrics within configured thresholds
11.540000000000001,stroke_002,draw_line,0.493314520064,-0.01732050807568877,0.202,0.4926556769465984,-0.017306493322934782,0.20200083815797942,0.4996664159875334,-0.01749190426484357,0.2130828810296597,0.0006588431174016085,-1.4014752753987308e-05,-8.381579794103367e-07,0.0006589926927903097,-0.012292084284126759,0.03953585401177406,-0.022731734439730644,-2.3823704719543457,0.0008491912158206105,2.3972902297973633,0.6977777481079102,0.0002832855680026114,0.054385896772146225,0.0013140884693711996,0.08214588463306427,0.0017629005014896393,-0.07068709284067154,0.0002580659929662943,0.2522968261600597,3.0739110960964147,0.13767229158606287,0.02,1.0,0.6877627437591554,1.4099124573565263,1.0,2.5741190910339355,2.833796155472892,-1.5741190910339355,0.01108288102965969,True,True,OK,metrics within configured thresholds
11.56,stroke_002,draw_line,0.49380124980948026,-0.01732050807568877,0.202,0.49316794542151626,-0.01730696904500507,0.20200085732731096,0.500159520440771,-0.017491274739097968,0.2129587509351097,0.0006333043879639955,-1.353903068369855e-05,-8.573273109491186e-07,0.0006334496729625985,-0.012285379692912102,0.04083813726902008,-0.02270340546965599,-2.380699872970581,0.0008933753706514835,2.3970115184783936,0.6977773904800415,0.0002619920705910772,0.0577530600130558,0.0013502807123586535,0.08383216708898544,0.0020800214260816574,-0.05878234654664993,6.554140418302268e-05,0.2524551894572083,3.072818674069778,0.13794554042653484,0.02,1.0,0.6894295280456544,1.4047545689513576,1.0,3.0236616134643555,2.742909182919257,-2.0236616134643555,0.010958750935109673,True,True,OK,metrics within configured thresholds
11.58,stroke_002,draw_line,0.4942899303990392,-0.01732050807568877,0.202,0.4936369679546257,-0.017305923983272624,0.20200099715840583,0.500654455887715,-0.017490645828567065,0.21311903416888114,0.0006529624444134852,-1.4584092416145694e-05,-9.97158405818821e-07,0.0006531260551309546,-0.012278411537408829,0.04210946708917618,-0.02267511934041977,-2.379009485244751,0.0009309002198278904,2.396465301513672,0.6977828741073608,0.00026791892014443874,0.05489760637283325,0.0013481582282111049,0.08321218192577362,0.0017075709765776992,-0.07874983549118042,0.0003422901500016451,0.2526051213906619,3.0720239990656033,0.13823607396088686,0.02,1.0,0.691100127029419,1.4120347644994666,1.0,2.634255886077881,2.8411725336100417,-1.6342558860778809,0.01111903416888112,True,True,OK,metrics within configured thresholds
11.6,stroke_002,draw_line,0.49478040921125926,-0.01732050807568877,0.202,0.4941459793681526,-0.017305817344218856,0.20200092760160854,0.5011512503630069,-0.017490023613925217,0.21302278419087556,0.0006344298431066875,-1.4690731469913648e-05,-9.276016085246752e-07,0.0006346005860856428,-0.012271719984710217,0.04341350868344307,-0.022646211087703705,-2.3773250579833984,0.0009741811663843691,2.3961448669433594,0.6977837681770325,0.00025670664035715163,0.0576510913670063,0.0013728219782933593,0.08439899981021881,0.0019934740848839283,-0.06253736466169357,0.00013980030780658126,0.25276460159217007,3.0709303719665533,0.13851252205630823,0.02,1.0,0.6927905147552491,1.4085712074784684,1.0,2.9909608364105225,2.7687517069737853,-1.9909608364105225,0.011022784190875554,True,True,OK,metrics within configured thresholds
11.620000000000001,stroke_002,draw_line,0.4952725327631959,-0.01732050807568877,0.202,0.4946216448248213,-0.01730488193206772,0.202000920526459,0.5016495967639166,-0.01748940431469815,0.2131523696581458,0.0006508879383745891,-1.5626143621050304e-05,-9.205264589751128e-07,0.000651076133839162,-0.012264879420399666,0.04469611123204231,-0.022617371752858162,-2.3756229877471924,0.0010122556705027819,2.395615577697754,0.6977890729904175,0.0002598556166049093,0.05532011389732361,0.0013722996227443218,0.08408860862255096,0.0017332280986011028,-0.07413145899772644,0.00031728195608593524,0.2529154898752866,3.0701080512479537,0.13880246786273678,0.02,1.0,0.6944749420166016,1.414853464757617,1.0,2.7232866287231445,2.8465249022766432,-1.7232866287231445,0.011152369658145778,True,True,OK,metrics within configured thresholds
11.64,stroke_002,draw_line,0.4957661467852925,-0.01732050807568877,0.202,0.4951244607935374,-0.01730450610189551,0.2020008367689073,0.5021494805378522,-0.017488791234316597,0.21310029330507593,0.0006416859917551254,-1.6001973793259433e-05,-8.367689072752427e-07,0.0006418860298855578,-0.012258445844054222,0.04600009694695473,-0.022588113322854042,-2.3739242553710938,0.0010542887030169368,2.3952367305755615,0.6977920532226562,0.00024603292695246637,0.05737887695431709,0.0013925574021413922,0.08471528440713882,0.0019392688991501927,-0.06455504149198532,0.00017673886031843722,0.253074019181901,3.069051824604504,0.13908185030266376,0.02,1.0,0.6961770122528077,1.4139142266336222,1.0,2.8305511474609375,2.8033915065329187,-1.8305511474609375,0.011100293305075922,True,True,OK,metrics within configured thresholds
11.66,stroke_002,draw_line,0.4962610962962963,-0.01732050807568877,0.202,0.49562555189658536,-0.01730395912246156,0.20200108779041878,0.5026506432558568,-0.01748818210957726,0.21312724239822914,0.0006355443997109189,-1.6548953227210617e-05,-1.0877904187689413e-06,0.000635760753070543,-0.01225214172154665,0.047309983521699905,-0.022558752447366714,-2.3722071647644043,0.001095214975066483,2.39481520652771,0.6977965831756592,0.00023684478946961462,0.05726636201143265,0.0014002296375110745,0.08496930450201035,0.0018687613774091005,-0.07078888267278671,0.00023220866569317877,0.25322658724180525,3.0681814685349726,0.13937035742906234,0.02,1.0,0.6978757446289063,1.414723983029752,1.0,2.889418125152588,2.8128973808577253,-1.889418125152588,0.011127242398229136,True,True,OK,metrics within configured thresholds
11.68,stroke_002,draw_line,0.49675722567817343,-0.01732050807568877,0.202,0.49611766046814704,-0.01730322680568636,0.2020009950309462,0.5031529411450221,-0.017487577609254613,0.21318029354647347,0.0006395652100263938,-1.7281270002410254e-05,-9.950309461936868e-07,0.0006397994140788074,-0.01224579382687807,0.04861191660165787,-0.022529222071170807,-2.370490312576294,0.001134844496846199,2.39434814453125,0.6978014707565308,0.00022779553546570241,0.05676896125078201,0.0014100249391049147,0.08490011096000671,0.001797259203158319,-0.07380177080631256,0.00026613177033141255,0.25338137675150757,3.0672689831194013,0.1396593907469725,0.02,1.0,0.6995928352355958,1.4176903337466966,1.0,2.7903542518615723,2.8396796413609273,-1.7903542518615723,0.011180293546473466,True,True,OK,metrics within configured thresholds
11.700000000000001,stroke_002,draw_line,0.4972543787510245,-0.01732050807568877,0.202,0.4966219257999092,-0.0173027027952415,0.20200106466941675,0.5036562582291373,-0.01748697845620036,0.21316715462727157,0.0006324529511153032,-1.7805280447268784e-05,-1.0646694167393278e-06,0.0006327044309211284,-0.012239901348948479,0.049925193190574646,-0.022499525919556618,-2.3687691688537598,0.001176144345663488,2.393937826156616,0.6978050470352173,0.00021211519197095186,0.057553838938474655,0.0014229669468477368,0.08546116948127747,0.0019006995717063546,-0.07005999982357025,0.00019658540259115398,0.2535368388224707,3.0663159243394875,0.13994509949680503,0.02,1.0,0.7013096874237061,1.4178025839717108,1.0,2.929183006286621,2.822415755036153,-1.929183006286621,0.011167154627271556,True,True,OK,metrics within configured thresholds
11.72,stroke_002,draw_line,0.497752398848,-0.01732050807568877,0.202,0.49711274533159194,-0.01730191611239283,0.20200091024316283,0.5041603927003927,-0.0174863837958001,0.2132362259242289,0.0006396535164080452,-1.8591963295937902e-05,-9.102431628160712e-07,0.000639924300753605,-0.012234032154083252,0.05122934281826019,-0.022469772025942802,-2.36704158782959,0.0012152938870713115,2.3934454917907715,0.697810173034668,0.0002132437366526574,0.05652114376425743,0.0014204023173078895,0.08533193171024323,0.0018156353617087007,-0.07194536924362183,0.00025567112606950104,0.25368997727326004,3.0654393412521266,0.14023515879710513,0.02,1.0,0.7030308311462403,1.4217372425703905,1.0,2.8183302879333496,2.859784292973817,-1.8183302879333496,0.011236225924228871,True,True,OK,metrics within configured thresholds
11.74,stroke_002,draw_line,0.4982511288902155,-0.01732050807568877,0.202,0.497615586264926,-0.017301316638959598,0.2020009808181792,0.5046652443014331,-0.01748579466077284,0.2132273794993211,0.0006355426252894758,-1.9191436729171923e-05,-9.80818179174836e-07,0.0006358330770004573,-0.012228528037667274,0.052542977035045624,-0.022439809516072273,-2.365314245223999,0.0012560061877593398,2.3930177688598633,0.6978141665458679,0.00019827246433123946,0.05744841322302818,0.001426764763891697,0.08557216823101044,0.0018847689498215914,-0.06819713115692139,0.00020753803255502135,0.2538457344849075,3.064476867676976,0.1405208780565129,0.02,1.0,0.7047584121704102,1.4225243444659421,1.0,2.830833673477173,2.8452753912096536,-1.8308336734771729,0.011227379499321094,True,True,OK,metrics within configured thresholds
11.76,stroke_002,draw_line,0.49875041146166743,-0.01732050807568877,0.202,0.49812296421909985,-0.01730106398076834,0.20200091887877406,0.5051706097120271,-0.017485210280179422,0.2132326791430416,0.0006274472425675803,-1.944409492042956e-05,-9.188787740421756e-07,0.0006277491213622972,-0.01222334336489439,0.0538649819791317,-0.02240975946187973,-2.3635764122009277,0.0012968028895556927,2.392596483230591,0.697817862033844,0.00018572570115793496,0.057618290185928345,0.0014366457471624017,0.08598744124174118,0.0018841602141037583,-0.06822961568832397,0.00020450678130146116,0.25399848780494144,3.0636020348840756,0.14081065232057563,0.02,1.0,0.7064857547760011,1.4228305642261283,1.0,2.9762070178985596,2.8402207900032854,-1.9762070178985596,0.011232679143041564,True,True,OK,metrics within configured thresholds
11.78,stroke_002,draw_line,0.4992500888841482,-0.01732050807568877,0.202,0.49861320013596677,-0.017300135564049593,0.20200092313039447,0.5056763148401666,-0.01748462924774114,0.21331728662447497,0.0006368887481814078,-2.037251163917661e-05,-9.231303944590152e-07,0.000637215166925815,-0.012218235991895199,0.05517132580280304,-0.022379720583558083,-2.361837863922119,0.001335242297500372,2.3920819759368896,0.6978228688240051,0.00018319248920306563,0.0564538799226284,0.0014345989329740405,0.08549570292234421,0.0017680288292467594,-0.07262992858886719,0.00028407794889062643,0.25415112717747634,3.062743358433822,0.1411025423685825,0.02,1.0,0.7082235877990724,1.4275212081679864,1.0,2.727245569229126,2.8878159697666312,-1.727245569229126,0.011317286624474949,True,True,OK,metrics within configured thresholds
11.8,stroke_002,draw_line,0.49975000329216157,-0.01732050807568877,0.202,0.49913204368605707,-0.01730009400708385,0.20200085735725556,0.5061822715569807,-0.017484054253099488,0.21324580847849983,0.0006179596061045012,-2.0414068604920205e-05,-8.573572555514719e-07,0.0006182972942163828,-0.012213599868118763,0.05650192126631737,-0.02234930358827114,-2.3600995540618896,0.0013773783575743437,2.391721248626709,0.6978240013122559,0.00015835018712095916,0.05837187170982361,0.0014587955083698034,0.08640239387750626,0.0019329715287312865,-0.06490209698677063,0.0001643557770876214,0.2543062868117383,3.0617871812996493,0.14138833303853807,0.02,1.0,0.709962136077881,1.424801109485038,1.0,3.0401244163513184,2.8316163295785044,-2.0401244163513184,0.011245808478499807,True,True,OK,metrics within configured thresholds
11.82,stroke_002,draw_line,0.5002499967078384,-0.01732050807568877,0.202,0.49961976677702036,-0.0172991367168957,0.20200092933690061,0.5066882077116854,-0.017483481724664265,0.2133686073831752,0.0006302299308180714,-2.1371358793070838e-05,-9.293369006013741e-07,0.0006305928673420657,-0.01220880076289177,0.057808298617601395,-0.02231903374195099,-2.3583526611328125,0.0014148131012916565,2.3911800384521484,0.6978293657302856,0.0001696799590718001,0.056305497884750366,0.0014456507051363587,0.08530274033546448,0.0017631719820201397,-0.07197047024965286,0.0002746893442235887,0.25445539305141573,3.0610228460848887,0.14168403224677917,0.02,1.0,0.7117004459381104,1.4305670110611695,1.0,2.726173162460327,2.9045941599489895,-1.7261731624603271,0.011368607383175178,True,True,OK,metrics within configured thresholds
11.84,stroke_002,draw_line,0.5007499111158519,-0.01732050807568877,0.202,0.5001401926580151,-0.017299108592540146,0.2020009755599452,0.5071940898530388,-0.017482915315503535,0.21328783138716945,0.0006097184578367498,-2.139948314862361e-05,-9.755599451877206e-07,0.0006100946544783518,-0.012204566970467567,0.05913914367556572,-0.022288326174020767,-2.356612205505371,0.001456740079447627,2.390824556350708,0.6978302597999573,0.00013163231778889894,0.058438483625650406,0.0014853288885205984,0.08648461103439331,0.0019102030200883746,-0.06789206713438034,0.00017456241766922176,0.2546105943652245,3.0600581432551626,0.14196927836558598,0.02,1.0,0.7134473388671876,1.427441486385727,1.0,3.0366759300231934,2.8421468108279577,-2.0366759300231934,0.011287831387169425,True,True,OK,metrics within configured thresholds
11.86,stroke_002,draw_line,0.5012495885383326,-0.01732050807568877,0.202,0.5006285480222378,-0.017298235681230588,0.2020009194341696,0.507699628144092,-0.01748235128447687,0.21340333079876475,0.0006210405160947952,-2.227239445818166e-05,-9.194341695772934e-07,0.0006214404456948248,-0.012200197204947472,0.06044662371277809,-0.022257793694734573,-2.3548619747161865,0.0014941022964194417,2.39028263092041,0.6978352665901184,0.0001454679440939799,0.05617107078433037,0.001466515357606113,0.08558035641908646,0.0017532092751935124,-0.07320888340473175,0.000280852458672598,0.2547580233889013,3.0593240190714606,0.14226525450748062,0.02,1.0,0.715187794494629,1.4330983143377727,1.0,2.8463973999023438,2.91023200254629,-1.8463973999023438,0.011403330798764749,True,True,OK,metrics within configured thresholds
11.88,stroke_002,draw_line,0.5017488711097845,-0.01732050807568877,0.202,0.5011337325798684,-0.017297583608192873,0.2020008783629923,0.5082047918494711,-0.01748179300121955,0.21338303286161803,0.000615138529916126,-2.2924467495896717e-05,-8.783629922848313e-07,0.0006155661733062412,-0.012196238152682781,0.061761897057294846,-0.022226935252547264,-2.3531222343444824,0.0015340002719312906,2.3898487091064453,0.6978394389152527,0.00012820088886655867,0.05724652111530304,0.0014777746982872486,0.08591638505458832,0.001845264108851552,-0.06821075081825256,0.00020878197392448783,0.25491207160054064,3.0583792289761473,0.1425506065900183,0.02,1.0,0.7169380252838136,1.4336331643613494,1.0,2.8740150928497314,2.887889891620909,-1.8740150928497314,0.011383032861618025,True,True,OK,metrics within configured thresholds
11.9,stroke_002,draw_line,0.502247601152,-0.01732050807568877,0.202,0.5016419565307227,-0.01729718920334965,0.20200099217996048,0.5087093536830163,-0.01748123955938741,0.21338892982824753,0.0006056446212772126,-2.3318872339118946e-05,-9.92179960468409e-07,0.000606094185346024,-0.012192483991384506,0.06308307498693466,-0.022196020931005478,-2.3513741493225098,0.0015735012711957097,2.3894166946411133,0.6978434920310974,0.00011017703218385577,0.05736398324370384,0.0014871006133034825,0.08607437461614609,0.0018242272781208158,-0.06998255848884583,0.00020815283642150462,0.2550607253144084,3.057575994231688,0.14284099040181805,0.02,1.0,0.7186777656555177,1.4339031925492642,1.0,2.987262725830078,2.883033712050997,-1.9872627258300781,0.011388929828247513,True,True,OK,metrics within configured thresholds
11.92,stroke_002,draw_line,0.5027456212489755,-0.01732050807568877,0.202,0.5021352426640013,-0.01729635552532232,0.20200103931274,0.5092131414287407,-0.01748068990894197,0.21345708665754964,0.0006103785849741472,-2.4152550366449838e-05,-1.0393127399810353e-06,0.000610857137844208,-0.01218891516327858,0.06438925862312317,-0.022165199741721153,-2.3496291637420654,0.0016111040022224188,2.388911008834839,0.697848379611969,9.580577170709148e-05,0.056447431445121765,0.0014953688951209188,0.08566037565469742,0.001713810721412301,-0.07785952836275101,0.00028190348530188203,0.25520911306383665,3.0567852911936595,0.14313277263456906,0.02,1.0,0.7204258506774903,1.4377159480929265,1.0,2.8116581439971924,2.9195138668736753,-1.8116581439971924,0.011457086657549645,True,True,OK,metrics within configured thresholds
11.94,stroke_002,draw_line,0.5032427743218265,-0.01732050807568877,0.202,0.5026483416252395,-0.01729607598815455,0.2020010516020317,0.509716054547504,-0.017480145791810425,0.21341363475358657,0.0005944326965869884,-2.443208753422077e-05,-1.051602031676424e-06,0.0005949355120849582,-0.012185653671622276,0.06571028381586075,-0.022133996710181236,-2.347886562347412,0.001651277649216354,2.3885154724121094,0.6978501677513123,7.021074998192489e-05,0.05779678374528885,0.0015139946481212974,0.08590405434370041,0.0018244627863168716,-0.07245899736881256,0.00018733879551291466,0.2553592862066597,3.0559191596099313,0.14341911837230545,0.02,1.0,0.7221708362579347,1.4362068594079507,1.0,3.0074644088745117,2.8817643638669064,-2.0074644088745117,0.011413634753586562,True,True,OK,metrics within configured thresholds
11.96,stroke_002,draw_line,0.5037389037037037,-0.01732050807568877,0.202,0.5031414285302784,-0.017295196178429114,0.20200081812337506,0.5102178530567923,-0.017479604969296077,0.2134931075928729,0.0005974751734252326,-2.5311897259655547e-05,-8.181233750459427e-07,0.0005980116590236781,-0.012182514183223248,0.06701453775167465,-0.022103002294898033,-2.3461413383483887,0.0016884964425116777,2.388010263442993,0.6978549957275391,8.122735744109377e-05,0.05599016696214676,0.001489430433139205,0.08542907238006592,0.0017102647107094526,-0.07249344140291214,0.00026156363310292363,0.25550449423984956,3.0551951818768006,0.14371195598305742,0.02,1.0,0.723913437652588,1.4398770381283135,1.0,3.0066661834716797,2.925759379619568,-2.0066661834716797,0.011493107592872892,True,True,OK,metrics within configured thresholds
11.98,stroke_002,draw_line,0.5042338532147075,-0.01732050807568877,0.202,0.5036274335775351,-0.017294306277298076,0.20200117448379754,0.5107184564691215,-0.017479069829310686,0.21354926220222203,0.0006064196371723396,-2.6201798390693837e-05,-1.1744837975224964e-06,0.0006069865649248995,-0.012179533950984478,0.06830581277608871,-0.0220719575881958,-2.344407081604004,0.0017250316450372338,2.3874869346618652,0.697860062122345,6.174580630613491e-05,0.05571061745285988,0.0014936417574062943,0.08483978360891342,0.0016812427202239633,-0.07669594138860703,0.00027319625951349735,0.25565302531132783,3.0543534388371514,0.14399783554344933,0.02,1.0,0.7256586616516114,1.4444517407605464,1.0,2.665067195892334,2.9540767609678067,-1.665067195892334,0.011549262202222023,True,True,OK,metrics within configured thresholds
12.0,stroke_002,draw_line,0.5047274672368042,-0.01732050807568877,0.202,0.5041592800728787,-0.017294686887414274,0.2020009679365355,0.5112177322128376,-0.01747854038948976,0.21341050264444975,0.0005681871639254821,-2.5821188274495477e-05,-9.67936535478664e-07,0.0005687744051157069,-0.012177437543869019,0.0696386843919754,-0.022040484473109245,-2.3426687717437744,0.0017671172972768545,2.3872010707855225,0.6978590488433838,3.1418021535500884e-05,0.058410320430994034,0.001520367804914713,0.08592701703310013,0.0019553632009774446,-0.06148024648427963,7.142785761971027e-05,0.25580076154861625,3.053500798406631,0.14428037415064598,0.02,1.0,0.7273929183959962,1.4375860804297844,1.0,3.3284783363342285,2.8529234131913914,-2.3284783363342285,0.011410502644449741,True,True,OK,metrics within configured thresholds
12.02,stroke_002,draw_line,0.5052195907887407,-0.01732050807568877,0.202,0.5046139017117577,-0.01729307450054113,0.2020008864039084,0.5117153359477334,-0.017478011544987654,0.2136743045525538,0.0006056890769829959,-2.7433575147638167e-05,-8.864039083844588e-07,0.0006063106833412912,-0.012174771167337894,0.07090416550636292,-0.022009797394275665,-2.3409292697906494,0.001798766665160656,2.386502504348755,0.6978653073310852,6.544645293615758e-05,0.053204916417598724,0.0014639226719737053,0.08358678221702576,0.0014995730016380548,-0.07974832504987717,0.00037084778887219727,0.25593935972325027,3.0529430977989547,0.14457905687697606,0.02,1.0,0.7291312282562257,1.450438858935737,1.0,2.5995841026306152,3.0193676362913844,-1.5995841026306152,0.01167430455255377,True,True,OK,metrics within configured thresholds
12.040000000000001,stroke_002,draw_line,0.5057100696009609,-0.01732050807568877,0.202,0.5051424434386663,-0.017293417598462764,0.20200091419892166,0.5122114164508745,-0.01747749126541105,0.21346702530117845,0.0005676261622945544,-2.7090477226005688e-05,-9.141989216476798e-07,0.0005682729888330474,-0.012173225171864033,0.0722213014960289,-0.021978134289383888,-2.3392128944396973,0.0018410022603347898,2.386240243911743,0.6978638172149658,5.215688361204229e-07,0.057966772466897964,0.0015258323401212692,0.08529261499643326,0.0019820171874016523,-0.058743175119161606,2.3585325834574178e-05,0.25609238583799876,3.051903705364273,0.14485066651317635,0.02,1.0,0.7308707302093507,1.4425742141991358,1.0,3.1785058975219727,2.8724433995101153,-2.1785058975219727,0.011467025301178437,True,True,OK,metrics within configured thresholds
12.06,stroke_002,draw_line,0.5061987501905197,-0.01732050807568877,0.202,0.5056182199849591,-0.01729243963721883,0.2020009320756955,0.5127055168800412,-0.017476971694561066,0.21364156506955137,0.0005805302055605921,-2.806843846994006e-05,-9.320756954867004e-07,0.0005812091065799522,-0.012171308510005474,0.07350190728902817,-0.021947169676423073,-2.3374767303466797,0.0018748368602246046,2.3856611251831055,0.6978692412376404,2.2256541342358105e-05,0.05413071811199188,0.0014850277220830321,0.08404645323753357,0.0015523756155744195,-0.07585176080465317,0.00032520084641873837,0.25622702221535204,3.0513982694708246,0.14514643913907324,0.02,1.0,0.7325871055603028,1.4496344976345779,1.0,2.901216745376587,2.9795652738142655,-1.901216745376587,0.011641565069551362,True,True,OK,metrics within configured thresholds
12.08,stroke_002,draw_line,0.506685479936,-0.01732050807568877,0.202,0.5061111363419465,-0.017291973898120355,0.20200090787385608,0.5131976885985675,-0.017476458113839455,0.21361409709514362,0.0005743435940535058,-2.853417756841503e-05,-9.078738560652777e-07,0.0005750526824167874,-0.012169876135885715,0.07478419691324234,-0.021915797144174576,-2.3357648849487305,0.0019120040815323591,2.385218858718872,0.6978720426559448,-4.104333129362203e-06,0.05524292588233948,0.0015029122587293386,0.08411087840795517,0.0016801042947918177,-0.06915780901908875,0.00020733279234264046,0.2563739226892172,3.0505247716313093,0.1454248987372023,0.02,1.0,0.7343232696533204,1.4503477409065364,1.0,2.886922836303711,2.952143288861078,-1.886922836303711,0.01161409709514361,True,True,OK,metrics within configured thresholds
12.1,stroke_002,draw_line,0.5071701071524267,-0.01732050807568877,0.202,0.5066138788177065,-0.01729186327926525,0.2020009842259936,0.5136877028635859,-0.017475948450397127,0.21359336157046427,0.0005562283347202435,-2.8644796423518692e-05,-9.842259935943787e-07,0.0005569662946791363,-0.012168833054602146,0.07607609778642654,-0.021884378045797348,-2.3340485095977783,0.0019496736349537969,2.384819269180298,0.6978732347488403,-2.1435102098621428e-05,0.05568663775920868,0.0015149672981351614,0.0839821919798851,0.0017403033562004566,-0.06769508123397827,0.0001647851022426039,0.2565133645333927,3.0498269242046185,0.14570764338841416,0.02,1.0,0.7360351150512696,1.44890060982029,1.0,3.08699107170105,2.929316130466,-2.08699107170105,0.011593361570464254,True,True,OK,metrics within configured thresholds
12.120000000000001,stroke_002,draw_line,0.5076524811661832,-0.01732050807568877,0.202,0.5070895223332299,-0.017291058016093465,0.20200086653943786,0.5141753609038916,-0.017475441268083987,0.21369003243113197,0.0005629588329533197,-2.9450059595304695e-05,-8.665394378437608e-07,0.0005637292829904511,-0.012167716398835182,0.07734138518571854,-0.021853161975741386,-2.3323380947113037,0.0019839657470583916,2.3842883110046387,0.6978780627250671,-2.2095964595791884e-05,0.05369408801198006,0.0015024174936115742,0.08319708704948425,0.0015738786896690726,-0.07411713153123856,0.0002645953791216016,0.2566508058542253,3.049191737032103,0.14599394559126017,0.02,1.0,0.7377514904022218,1.4538025377813555,1.0,2.925882339477539,2.984502359898267,-1.925882339477539,0.011690032431131942,True,True,OK,metrics within configured thresholds
12.14,stroke_002,draw_line,0.508132452389926,-0.01732050807568877,0.202,0.507577684107997,-0.017290485527603813,0.20200098365276994,0.5146606123289104,-0.017474939335552785,0.21367300481788032,0.000554768281929019,-3.0022548084956968e-05,-9.83652769931398e-07,0.0005555809280390759,-0.012167011387646198,0.07860935479402542,-0.021821685135364532,-2.330641269683838,0.0020203168969601393,2.383848190307617,0.6978809237480164,-4.538472421700135e-05,0.05438138544559479,0.001513587892986834,0.0830751433968544,0.0016744952881708741,-0.06925803422927856,0.00017475723871029913,0.25679197706700846,3.0484091992307185,0.14627017521129393,0.02,1.0,0.7394619052886964,1.4544298097628325,1.0,2.953488349914551,2.9639853527510125,-1.9534883499145508,0.011673004817880318,True,True,OK,metrics within configured thresholds
12.16,stroke_002,draw_line,0.5086098723975003,-0.01732050807568877,0.202,0.508066804382452,-0.01729008565623847,0.2020008839442313,0.5151432484498868,-0.01747444170070567,0.2136812160712035,0.0005430680150483314,-3.042241945029958e-05,-8.839442312835732e-07,0.0005439201907735626,-0.012166616506874561,0.07987724989652634,-0.021790271624922752,-2.3289453983306885,0.002056137425825,2.3834164142608643,0.6978834271430969,-5.0835427828133106e-05,0.05419498309493065,0.0015106162754818797,0.08261780440807343,0.0016724967863410711,-0.06727452576160431,0.00016320054419338703,0.2569281338367849,3.0477472939767307,0.14654978448158976,0.02,1.0,0.7411587303161622,1.4546424514387966,1.0,3.0508320331573486,2.9603114017582506,-2.0508320331573486,0.011681216071203484,True,True,OK,metrics within configured thresholds
12.18,stroke_002,draw_line,0.5090845939988563,-0.01732050807568877,0.202,0.508541159951244,-0.01728941271950875,0.20200097933428868,0.5156231077054988,-0.017473947655883403,0.21374268335804725,0.0005434340476122568,-3.109535618001785e-05,-9.793342886643686e-07,0.0005443238414545625,-0.012166250497102737,0.08112702518701553,-0.02175895683467388,-2.3272578716278076,0.0020900822710245848,2.382920503616333,0.6978880167007446,-6.466841296060011e-05,0.05305841565132141,0.0015058877179399133,0.0819515660405159,0.0015646213432773948,-0.07269924134016037,0.00020945636788383126,0.25706311312783253,3.0471067965367262,0.1468294538474883,0.02,1.0,0.7428546016693116,1.4579534123295015,1.0,2.9228270053863525,2.991993622747935,-1.9228270053863525,0.011742683358047245,True,True,OK,metrics within configured thresholds
12.200000000000001,stroke_002,draw_line,0.509556471314963,-0.01732050807568877,0.202,0.5090256360234056,-0.01728895836984894,0.20200081185531427,0.5161000922122337,-0.017473458278987344,0.21372014538107914,0.0005308352915573966,-3.15497058398298e-05,-8.11855314253318e-07,0.0005317726486107172,-0.012166393920779228,0.08237949758768082,-0.021727481856942177,-2.3255817890167236,0.0021256611216813326,2.382500171661377,0.6978897452354431,-8.167976920958608e-05,0.05357487499713898,0.0015114209381863475,0.0816490575671196,0.001658882712945342,-0.06610755622386932,0.00014188518980517983,0.25719928091618255,3.046399522210976,0.14710329196038838,0.02,1.0,0.7445421283721925,1.4577524970647298,1.0,3.0614962577819824,2.967785306671381,-2.0614962577819824,0.011720145381079114,True,True,OK,metrics within configured thresholds
12.22,stroke_002,draw_line,0.5100253598527249,-0.01732050807568877,0.202,0.5094952963016264,-0.01728823958145994,0.20200103375060113,0.5165740051617239,-0.01747297267699751,0.21378334771938912,0.0005300635510985252,-3.2268494228829964e-05,-1.0337506011204312e-06,0.0005310458478919501,-0.012166581116616726,0.08361513912677765,-0.021696235984563828,-2.323911666870117,0.0021588990930467844,2.382011890411377,0.6978938579559326,-9.74158028839156e-05,0.05242238938808441,0.0015115863643586636,0.08103229105472565,0.001502416329458356,-0.07465501874685287,0.00021781359100714326,0.257331046281304,3.0457953256761248,0.14737976853590998,0.02,1.0,0.7462182109832765,1.4608120703171135,1.0,2.930520534515381,3.0005841395600914,-1.9305205345153809,0.0117833477193891,True,True,OK,metrics within configured thresholds
12.24,stroke_002,draw_line,0.510491116579897,-0.01732050807568877,0.202,0.5099749251155354,-0.017287927988357255,0.2020010227222014,0.5170447505887731,-0.017472491892569192,0.2137603967598852,0.0005161914643615484,-3.258008733151435e-05,-1.0227222013992066e-06,0.0005172196205974306,-0.012167242355644703,0.08485303819179535,-0.02166481502354145,-2.3222532272338867,0.002193739404901862,2.381598949432373,0.697894811630249,-0.00011596719559747726,0.05275983363389969,0.0015170939732342958,0.08082021772861481,0.001627897610887885,-0.06808949261903763,0.00014292744162958115,0.25746432403291697,3.045118137189551,0.14765051692900558,0.02,1.0,0.7478883331298829,1.460368685742113,1.0,3.1152408123016357,2.976061877794443,-2.1152408123016357,0.011760396759885189,True,True,OK,metrics within configured thresholds
12.26,stroke_002,draw_line,0.5109536,-0.01732050807568877,0.202,0.5104320980122323,-0.017286986329369057,0.20200106742733895,0.5175121341723784,-0.017472014277650997,0.21384763912203558,0.0005215019877676808,-3.3521746319712525e-05,-1.0674273389355005e-06,0.0005225793433758066,-0.012167839333415031,0.08606705069541931,-0.021633639931678772,-2.3206028938293457,0.002225561998784542,2.381080389022827,0.6978995203971863,-0.00012545323988888413,0.05134196579456329,0.0015088238287717104,0.07954782992601395,0.0014673457480967045,-0.07553567737340927,0.00020859204232692719,0.2575933127138774,3.0445422837508582,0.14792386559447246,0.02,1.0,0.7495467727661134,1.4650544794524074,1.0,2.8259942531585693,3.02477450487196,-1.8259942531585693,0.011847639122035568,True,True,OK,metrics within configured thresholds
12.280000000000001,stroke_002,draw_line,0.5114126702272361,-0.01732050807568877,0.202,0.5109195737932313,-0.017286957158777653,0.20200113456530017,0.517976092551785,-0.017471542339828425,0.21375696589980345,0.0004930964340048583,-3.3550916911116724e-05,-1.134565300153767e-06,0.000494237842027808,-0.01216917298734188,0.08729960769414902,-0.021602116525173187,-2.318964958190918,0.002261372283101082,2.380746603012085,0.6978985667228699,-0.00016873495769686997,0.053168557584285736,0.0015402052085846663,0.07985886186361313,0.0016279388219118118,-0.07096116244792938,8.585752948420122e-05,0.25772516932913697,3.0438481418251246,0.1481887349350117,0.02,1.0,0.7511971061706544,1.4609359238846171,1.0,3.1893668174743652,2.9552014167722733,-2.1893668174743652,0.011756965899803443,True,True,OK,metrics within configured thresholds
12.3,stroke_002,draw_line,0.5118681890614041,-0.01732050807568877,0.202,0.5113653723279539,-0.01728589883034528,0.2020009008120185,0.5184363521577275,-0.01747107240643951,0.21389416285032117,0.0005028167334502065,-3.460924534349e-05,-9.008120184783586e-07,0.0005040072209433854,-0.012170223519206047,0.08849439024925232,-0.02157115563750267,-2.317331075668335,0.002291501732543111,2.380199432373047,0.6979032754898071,-0.000142851029522717,0.04962412267923355,0.0014904577983543277,0.079017773270607,0.0013317621778696775,-0.07693646103143692,0.00027107351343147457,0.25784824605086504,3.0433901049549035,0.14846310126932563,0.02,1.0,0.7528350418090821,1.4671209263897147,1.0,3.1173415184020996,3.0371593070180056,-2.1173415184020996,0.011894162850321167,True,True,OK,metrics within configured thresholds
12.32,stroke_002,draw_line,0.5123200200628149,-0.01732050807568877,0.202,0.5118047177222753,-0.01728475754553544,0.20200098462923158,0.5188929290976925,-0.01747060858609788,0.21395071507286484,0.0005153023405395363,-3.575053015332855e-05,-9.846292315651706e-07,0.0005165419364064179,-0.0121716083958745,0.08966871351003647,-0.021540191024541855,-2.315725088119507,0.0023217720445245504,2.3796675205230713,0.6979077458381653,-0.00015664055536035448,0.04918608441948891,0.0014818718191236258,0.07781241089105606,0.001388534321449697,-0.07371389120817184,0.0002145389880752191,0.25797869028590026,3.042682112539053,0.14872256069637796,0.02,1.0,0.7544689243316651,1.4728486653666066,1.0,2.6731886863708496,3.0652230810024386,-1.6731886863708496,0.011950715072864835,True,True,OK,metrics within configured thresholds
12.34,stroke_002,draw_line,0.5127680286272068,-0.01732050807568877,0.202,0.5123031369159555,-0.01728550066921786,0.2020009808437066,0.5193456992695646,-0.01747015118617686,0.21375839309298345,0.0004648917112513029,-3.500740647090911e-05,-9.808437065883524e-07,0.0004662089485974728,-0.012174091301858425,0.09089363366365433,-0.021508576348423958,-2.314117670059204,0.002358960686251521,2.379448413848877,0.6979055404663086,-0.00021300559455994517,0.05259746313095093,0.001525848638266325,0.07892883569002151,0.0016986497212201357,-0.05839892104268074,-1.8048589481622912e-05,0.25810613865096155,3.0420013530271484,0.14897785428061402,0.02,1.0,0.7560749118804933,1.4634709879721148,1.0,3.4371907711029053,2.9280110428813826,-2.4371907711029053,0.011758393092983419,True,True,OK,metrics within configured thresholds
12.36,stroke_002,draw_line,0.5132120820606615,-0.01732050807568877,0.202,0.5127149268374523,-0.017283918058124074,0.20200105087738718,0.5197942778010287,-0.01746969264336079,0.21404045601793403,0.0004971552232091447,-3.6590017564695765e-05,-1.050877387165361e-06,0.0004985010026998964,-0.012175639159977436,0.0920410081744194,-0.02147817425429821,-2.3125154972076416,0.0023846260737627745,2.3787782192230225,0.6979109048843384,-0.0001711715740384534,0.046790435910224915,0.0014632773818448186,0.07612664252519608,0.001169135794043541,-0.08324504643678665,0.0003338036476634443,0.2582208998976254,3.0417104107806363,0.149253702561568,0.02,1.0,0.757682329940796,1.4758056392897196,1.0,2.7124342918395996,3.1062239477589157,-1.7124342918395996,0.01204045601793403,True,True,OK,metrics within configured thresholds
12.38,stroke_002,draw_line,0.5136520496545185,-0.01732050807568877,0.202,0.5131913874112347,-0.017284110188845625,0.20200102065961886,0.5202388651031925,-0.017469242265160362,0.21384749523155372,0.0004606622432837826,-3.639788684314457e-05,-1.0206596188500061e-06,0.00046209906978909925,-0.012178503908216953,0.09322656691074371,-0.02144674025475979,-2.3109474182128906,0.0024199411273002625,2.3785130977630615,0.6979086995124817,-0.00023212915402837098,0.05091690272092819,0.0015169564867392182,0.0768188089132309,0.0016360339941456914,-0.0605972483754158,-5.414533006842248e-06,0.2583521791655856,3.0408793626556005,0.14949874611598335,0.02,1.0,0.7592845027923585,1.46905966191758,1.0,3.1893491744995117,2.968397568187155,-2.1893491744995117,0.0118474952315537,True,True,OK,metrics within configured thresholds
12.4,stroke_002,draw_line,0.5140878027602914,-0.01732050807568877,0.202,0.5136258586635112,-0.017283376054861008,0.202001209071903,0.520679056608567,-0.017468792919949846,0.21397781493928048,0.0004619440967802424,-3.7132020827761875e-05,-1.2090719029855812e-06,0.00046343564534434973,-0.012181035242974758,0.09438002854585648,-0.02141612209379673,-2.3093695640563965,0.0024486095644533634,2.3780081272125244,0.697912335395813,-0.0002422848338028416,0.0480494424700737,0.0015010948991402984,0.07554354518651962,0.0012268396094441414,-0.08570105582475662,0.0002495182561688125,0.25846485199342994,3.040552104528028,0.1497641770607649,0.02,1.0,0.7608525817871095,1.4736607385074851,1.0,2.973135471343994,3.0457306303964797,-1.9731354713439941,0.01197781493928046,True,True,OK,metrics within configured thresholds
12.42,stroke_002,draw_line,0.5145192148645829,-0.01732050807568877,0.202,0.5140702313554456,-0.017283407180432305,0.2020010143695688,0.5211148771222696,-0.017468348308656113,0.213953844737051,0.00044898350913724627,-3.710089525646443e-05,-1.0143695687858667e-06,0.00045051492411644803,-0.01218461338430643,0.0955267921090126,-0.021385667845606804,-2.307821273803711,0.002479261951521039,2.3776094913482666,0.6979125142097473,-0.0002476753434166312,0.047941189259290695,0.001476126373745501,0.07513335347175598,0.0013931230641901493,-0.06805276870727539,0.00012250695726834238,0.2585869862958649,3.0399388568409984,0.15001534033639785,0.02,1.0,0.7624304359436036,1.473489724909514,1.0,3.255335807800293,3.0203223247281095,-2.255335807800293,0.011953844737051002,True,True,OK,metrics within configured thresholds
12.44,stroke_002,draw_line,0.5149461616640001,-0.01732050807568877,0.202,0.5144782664838548,-0.017282206347302768,0.20200090095292997,0.5215461449938903,-0.017467905351305272,0.21409194485497055,0.00046789518014533904,-3.830172838600182e-05,-9.009529299552899e-07,0.00046946110990877225,-0.012187480926513672,0.09663569182157516,-0.021355321630835533,-2.306286573410034,0.0025055918376892805,2.377042770385742,0.697917103767395,-0.00023054848134052008,0.0453670509159565,0.001447159331291914,0.0734514370560646,0.0011968313483521342,-0.07476330548524857,0.00024350403691641986,0.2587022412843037,3.039466949571042,0.15026786706460793,0.02,1.0,0.7639787261962891,1.4815498788951171,1.0,2.7489731311798096,3.1025770438033735,-1.7489731311798096,0.012091944854970522,True,True,OK,metrics within configured thresholds
12.46,stroke_002,draw_line,0.51536852114007,-0.01732050807568877,0.202,0.5149409868517544,-0.017283057163340276,0.20200106600584516,0.5219728655552655,-0.01746746896911635,0.21392015451056387,0.0004275342883156563,-3.7450912348493265e-05,-1.0660058451517074e-06,0.00042917277976331535,-0.01219200063496828,0.09778179973363876,-0.021324653178453445,-2.3047683238983154,0.002538805129006505,2.376795768737793,0.697915256023407,-0.0002967235632240772,0.048577502369880676,0.0014947413001209497,0.07428499311208725,0.0015113006811589003,-0.06110158935189247,2.1720949007431045e-05,0.25882288974356815,3.03879452895907,0.1505067918020998,0.02,1.0,0.7655134265899659,1.4743660734594528,1.0,3.3007209300994873,2.9788156743851264,-2.3007209300994873,0.011920154510563847,True,True,OK,metrics within configured thresholds
12.48,stroke_002,draw_line,0.5157861736341558,-0.01732050807568877,0.202,0.5153462420627105,-0.017282288424009102,0.20200092209216713,0.5223946814188201,-0.017467030929192034,0.2141037951474111,0.0004399315714452845,-3.821965167966762e-05,-9.220921671215798e-07,0.00044158960538354753,-0.012195754796266556,0.0988783985376358,-0.02129475027322769,-2.303250789642334,0.002564182737842202,2.3762452602386475,0.6979201436042786,-0.0002862492110580206,0.0442972332239151,0.0014568869955837727,0.07259445637464523,0.0012157279998064041,-0.07738164067268372,0.00029508242732845247,0.25892918526523034,3.0385237343067595,0.15076367075915242,0.02,1.0,0.7670316761016847,1.4817761677653396,1.0,2.9887681007385254,3.0914825138851523,-1.9887681007385254,0.01210379514741108,True,True,OK,metrics within configured thresholds
12.5,stroke_002,draw_line,0.5161990019223703,-0.01732050807568877,0.202,0.5157682214547731,-0.017282286088980994,0.20200112100079878,0.5228116867153346,-0.017466597716384737,0.21406425880779412,0.0004307804675972582,-3.822198670777599e-05,-1.1210007987705328e-06,0.0004324742630191913,-0.012200424447655678,0.09997132420539856,-0.021264610812067986,-2.3017678260803223,0.002592938020825386,2.3758456707000732,0.6979213953018188,-0.000314580014673993,0.04567994549870491,0.0014818011550232768,0.07169625163078308,0.00127402285579592,-0.07409263402223587,0.00015216403699014336,0.25904697248655895,3.0378866846181443,0.15100017815977668,0.02,1.0,0.7685492103576661,1.4823101626562303,1.0,2.843724250793457,3.0555324692838326,-1.843724250793457,0.01206425880779409,True,True,OK,metrics within configured thresholds
12.52,stroke_002,draw_line,0.5166068912904935,-0.01732050807568877,0.202,0.5162156168909741,-0.01728342168041195,0.20200096537477807,0.5232236800236288,-0.017466166245768786,0.21396692929023634,0.0003912743995194701,-3.7086395276820366e-05,-9.653747780613564e-07,0.000393029246217648,-0.012205920182168484,0.10108496993780136,-0.02123444899916649,-2.300286054611206,0.0026239771395921707,2.375584602355957,0.6979203820228577,-0.0003284136764705181,0.046421244740486145,0.0014810370048508048,0.07181921601295471,0.0014448813162744045,-0.05974166467785835,3.339188333484344e-05,0.2591561360969994,3.0374412163897393,0.15124031053298143,0.02,1.0,0.7700321739196778,1.4761678459916645,1.0,3.5660059452056885,2.9813995928122012,-2.5660059452056885,0.011966929290236327,True,True,OK,metrics within configured thresholds
12.540000000000001,stroke_002,draw_line,0.5170097296088865,-0.01732050807568877,0.202,0.5165696307629736,-0.017282459736968476,0.20200111233139895,0.5236304276379609,-0.017465731958669573,0.21428914970795596,0.00044009884591289516,-3.804833872029373e-05,-1.1123313989336303e-06,0.00044174190149269007,-0.01221094373613596,0.10210876911878586,-0.021205954253673553,-2.2988240718841553,0.0026435402687639,2.3748631477355957,0.6979275345802307,-0.0003135553270112723,0.040232110768556595,0.0014043190749362111,0.06883193552494049,0.0009443225571885705,-0.08645918220281601,0.00046221280354075134,0.2592589144215159,3.037176453624729,0.1514890061106212,0.02,1.0,0.771513945388794,1.4923874798842287,1.0,2.502561330795288,3.1860118161499216,-1.502561330795288,0.012289149707955955,True,True,OK,metrics within configured thresholds
12.56,stroke_002,draw_line,0.5174074074074074,-0.01732050807568877,0.202,0.517032105942319,-0.017283903471198514,0.20200099961348256,0.5240321737509432,-0.01746530325649253,0.2139439658321687,0.0003753014650884623,-3.660460449025557e-05,-9.996134825440706e-07,0.00037708365914548565,-0.012217306531965733,0.103207528591156,-0.021175207570195198,-2.2973952293395996,0.0026781957130879164,2.3747758865356445,0.6979254484176636,-0.00036877472302876413,0.04687600955367088,0.001504401909187436,0.07053552567958832,0.001582709839567542,-0.050834640860557556,-4.045888636028394e-05,0.2593786422373225,3.0363478269228277,0.15170388767169057,0.02,1.0,0.7729759281158448,1.4784552236112236,1.0,3.486765146255493,2.9468041462757997,-2.486765146255493,0.011943965832168703,True,True,OK,metrics within configured thresholds
12.58,stroke_002,draw_line,0.517799817950327,-0.01732050807568877,0.202,0.5173983497790157,-0.01728340995447994,0.2020010086006037,0.5244283560765207,-0.017464870494187275,0.21424239589063193,0.0004014681713113699,-3.7098121208830465e-05,-1.008600603674692e-06,0.00040317983636151535,-0.012222695164382458,0.10423130542039871,-0.021146444603800774,-2.2959530353546143,0.002698731143027544,2.3741555213928223,0.6979321837425232,-0.00032693424145691097,0.04014494642615318,0.001427886076271534,0.06758271902799606,0.0010678007965907454,-0.07831794023513794,0.00038718298310413957,0.25947012404632014,3.0363108247424715,0.1519542632948117,0.02,1.0,0.7744047706604005,1.4900162390038563,1.0,2.9138152599334717,3.1357904962686924,-1.9138152599334717,0.012242395890631924,True,True,OK,metrics within configured thresholds
12.6,stroke_002,draw_line,0.518186857311244,-0.01732050807568877,0.202,0.5178021012985197,-0.01728416102225567,0.20200102647765675,0.5248192353150619,-0.01746444143699812,0.21414026558570082,0.0003847560127243632,-3.634705343310077e-05,-1.0264776567348033e-06,0.00038647037567865255,-0.012229698710143566,0.10526163130998611,-0.021117229014635086,-2.294560194015503,0.0027259683702141047,2.3738226890563965,0.6979343295097351,-0.0003738743544090539,0.04241636395454407,0.0014657587744295597,0.06744830310344696,0.0013422670308500528,-0.0636790543794632,0.00021304117399267852,0.2595836189809574,3.035619674045756,0.15217185359616642,0.02,1.0,0.7758469646453858,1.4883021306537454,1.0,3.0043206214904785,3.0580991635513657,-2.0043206214904785,0.012140265585700792,True,True,OK,metrics within configured thresholds
12.620000000000001,stroke_002,draw_line,0.518568424448,-0.01732050807568877,0.202,0.5182065328149077,-0.017284924506663215,0.20200107215051014,0.5252045382324005,-0.017464011091766613,0.21412630678783565,0.0003618916330923039,-3.5583569025554596e-05,-1.0721505101229933e-06,0.00036363841105351816,-0.012236597947776318,0.10629331320524216,-0.02108791097998619,-2.2931644916534424,0.0027525031473487616,2.3734889030456543,0.6979385614395142,-0.0003814540687017143,0.04201427102088928,0.001473979209549725,0.06684450060129166,0.001288107712753117,-0.06678670644760132,0.00026454339968040586,0.2596817663738048,3.035290628378378,0.15239919360438942,0.02,1.0,0.7772398059844972,1.486564638071636,1.0,3.2540721893310547,3.039276673830055,-2.2540721893310547,0.012126306787835639,True,True,OK,metrics within configured thresholds
12.64,stroke_002,draw_line,0.5189444212775955,-0.01732050807568877,0.202,0.5185725496352079,-0.017284912697482138,0.2020010702401886,0.5255841421607093,-0.017463579413978404,0.21425387561920345,0.00037187164238761117,-3.5595378206632056e-05,-1.0702401885831492e-06,0.0003735728774627433,-0.012243211269378662,0.107280433177948,-0.021059144288301468,-2.291792631149292,0.0027745147235691547,2.3729934692382812,0.6979451775550842,-0.0003687195712700486,0.03903454914689064,0.0014530064072459936,0.06530295312404633,0.0011061339173465967,-0.07471127063035965,0.00040815502870827913,0.25977979470785423,3.03496552704762,0.15262685936735906,0.02,1.0,0.7786355083465577,1.4928902565188988,1.0,2.977367877960205,3.1144551042554047,-1.977367877960205,0.01225387561920345,True,True,OK,metrics within configured thresholds
12.66,stroke_002,draw_line,0.5193147527511051,-0.01732050807568877,0.202,0.5189586953598025,-0.017285325778880353,0.2020011361964257,0.5259580835631499,-0.01746314951013807,0.21419637014742385,0.00035605739130251113,-3.518229680841631e-05,-1.1361964256939583e-06,0.000357793167699137,-0.012250388041138649,0.10827052593231201,-0.02102987840771675,-2.2904484272003174,0.0027999458834528923,2.372654438018799,0.697951078414917,-0.00039426505099982023,0.040172021836042404,0.0014895128551870584,0.06468360871076584,0.0012855149107053876,-0.06709013879299164,0.0002950482885353267,0.25988250394998036,3.034445717485253,0.15283957145396393,0.02,1.0,0.7800073688507081,1.4920075988592472,1.0,3.037147045135498,3.066474575052085,-2.037147045135498,0.012196370147423835,True,True,OK,metrics within configured thresholds
12.68,stroke_002,draw_line,0.5196793269285925,-0.01732050807568877,0.202,0.519342002936858,-0.017285405988213483,0.20200114981003287,0.5263261669436643,-0.017462719673587507,0.2141953666637947,0.00033732399173458383,-3.510208747528609e-05,-1.1498100328521943e-06,0.00033914739274832685,-0.012257525697350502,0.10925397276878357,-0.02100062370300293,-2.289111614227295,0.0028246534056961536,2.3723151683807373,0.6979572772979736,-0.0003854152746498585,0.03949138894677162,0.0014867880381643772,0.06378357112407684,0.0012423790758475661,-0.06670290976762772,0.0003242114617023617,0.2599767101448318,3.0341239050614135,0.15305745990446648,0.02,1.0,0.7813515727996827,1.4912016612690748,1.0,3.233308792114258,3.0562099395812794,-2.233308792114258,0.012195366663794695,True,True,OK,metrics within configured thresholds
12.700000000000001,stroke_002,draw_line,0.5200380550540271,-0.01732050807568877,0.202,0.5196928958286362,-0.017284773838282332,0.20200106344559912,0.5266882919175073,-0.017462291235545813,0.2143031709231403,0.00034515922539091193,-3.573423740643733e-05,-1.0634455991087588e-06,0.0003470057024200269,-0.012264372780919075,0.11019789427518845,-0.020971842110157013,-2.287799119949341,0.0028454442508518696,2.3718464374542236,0.6979646682739258,-0.0003645818796940148,0.03701299801468849,0.0014448486035689712,0.062140680849552155,0.0010322029702365398,-0.07179360836744308,0.0004630836483556777,0.26007010787108925,3.033806176284656,0.15327372441168283,0.02,1.0,0.7826883857727052,1.49692874358984,1.0,2.9625372886657715,3.118194537967822,-1.9625372886657715,0.012303170923140285,True,True,OK,metrics within configured thresholds
12.72,stroke_002,draw_line,0.5203908516301978,-0.01732050807568877,0.202,0.5200660578371936,-0.01728463428172792,0.20200117991569116,0.5270444793694303,-0.017461867039856013,0.2142358968687617,0.00032479379300420774,-3.587379396085069e-05,-1.1799156911518338e-06,0.0003267710655309676,-0.012271762825548649,0.11114678531885147,-0.020942598581314087,-2.286512613296509,0.0028697007801383734,2.37154221534729,0.6979708671569824,-0.0004048272385261953,0.03808119148015976,0.0014751895796507597,0.0618332102894783,0.0011680505704134703,-0.06627067923545837,0.00035556816146709025,0.26016690046776353,3.033332431145816,0.15347706621762564,0.02,1.0,0.7840008800506593,1.4950038523434672,1.0,3.126934289932251,3.0637145007121047,-2.126934289932251,0.012235896868761694,True,True,OK,metrics within configured thresholds
12.74,stroke_002,draw_line,0.5207376344936296,-0.01732050807568877,0.202,0.5204212228065753,-0.01728433205752142,0.2020011100768981,0.527394534028531,-0.017461445099175184,0.21428368814809085,0.00031641168705431877,-3.6176018167348445e-05,-1.1100768980976117e-06,0.00031847494762653493,-0.012279048562049866,0.11207512766122818,-0.020913733169436455,-2.2852377891540527,0.0028913586866110563,2.371164321899414,0.6979771852493286,-0.00042308043339289725,0.03648335114121437,0.0014763009967282414,0.0609133243560791,0.0010328771313652396,-0.07428140938282013,0.00043982945499010384,0.2602550373746814,3.0330669063463325,0.15368648416842864,0.02,1.0,0.7852873867034913,1.496791277643165,1.0,3.144483804702759,3.085841426939156,-2.144483804702759,0.012283688148090843,True,True,OK,metrics within configured thresholds
12.76,stroke_002,draw_line,0.5210783248894986,-0.01732050807568877,0.202,0.5207635386001593,-0.01728385835951638,0.20200119442310685,0.5277384252345919,-0.01746102605515391,0.21432921996023085,0.0003147862893392306,-3.6649716172388463e-05,-1.1944231068372613e-06,0.0003169148723206858,-0.012286565266549587,0.11297894269227982,-0.02088511735200882,-2.283989667892456,0.002912052907049656,2.3707656860351562,0.6979838013648987,-0.00043658397044055164,0.03564326837658882,0.001472423318773508,0.05920762941241264,0.001019560033455491,-0.07780048996210098,0.0004258180852048099,0.26034511961719614,3.0327136832932093,0.1538888094844296,0.02,1.0,0.7865622108459474,1.499892447023681,1.0,2.8992674350738525,3.1063662591564167,-1.8992674350738525,0.01232921996023083,True,True,OK,metrics within configured thresholds
12.780000000000001,stroke_002,draw_line,0.5214128475465472,-0.01732050807568877,0.202,0.5211313340462506,-0.01728396874301106,0.20200119324169225,0.5280761047260457,-0.017460610582100737,0.21423473024928258,0.00028151350029659294,-3.6539332677710396e-05,-1.1932416922322275e-06,0.0002838774339525921,-0.012294640764594078,0.11389442533254623,-0.020856104791164398,-2.282759189605713,0.002936055650934577,2.3705332279205322,0.6979888677597046,-0.0004449226544238627,0.036491017788648605,0.0014757344033569098,0.058924246579408646,0.0011896782089024782,-0.06269223988056183,0.0002788434794638306,0.2604342492134766,3.0323362475453672,0.154084983683275,0.02,1.0,0.787810332107544,1.4951452236286618,1.0,3.434150218963623,3.033881670727519,-2.434150218963623,0.012234730249282575,True,True,OK,metrics within configured thresholds
12.8,stroke_002,draw_line,0.521741130752,-0.01732050807568877,0.202,0.5214315647161397,-0.017282578760383405,0.20200115413923161,0.5284073740896036,-0.017460196329405802,0.21446008906674482,0.00030956603586029807,-3.79293153053642e-05,-1.1541392316016807e-06,0.00031188314407027356,-0.012302120216190815,0.11474306881427765,-0.020828425884246826,-2.281550168991089,0.002951648086309433,2.3699822425842285,0.697997510433197,-0.00041309031075797975,0.031756702810525894,0.0013879348989576101,0.05648718401789665,0.000754771230276674,-0.0789019763469696,0.0005686775548383594,0.2605147994814582,3.032173185653622,0.15428855892280322,0.02,1.0,0.7890408103942872,1.506071841744505,1.0,2.78468656539917,3.1739756626101556,-1.78468656539917,0.012460089066744803,True,True,OK,metrics within configured thresholds
12.82,stroke_002,draw_line,0.5220631064264789,-0.01732050807568877,0.202,0.521790584709424,-0.017282879758823155,0.20200094834314059,0.5287324109575734,-0.017459789293652155,0.21426997636205916,0.000272521717054941,-3.7628316865614964e-05,-9.483431405721277e-07,0.00027510884364451957,-0.012310856953263283,0.11562396585941315,-0.020799648016691208,-2.280374765396118,0.0029757588636130095,2.369802236557007,0.6980005502700806,-0.00047796170110814273,0.03504791110754013,0.0014529075706377625,0.056948550045490265,0.0011914981296285987,-0.057291869074106216,0.00024424545699730515,0.2606072574518041,3.031611194474971,0.15446740851113938,0.02,1.0,0.7902498310089112,1.499496230544849,1.0,3.2884111404418945,3.0377244785863105,-2.2884111404418945,0.012269976362059138,True,True,OK,metrics within configured thresholds
12.84,stroke_002,draw_line,0.5223787101989185,-0.01732050807568877,0.202,0.5221011528592607,-0.017282099270840907,0.20200100859510173,0.5290508900138465,-0.017459382682047764,0.21441646511320497,0.0002775573396577302,-3.840880484786216e-05,-1.0085951017146932e-06,0.00028020408696483533,-0.01231902465224266,0.1164630800485611,-0.02077190950512886,-2.279200792312622,0.0029929704032838345,2.369368314743042,0.6980078220367432,-0.00044737537973560393,0.03136082738637924,0.0013938588090240955,0.05498078092932701,0.000860345724504441,-0.07050531357526779,0.0004558129876386374,0.26068190502183164,3.0315159980440023,0.15466450333941217,0.02,1.0,0.7914252346038819,1.5051665209240503,1.0,3.0453732013702393,3.1254648102357647,-2.0453732013702393,0.01241646511320497,True,True,OK,metrics within configured thresholds
12.86,stroke_002,draw_line,0.5226878814814815,-0.01732050807568877,0.202,0.5224214861422809,-0.01728168282763175,0.20200114771375674,0.5293629194916387,-0.01745898081884172,0.2143890990477805,0.0002663953392005869,-3.8825248057018646e-05,-1.1477137567272866e-06,0.00026921217260991774,-0.012327763251960278,0.11729050427675247,-0.020744001492857933,-2.278066635131836,0.0030124688055366278,2.3690578937530518,0.6980139017105103,-0.00048565733595751226,0.032086607068777084,0.0014153646770864725,0.053539421409368515,0.001006545266136527,-0.06595789641141891,0.00033346537384204566,0.26076683089073593,3.0311062762907874,0.15484461206524333,0.02,1.0,0.792599207687378,1.505376302565101,1.0,2.908454179763794,3.0974327471328307,-1.908454179763794,0.0123890990477805,True,True,OK,metrics within configured thresholds
12.88,stroke_002,draw_line,0.5229905635444743,-0.01732050807568877,0.202,0.5227607118000569,-0.017282073279951033,0.20200109379539483,0.5296683777121997,-0.017458582228861336,0.21430410433165165,0.00022985174441736422,-3.8434795737736505e-05,-1.0937953948131351e-06,0.000233045605672951,-0.012336861342191696,0.11812885850667953,-0.0207158625125885,-2.2769412994384766,0.0030338496435433626,2.3688628673553467,0.6980182528495789,-0.0005053479108028114,0.032559871673583984,0.0014344132505357265,0.05323314666748047,0.0011312185088172555,-0.05880683660507202,0.00023106447770260274,0.2608440197232519,3.0308498315646175,0.15502553487471582,0.02,1.0,0.7937333648681641,1.5000889271130031,1.0,3.465804100036621,3.0312902485536677,-2.465804100036621,0.012304104331651631,True,True,OK,metrics within configured thresholds
12.9,stroke_002,draw_line,0.5232867035912623,-0.01732050807568877,0.202,0.5230257708291267,-0.017280545141647816,0.2020009345890086,0.5299671104694816,-0.017458183671431596,0.2145475076943562,0.0002609327621355684,-3.9962934040953246e-05,-9.345890085998843e-07,0.00026397692306236485,-0.012345398776233196,0.11889241635799408,-0.020689209923148155,-2.2758421897888184,0.0030465570744127035,2.368321180343628,0.6980265974998474,-0.0004761444288305938,0.027263041585683823,0.0013354421826079488,0.050925128161907196,0.0006334177451208234,-0.07685333490371704,0.0005384974647313356,0.2609153931499342,3.0307441897765575,0.1552122771806165,0.02,1.0,0.7948587005615235,1.5119086350433357,1.0,2.8270044326782227,3.1833700965727014,-1.8270044326782227,0.012547507694356192,True,True,OK,metrics within configured thresholds
12.92,stroke_002,draw_line,0.5235762528331851,-0.01732050807568877,0.202,0.5233464901433503,-0.017280655907199,0.20200104720493461,0.5302593400119078,-0.01745779282078479,0.21437482621561108,0.0002297626898347671,-3.985216848977069e-05,-1.047204934601087e-06,0.00023319559518056836,-0.01235523633658886,0.11968216300010681,-0.02066154032945633,-2.274782657623291,0.003067401237785816,2.368145227432251,0.6980298161506653,-0.0005245569627732038,0.030536511912941933,0.0013869836693629622,0.05072803422808647,0.0010333216050639749,-0.05532452091574669,0.00022392869868781418,0.26099975296376876,3.030202409768752,0.15537169478465115,0.02,1.0,0.7959578102111817,1.5065149026177307,1.0,3.1203598976135254,3.058642114209634,-2.1203598976135254,0.012374826215611059,True,True,OK,metrics within configured thresholds
12.94,stroke_002,draw_line,0.5238591665644725,-0.01732050807568877,0.202,0.5236448550613799,-0.01728043611451122,0.20200117617732086,0.5305447721001648,-0.017457403090478364,0.21442178975526693,0.00021431150309259017,-4.007196117754991e-05,-1.176177320844074e-06,0.00021802881879125617,-0.01236470602452755,0.12045376747846603,-0.02063443325459957,-2.273721694946289,0.003084402997046709,2.3678483963012695,0.6980356574058533,-0.0005435546627268195,0.02878805249929428,0.0013909975532442331,0.049551162868738174,0.0008342199143953621,-0.07187643647193909,0.0003636454348452389,0.2610661509426518,3.030119456509695,0.15554789420336312,0.02,1.0,0.7970173423767091,1.5069313952136365,1.0,3.1795942783355713,3.080243338400996,-2.1795942783355713,0.012421789755266907,True,True,OK,metrics within configured thresholds
12.96,stroke_002,draw_line,0.524135404237159,-0.01732050807568877,0.202,0.5239206985410825,-0.017279820824839677,0.2020010135722727,0.5308234295474117,-0.017457015798263916,0.2144887541119042,0.00021470569607651147,-4.0687250849092554e-05,-1.0135722726956065e-06,0.00021852921003405533,-0.012374253943562508,0.12118909507989883,-0.020607754588127136,-2.272695779800415,0.003099562367424369,2.367494821548462,0.6980420351028442,-0.0005239876336418092,0.026648107916116714,0.0013387129874899983,0.0479421429336071,0.0007830676040612161,-0.06563907116651535,0.00036127318162471056,0.26113744919155696,3.0298884913514255,0.15571632851399292,0.02,1.0,0.798078305053711,1.510548096890271,1.0,3.138347625732422,3.1150161673780974,-2.138347625732422,0.012488754111904206,True,True,OK,metrics within configured thresholds
12.98,stroke_002,draw_line,0.524404929536,-0.01732050807568877,0.202,0.5241900411173865,-0.017279207839205436,0.2020009819003411,0.5310953396689914,-0.01745663251637701,0.21451586540278486,0.00021488841861350139,-4.1300236483333974e-05,-9.819003410904692e-07,0.00021882345878829022,-0.012384207919239998,0.121904656291008,-0.020581306889653206,-2.2716996669769287,0.003114632098004222,2.367159843444824,0.6980481743812561,-0.0005339983035810292,0.025892000645399094,0.0013239443069323897,0.04666317254304886,0.0007599689997732639,-0.06395857036113739,0.00035910215228796005,0.26120898683520977,3.0295843516257683,0.15587468420263517,0.02,1.0,0.799104220199585,1.5136545262349512,1.0,2.938364028930664,3.1231821778021107,-1.938364028930664,0.012515865402784841,True,True,OK,metrics within configured thresholds
13.0,stroke_002,draw_line,0.5246677104533869,-0.01732050807568877,0.202,0.52448138125896,-0.0172791908536521,0.20200145939622718,0.5313604696231903,-0.01745625321956019,0.21443324534540723,0.0001863291944268486,-4.131722203666935e-05,-1.4593962271713945e-06,0.0001908607119601456,-0.012394573539495468,0.1226288452744484,-0.02055448666214943,-2.2707200050354004,0.0031323572620749474,2.366969347000122,0.6980522871017456,-0.0005884994170628488,0.027077846229076385,0.0013699618866667151,0.04621956869959831,0.0008485200814902782,-0.0660652369260788,0.0002744787198025733,0.26127789841328675,3.0293021932958735,0.15602899004127121,0.02,1.0,0.8001003330230714,1.5099093968528983,1.0,3.162476062774658,3.058495825697104,-2.162476062774658,0.012433245345407212,True,True,OK,metrics within configured thresholds
13.02,stroke_002,draw_line,0.5249237193642627,-0.01732050807568877,0.202,0.5247443891385734,-0.017278666018203957,0.20200116102608404,0.5316186768498081,-0.017455875507872854,0.21450249919223366,0.00017933022568938917,-4.184205748481232e-05,-1.1610260840233533e-06,0.0001841505786087499,-0.01240476407110691,0.1233220249414444,-0.02052832767367363,-2.2697579860687256,0.0031465680804103613,2.3666625022888184,0.6980580687522888,-0.0005615147529169917,0.02454540878534317,0.0013109236024320126,0.04470434412360191,0.0006712067988701165,-0.0668913796544075,0.00037263031117618084,0.26133954823949296,3.0292037153181175,0.1561897946971056,0.02,1.0,0.8010799949645997,1.5120955743300681,1.0,3.2557640075683594,3.094888908674248,-2.2557640075683594,0.012502499192233646,True,True,OK,metrics within configured thresholds
13.040000000000001,stroke_002,draw_line,0.5251729331010371,-0.01732050807568877,0.202,0.524980141634509,-0.017277738751666025,0.20200097889276872,0.5318700249324901,-0.017455501406374054,0.21460201698550607,0.0001927914665280639,-4.276932402274419e-05,-9.788927687048865e-07,0.0001974809430665569,-0.012415130622684956,0.12397383153438568,-0.020502816885709763,-2.2688324451446533,0.0031583334784954786,2.366274833679199,0.6980645656585693,-0.000561499735340476,0.022407351061701775,0.0012632703874260187,0.042861033231019974,0.0005590148502960801,-0.06746789067983627,0.00042389900772832334,0.26140482316892466,3.0289600069587106,0.15633961490813705,0.02,1.0,0.8020420139312745,1.5186114299351754,1.0,2.843329429626465,3.1511951932871867,-1.8433294296264648,0.012602016985506065,True,True,OK,metrics within configured thresholds
13.06,stroke_002,draw_line,0.5254153330285017,-0.01732050807568877,0.202,0.5252578562974106,-0.017278050159321306,0.2020009878656296,0.5321145772582049,-0.017455132510347405,0.21445469155481625,0.0001574767310911218,-4.2457916367463766e-05,-9.87865629575868e-07,0.00016310294717114752,-0.012426360510289669,0.12464936822652817,-0.020476549863815308,-2.2679290771484375,0.0031756870448589325,2.3661487102508545,0.6980665922164917,-0.0006137925083748996,0.024494189769029617,0.0013234118232503533,0.04299810156226158,0.0008442157995887101,-0.05512724071741104,0.0002127036132151261,0.26147148491548244,3.028610236223708,0.1564776495506045,0.02,1.0,0.8029675548553468,1.5127799308886234,1.0,3.2988338470458984,3.043442176005934,-2.2988338470458984,0.012454691554816226,True,True,OK,metrics within configured thresholds
13.08,stroke_002,draw_line,0.5256509051187466,-0.01732050807568877,0.202,0.5254855448926834,-0.017277348010434106,0.202001148012036,0.5323521245668162,-0.017454763844274242,0.21460370198693832,0.00016536022606317147,-4.3160065254663205e-05,-1.1480120359896873e-06,0.00017090381367331959,-0.012437003664672375,0.1252770870923996,-0.020451391115784645,-2.267037868499756,0.003186454763635993,2.3657798767089844,0.6980729103088379,-0.0006080004386603832,0.021125273779034615,0.0012839152477681637,0.04054887592792511,0.0005865776329301298,-0.07219801098108292,0.0003638193884398788,0.26152555354957835,3.028590466185433,0.1566288996414279,0.02,1.0,0.8038709228515626,1.5188214256890844,1.0,2.8962745666503906,3.1328292608699213,-1.8962745666503906,0.012603701986938297,True,True,OK,metrics within configured thresholds
13.1,stroke_002,draw_line,0.5258796400260741,-0.01732050807568877,0.202,0.5257431350578946,-0.01727743527331275,0.20200109111214648,0.5325828309768851,-0.017454399461460917,0.21449386101829832,0.0001365049681795183,-4.307280237601796e-05,-1.091112146467399e-06,0.0001431435055038508,-0.012448509223759174,0.1259111762046814,-0.02042568288743496,-2.266184091567993,0.003201995976269245,2.365635395050049,0.698075532913208,-0.0006316080689430237,0.022554658353328705,0.0013104424579069018,0.03992614150047302,0.0008411156013607979,-0.05513589829206467,0.0001771192910382524,0.2615892499402327,3.0282635407597445,0.15676199981391972,0.02,1.0,0.8047621315002442,1.5144863891170914,1.0,3.267326831817627,3.0500351178930853,-2.267326831817627,0.012493861018298295,True,True,OK,metrics within configured thresholds
13.120000000000001,stroke_002,draw_line,0.5261015331619155,-0.01732050807568877,0.202,0.5259581860077698,-0.01727663524029751,0.2020011714870722,0.5328065449413394,-0.017454036187127334,0.21462282177863307,0.0001433471541457676,-4.3872835391259996e-05,-1.1714870721823978e-06,0.0001499153249968773,-0.012459451332688332,0.12650294601917267,-0.020400913432240486,-2.2653446197509766,0.0032118645031005144,2.3652915954589844,0.6980814933776855,-0.0006166594102978706,0.01942184939980507,0.0012439657002687454,0.03819204121828079,0.000448417296865955,-0.0718584805727005,0.0004064041713718325,0.26164099661623563,3.0282188844094207,0.1569030971766481,0.02,1.0,0.8056159084320069,1.5199997785943873,1.0,2.9632039070129395,3.126087217766675,-1.9632039070129395,0.012622821778633046,True,True,OK,metrics within configured thresholds
13.14,stroke_002,draw_line,0.5263165847697461,-0.01732050807568877,0.202,0.5261929627731867,-0.01727643484768235,0.20200111678968807,0.5330234100971001,-0.017453677566023142,0.21455179158690035,0.00012362199655935324,-4.407322800641794e-05,-1.1167896880603934e-06,0.00013124821781431475,-0.012471195310354233,0.12709303200244904,-0.020375806838274002,-2.264540672302246,0.0032253277022391558,2.365114688873291,0.6980855464935303,-0.0006514826091006398,0.020163703709840775,0.001268894411623478,0.03754044324159622,0.0006589254480786622,-0.06040268763899803,0.00023288989905267954,0.26170057042431005,3.0279189803136566,0.15702864747697842,0.02,1.0,0.8064553802490235,1.5178726366923292,1.0,3.171069860458374,3.0690780590028677,-2.171069860458374,0.012551791586900354,True,True,OK,metrics within configured thresholds
13.16,stroke_002,draw_line,0.5265248,-0.01732050807568877,0.202,0.5264036078932494,-0.017275930492238245,0.20200116289859946,0.5332333253749519,-0.01745332118097383,0.21462007070899108,0.00012119210675065606,-4.457758345052451e-05,-1.1628985994438512e-06,0.00012913574260483996,-0.012482740916311741,0.12765565514564514,-0.02035135217010975,-2.263751745223999,0.003235437674447894,2.3648366928100586,0.6980912685394287,-0.0006662958767265081,0.018098652362823486,0.0012509544612839818,0.03645903617143631,0.0004519117355812341,-0.07232829928398132,0.0003687222779262811,0.2617506763029075,3.0278307653593735,0.15715867293497984,0.02,1.0,0.807259327697754,1.5208428661765827,1.0,3.0471646785736084,3.104775189512295,-2.0471646785736084,0.012620070708991082,True,True,OK,metrics within configured thresholds
13.18,stroke_002,draw_line,0.5267261889849864,-0.01732050807568877,0.202,0.5266157007490352,-0.01727551918251013,0.20200107486107388,0.5334363705828054,-0.017452968238886493,0.21460441747132308,0.00011048823595116719,-4.498889317863797e-05,-1.0748610738686715e-06,0.00011930132488521579,-0.012494669295847416,0.12820449471473694,-0.020326882600784302,-2.262993812561035,0.003246657084673643,2.364621877670288,0.6980961561203003,-0.0006485236226581037,0.017686957493424416,0.0012089044321328402,0.03497537970542908,0.0005254775169305503,-0.05916230380535126,0.0002979158307425678,0.26180436713257066,3.027610804263834,0.1572793984027439,0.02,1.0,0.8080482547760011,1.5211679209535482,1.0,3.11110782623291,3.0846115106837546,-2.11110782623291,0.012604417471323058,True,True,OK,metrics within configured thresholds
13.200000000000001,stroke_002,draw_line,0.5269207669138046,-0.01732050807568877,0.202,0.5268168530704983,-0.017275246556253288,0.20200093240788963,0.5336325280498915,-0.017452618353806418,0.21463298523353425,0.0001039138433063247,-4.526151943548204e-05,-9.324078896200128e-07,0.00011334708358300423,-0.012506765313446522,0.1287335455417633,-0.020302852615714073,-2.262256622314453,0.003256519790738821,2.3643853664398193,0.6981011629104614,-0.0006514830165542662,0.01654137298464775,0.001199245103634894,0.033433955162763596,0.0005353153101168573,-0.0582285150885582,0.0002625723136588931,0.2618535757345711,3.0274676121968094,0.15739880920951743,0.02,1.0,0.8088061874389649,1.5227891464624812,1.0,3.0246572494506836,3.093885221125959,-2.0246572494506836,0.012632985233534247,True,True,OK,metrics within configured thresholds
13.22,stroke_002,draw_line,0.5271085541072593,-0.01732050807568877,0.202,0.5270200966159864,-0.017274945671964036,0.20200104331593224,0.5338218350029488,-0.01745227095877169,0.21461112813642202,8.845749127295299e-05,-4.556240372473319e-05,-1.0433159322309482e-06,9.950753189389527e-05,-0.012519069947302341,0.1292525976896286,-0.02027876116335392,-2.2615439891815186,0.0032671275548636913,2.364203929901123,0.6981050968170166,-0.000663258193526417,0.016140619292855263,0.0011895898496732116,0.032756153494119644,0.0004646217857953161,-0.0577409490942955,0.00030544152832590044,0.26190236901189384,3.027297212096202,0.15751305481427097,0.02,1.0,0.809543377685547,1.5220816983369165,1.0,3.1505908966064453,3.0696554310396125,-2.1505908966064453,0.012611128136422005,True,True,OK,metrics within configured thresholds
13.24,stroke_002,draw_line,0.527289576092776,-0.01732050807568877,0.202,0.527202374371499,-0.01727444845670244,0.20200105396930698,0.5340042817827899,-0.017451926156854255,0.21466830513575252,8.720172127707482e-05,-4.605961898632854e-05,-1.0539693069688827e-06,9.86242340712993e-05,-0.012531349435448647,0.12974172830581665,-0.02025521546602249,-2.2608556747436523,0.0032754128333181143,2.3639540672302246,0.6981105208396912,-0.0006721998215653002,0.014363231137394905,0.0011647427454590797,0.03127958998084068,0.0003723762056324631,-0.06196383759379387,0.0003322988632135093,0.2619474353684027,3.027192544672118,0.1576265084392438,0.02,1.0,0.8102560108184815,1.5249849360564895,1.0,3.0168516635894775,3.097982843988004,-2.0168516635894775,0.012668305135752508,True,True,OK,metrics within configured thresholds
13.26,stroke_002,draw_line,0.5274638636793172,-0.01732050807568877,0.202,0.527390652413274,-0.017274301358413353,0.2020010599719997,0.5341799565038023,-0.01745158472300554,0.21464019837455922,7.321126604320494e-05,-4.620671727541617e-05,-1.0599719997006485e-06,8.65798691247528e-05,-0.012544077821075916,0.1302223801612854,-0.02023163251578808,-2.2601943016052246,0.003285077167674899,2.3637828826904297,0.6981139779090881,-0.0006947257788851857,0.014326025731861591,0.0011758431792259216,0.030377890914678574,0.0004531572631094605,-0.05774862691760063,0.00027331995079293847,0.26199416500182754,3.026997761588219,0.15773118585293125,0.02,1.0,0.8109443252563477,1.52442733879223,1.0,3.0793704986572266,3.0695869308485193,-2.0793704986572266,0.01264019837455922,True,True,OK,metrics within configured thresholds
13.280000000000001,stroke_002,draw_line,0.5276314530322963,-0.01732050807568877,0.202,0.52756778276985,-0.017273938861396974,0.2020009922856375,0.5343488446879596,-0.017451245243285375,0.21465984582591588,6.36702624463581e-05,-4.656921429179589e-05,-9.92285637491097e-07,7.888966136655483e-05,-0.012556849978864193,0.13068459928035736,-0.020208371803164482,-2.259552240371704,0.0032935349736362696,2.363588333129883,0.6981184482574463,-0.0006853439845144749,0.013132750056684017,0.0011456010397523642,0.028940396383404732,0.0003826997708529234,-0.05799802392721176,0.0002853693731594831,0.26203586228737763,3.026901622323263,0.15783630377766764,0.02,1.0,0.8116056983947755,1.525273249230704,1.0,3.086204767227173,3.0730111795815667,-2.086204767227173,0.012659845825915863,True,True,OK,metrics within configured thresholds
13.3,stroke_002,draw_line,0.5277923857484944,-0.01732050807568877,0.202,0.5277355088170005,-0.01727353872692985,0.20200126683171843,0.5345110062494496,-0.017450908571472155,0.2146813158619766,5.6876931493921035e-05,-4.696934875891845e-05,-1.2668317184161282e-06,7.37747241377688e-05,-0.012569746933877468,0.13112489879131317,-0.020185407251119614,-2.2589375972747803,0.003301252843812108,2.363391160964966,0.6981227993965149,-0.0007096552872098982,0.012294518761336803,0.001145093352533877,0.027536841109395027,0.00035889632999897003,-0.06128609925508499,0.0002698636963032186,0.2620774676049264,3.026772741344449,0.1579363497711557,0.02,1.0,0.812247759628296,1.5265780850503643,1.0,2.9748687744140625,3.077628935257529,-1.9748687744140625,0.012681315861976608,True,True,OK,metrics within configured thresholds
13.32,stroke_002,draw_line,0.5279467089309752,-0.01732050807568877,0.202,0.527909174595196,-0.017273566993237774,0.2020012965838432,0.5346664997503825,-0.017450574846884056,0.21464165841768654,3.7534335779132455e-05,-4.694108245099568e-05,-1.296583843179988e-06,6.011632651546694e-05,-0.012582909315824509,0.13155953586101532,-0.020162377506494522,-2.258345127105713,0.0033099455758929253,2.3632657527923584,0.6981257796287537,-0.0007367685902863741,0.012286512181162834,0.0011704785283654928,0.02664223313331604,0.0004590628668665886,-0.058944035321474075,0.0002066578163066879,0.26211781969299736,3.0266349693710795,0.1580314524404971,0.02,1.0,0.8128624027252198,1.5247185898608775,1.0,3.16151762008667,3.041662878962316,-2.16151762008667,0.012641658417686526,True,True,OK,metrics within configured thresholds
13.34,stroke_002,draw_line,0.528094475264,-0.01732050807568877,0.202,0.5280550798995945,-0.017272939568447613,0.2020012556895452,0.5348153281228049,-0.01745024234412908,0.21471916744104533,3.9395364405447886e-05,-4.756850724115663e-05,-1.2556895451765193e-06,6.177648722632152e-05,-0.01259597484022379,0.1319599598646164,-0.02014005556702614,-2.2577757835388184,0.0033155784476548433,2.3630340099334717,0.6981309652328491,-0.0007228306494653225,0.010018585249781609,0.0011043965350836515,0.02511664479970932,0.00022121414076536894,-0.06404437869787216,0.00030962887103669345,0.262153721416138,3.0265871128877535,0.15812727923823006,0.02,1.0,0.8134548728942872,1.5283191688479567,1.0,3.030966281890869,3.08361203835584,-2.030966281890869,0.012719167441045303,True,True,OK,metrics within configured thresholds
13.36,stroke_002,draw_line,0.5282357430879439,-0.01732050807568877,0.202,0.5282036525796313,-0.017272592068007273,0.20200099053721446,0.5349576351880669,-0.017449913681084284,0.21470598472106636,3.209050831254334e-05,-4.791600768149634e-05,-9.905372144458635e-07,5.767777457447394e-05,-0.01260945200920105,0.13234752416610718,-0.02011774480342865,-2.257237672805786,0.0033223293721675873,2.3628721237182617,0.6981351375579834,-0.0007314657559618354,0.00964136328548193,0.0010921654757112265,0.024198345839977264,0.0002671947586350143,-0.057165246456861496,0.00025269671459682286,0.2621930508596468,3.0263993731107734,0.15821206718985462,0.02,1.0,0.8140242164611817,1.528969451211431,1.0,3.049163341522217,3.0651860235930997,-2.049163341522217,0.012705984721066344,True,True,OK,metrics within configured thresholds
13.38,stroke_002,draw_line,0.5283705764742106,-0.01732050807568877,0.202,0.5283473240942193,-0.01727236503560768,0.20200102213901885,0.5350934487015114,-0.01744958772269343,0.2147119898595732,2.325237999134533e-05,-4.8143040081088245e-05,-1.022139018841406e-06,5.3474014733186286e-05,-0.012623058632016182,0.13272158801555634,-0.0200957078486681,-2.2567172050476074,0.0033284106757491827,2.3627145290374756,0.6981392502784729,-0.0007486865506507456,0.008852391503751278,0.001095501473173499,0.02316426672041416,0.0002810147707350552,-0.057106003165245056,0.00023442963720299304,0.26222759889853986,3.026296724134502,0.15829585410242697,0.02,1.0,0.814562327194214,1.5296062977587008,1.0,3.0403037071228027,3.0595780848682907,-2.0403037071228027,0.01271198985957321,True,True,OK,metrics within configured thresholds
13.4,stroke_002,draw_line,0.5284990453001481,-0.01732050807568877,0.202,0.5284850703854869,-0.01727213465348566,0.20200112632771156,0.5352228329233635,-0.017449263976265734,0.21471624063562544,1.3974914661263327e-05,-4.837342220311014e-05,-1.1263277115425296e-06,5.0364221720818145e-05,-0.012636767700314522,0.13307921588420868,-0.02007380872964859,-2.2562203407287598,0.0033342756796628237,2.362567186355591,0.6981428861618042,-0.000763397547416389,0.008234803564846516,0.0010941489599645138,0.021785449236631393,0.00029736378928646445,-0.058073095977306366,0.00019871577387675643,0.26226099499343664,3.0261971893322075,0.1583768753941307,0.02,1.0,0.8150827949523927,1.5300685305397956,1.0,2.9972662925720215,3.05283205265737,-1.9972662925720215,0.01271624063562543,True,True,OK,metrics within configured thresholds
13.42,stroke_002,draw_line,0.528621225323964,-0.01732050807568877,0.202,0.5286219205746208,-0.01727194315700779,0.20200112664098244,0.5353458624164404,-0.01744894244635224,0.21470130229983703,-6.952506567126093e-07,-4.856491868097945e-05,-1.1266409824239876e-06,4.858296018018132e-05,-0.01265063975006342,0.13342538475990295,-0.02005198784172535,-2.2557458877563477,0.0033403318375349045,2.362454891204834,0.6981462240219116,-0.00077198282815516,0.007716899737715721,0.0010850081453099847,0.02095402218401432,0.00024953685351647437,-0.058636728674173355,0.0002316798927495256,0.2622927532063575,3.0261062034420445,0.15845442860386996,0.02,1.0,0.8155796592712403,1.5291446969868585,1.0,3.12515926361084,3.0333840366274982,-2.12515926361084,0.012701302299837014,True,True,OK,metrics within configured thresholds
13.44,stroke_002,draw_line,0.5287371982596409,-0.01732050807568877,0.202,0.5287363936627701,-0.017271343667936572,0.20200112730142175,0.5354625979144876,-0.017448622968544308,0.21476394283156577,8.045968707959261e-07,-4.9164407752197437e-05,-1.127301421738336e-06,4.918391174199424e-05,-0.012664510868489742,0.13374121487140656,-0.020030805841088295,-2.2552947998046875,0.0033440240658819675,2.3622658252716064,0.6981508731842041,-0.0007493232260458171,0.005845170933753252,0.0010070871794596314,0.01942499354481697,3.174880112055689e-05,-0.059590887278318405,0.00034640642115846276,0.26232175157999255,3.02605629701735,0.1585303085979846,0.02,1.0,0.8160541122436524,1.5322396224286607,1.0,2.9854259490966797,3.065505366071668,-1.9854259490966797,0.012763942831565771,True,True,OK,metrics within configured thresholds
13.46,stroke_002,draw_line,0.5288470518518519,-0.01732050807568877,0.202,0.5288564084811969,-0.017271165199085836,0.2020009817870907,0.5355731925408355,-0.017448307166603894,0.21473616348064484,-9.356629344980938e-06,-4.934287660293343e-05,-9.817870906814186e-07,5.0231761765272607e-05,-0.01267874613404274,0.13404883444309235,-0.020009586587548256,-2.2548704147338867,0.0033489216584712267,2.3621537685394287,0.698154091835022,-0.0007726016920059919,0.0058477227576076984,0.0010218790266662836,0.018525999039411545,0.00013583542022388428,-0.05363350361585617,0.00023604423040524125,0.26235290818588525,3.0259041419252672,0.1585969776992538,0.02,1.0,0.8165052001953126,1.5319673036605654,1.0,3.0229852199554443,3.037477570130422,-2.0229852199554443,0.012736163480644814,True,True,OK,metrics within configured thresholds
13.48,stroke_002,draw_line,0.5289508799508758,-0.01732050807568877,0.202,0.5289704755542964,-0.01727094863313876,0.20200118016831475,0.535677693962982,-0.017447993341746647,0.21474278183353596,-1.959560342068567e-05,-4.955944255000816e-05,-1.1801683147405484e-06,5.33058985154501e-05,-0.012693037278950214,0.13434353470802307,-0.019988594576716423,-2.2544610500335693,0.0033530746586620808,2.3620355129241943,0.6981574296951294,-0.000765505654271692,0.0050337053835392,0.000999121111817658,0.017469700425863266,4.292631638236344e-05,-0.05673496797680855,0.00031063274946063757,0.26237927356780555,3.0258453131538365,0.15866396897431695,0.02,1.0,0.8169295852661134,1.5321698755322217,1.0,3.0290660858154297,3.03240524756918,-2.0290660858154297,0.012742781833535936,True,True,OK,metrics within configured thresholds
13.5,stroke_002,draw_line,0.5290487825875129,-0.01732050807568877,0.202,0.5290753480523621,-0.017270797563838713,0.2020011085452487,0.5357762025717037,-0.017447681638452613,0.2147552474294019,-2.65654648492486e-05,-4.9710511850056815e-05,-1.1085452486792047e-06,5.6374531338359446e-05,-0.01270740944892168,0.13461917638778687,-0.019967859610915184,-2.2540762424468994,0.003356603207066655,2.361912488937378,0.6981609463691711,-0.0007849577814340591,0.004179494455456734,0.0010081961518153548,0.016123758628964424,0.00011260215251240879,-0.056089259684085846,0.0002410842280369252,0.26240504602458603,3.025777786144919,0.15872798543484243,0.02,1.0,0.8173389499664308,1.5329707841729558,1.0,3.006312370300293,3.0312365409553674,-2.006312370300293,0.012755247429401904,True,True,OK,metrics within configured thresholds
13.52,stroke_002,draw_line,0.5291408660479999,-0.01732050807568877,0.202,0.5291758657728104,-0.01727057183656132,0.2020010786420434,0.5358688384242365,-0.017447371786248958,0.21475631983137658,-3.4999724810469424e-05,-4.9936239127450904e-05,-1.078642043378375e-06,6.0989935101295944e-05,-0.012721975333988667,0.13488033413887024,-0.01994727924466133,-2.253713607788086,0.003360108705237508,2.3618054389953613,0.6981640458106995,-0.0007917979382909834,0.0033861356787383556,0.0009992234408855438,0.01524354238063097,0.00010290997306583449,-0.054488733410835266,0.00018882362928707153,0.26242985807308733,3.0256982569434236,0.1587873918787819,0.02,1.0,0.8177237575531007,1.533278058899149,1.0,3.0696871280670166,3.0225130812260916,-2.0696871280670166,0.012756319831376574,True,True,OK,metrics within configured thresholds
13.540000000000001,stroke_002,draw_line,0.5292272429489262,-0.01732050807568877,0.202,0.5292623119472377,-0.017270201629187194,0.20200104145634615,0.5359557089443623,-0.017447064076363226,0.21479535937395142,-3.5068998311516e-05,-5.030644650157526e-05,-1.0414563461347282e-06,6.133235551900702e-05,-0.012736580334603786,0.13511919975280762,-0.019927142187952995,-2.2533719539642334,0.0033620717003941536,2.361660957336426,0.698168158531189,-0.0007979695219546556,0.0020422865636646748,0.0009590201661922038,0.014165790751576424,-1.3006101653445512e-05,-0.0569513738155365,0.0003247696440666914,0.26245284025420046,3.025634859367018,0.15884396761079125,0.02,1.0,0.8180863922119141,1.5356661231221045,1.0,2.948829412460327,3.0390239976204154,-1.9488294124603271,0.012795359373951402,True,True,OK,metrics within configured thresholds
13.56,stroke_002,draw_line,0.5293080323121475,-0.01732050807568877,0.202,0.5293557554011536,-0.01727012624343117,0.20200112009879273,0.5360369673250615,-0.017446759078146537,0.21476205940799206,-4.772308900613531e-05,-5.038183225759829e-05,-1.12009879271735e-06,6.940516455729883e-05,-0.01275152899324894,0.13535231351852417,-0.019906898960471153,-2.2530531883239746,0.003365537151694298,2.36159348487854,0.6981707215309143,-0.0008084559813141823,0.0021929130889475346,0.0009798574028536677,0.013286816887557507,6.824452430009842e-05,-0.05372149124741554,0.000215729174669832,0.26247627855444805,3.0255203655603657,0.15889423392159147,0.02,1.0,0.8184280460357667,1.5346311702575286,1.0,2.9911112785339355,3.0074558928143844,-1.9911112785339355,0.012762059407992056,True,True,OK,metrics within configured thresholds
13.58,stroke_002,draw_line,0.5293833596397037,-0.01732050807568877,0.202,0.5294413042394084,-0.01726987283954294,0.2020011084966514,0.5361126893295203,-0.017446455601465734,0.21476749063243955,-5.794459970465127e-05,-5.063523614582885e-05,-1.1084966513863481e-06,7.695929144230903e-05,-0.012766391970217228,0.1355716437101364,-0.01988689973950386,-2.2527499198913574,0.0033679513726383448,2.361511468887329,0.698173463344574,-0.0008249646634794772,0.0013075568713247776,0.0009694434120319784,0.012308419682085514,5.8820987760555e-05,-0.05483490601181984,0.00019287304894533008,0.2624952174819415,3.0255003030168734,0.15894570787257878,0.02,1.0,0.8187468116760255,1.5345112540337424,1.0,3.0627758502960205,3.0017352778162274,-2.0627758502960205,0.012767490632439534,True,True,OK,metrics within configured thresholds
13.6,stroke_002,draw_line,0.5294533569887322,-0.01732050807568877,0.202,0.5295094633998935,-0.01726948420065621,0.2020008866146313,0.5361830175707867,-0.01744615435230721,0.21481369862933872,-5.610641116127191e-05,-5.1023875032561034e-05,-8.866146312958012e-07,7.584293824899276e-05,-0.012781358323991299,0.13576562702655792,-0.019867438822984695,-2.2524702548980713,0.0033686733804643154,2.361380100250244,0.6981775760650635,-0.0008100054692476988,-0.00013635618961416185,0.0008926792070269585,0.011062701232731342,-0.00018491243827156723,-0.055601563304662704,0.0003092892002314329,0.26251396471858524,3.025459118874195,0.15899345435179169,0.02,1.0,0.8190500801086427,1.5371442378299334,1.0,2.9357845783233643,3.0230994781841547,-1.9357845783233643,0.012813698629338715,True,True,OK,metrics within configured thresholds
13.620000000000001,stroke_002,draw_line,0.5295181630463844,-0.01732050807568877,0.202,0.5295850413617127,-0.01726948092874913,0.20200116910407068,0.5362481397846968,-0.01744585586270087,0.21478180608175446,-6.687831532825594e-05,-5.102714693963964e-05,-1.169104070664062e-06,8.41299327841955e-05,-0.012796634808182716,0.13595423102378845,-0.019847849383950233,-2.252211332321167,0.0033707942347973585,2.361323356628418,0.6981801390647888,-0.0008181059383787215,4.487746628001332e-05,0.0009190207347273827,0.010242556221783161,-7.749805808998644e-05,-0.05272143334150314,0.00028599920915439725,0.2625337518721855,3.0253488203999495,0.15903383398113136,0.02,1.0,0.8193297451019288,1.536368733821928,1.0,2.966693162918091,2.992539263232878,-1.9666931629180908,0.01278180608175443,True,True,OK,metrics within configured thresholds
13.64,stroke_002,draw_line,0.5295779232047407,-0.01732050807568877,0.202,0.5296545810996842,-0.017269267883800274,0.20200107804094927,0.5363081515634719,-0.017445558580140578,0.21478212133098604,-7.665789494348818e-05,-5.1240191888495684e-05,-1.0780409492594512e-06,9.221253870393662e-05,-0.012811853550374508,0.13613121211528778,-0.019828427582979202,-2.251967668533325,0.0033722466323524714,2.361262321472168,0.698183000087738,-0.0008185129845514894,-0.000836189603433013,0.0009006266482174397,0.009467246942222118,-0.00010705769818741828,-0.051979802548885345,0.000309926166664809,0.2625492269790622,3.025330104751798,0.15907551433146733,0.02,1.0,0.8195886676788331,1.5360439345171961,1.0,3.0907211303710938,2.9834931281227024,-2.0907211303710938,0.012782121330986027,True,True,OK,metrics within configured thresholds
13.66,stroke_002,draw_line,0.5296327896357262,-0.01732050807568877,0.202,0.529701567286114,-0.01726885628469717,0.2020011009149504,0.5363632099151666,-0.017445263338890325,0.21485256319266882,-6.8777650387708e-05,-5.165179099159839e-05,-1.1009149503971027e-06,8.602025760959776e-05,-0.012827170081436634,0.13627900183200836,-0.01980971358716488,-2.2517449855804443,0.0033713518641889095,2.361118793487549,0.6981871724128723,-0.0007894623558968306,-0.0025628458242863417,0.0007756671984679997,0.0084883663803339,-0.0006012475932948291,-0.060046568512916565,0.0005814770120196044,0.2625640534694574,3.025303357835208,0.1591141751940475,0.02,1.0,0.8198323314666749,1.5399679061808982,1.0,2.8363871574401855,3.0210229289096393,-1.8363871574401855,0.012852563192668798,True,True,OK,metrics within configured thresholds
13.68,stroke_002,draw_line,0.529682921366026,-0.01732050807568877,0.202,0.5297703975638675,-0.017269108811617154,0.20200107334171163,0.5364135453806683,-0.017444970925001486,0.21476932421550962,-8.747619784144067e-05,-5.139926407161585e-05,-1.073341711621545e-06,0.00010146487864442788,-0.012843018397688866,0.13643527030944824,-0.019790509715676308,-2.251542329788208,0.0033738156780600548,2.3611254692077637,0.698188841342926,-0.0008360720821656287,-0.0014109755866229534,0.0009118423331528902,0.007731021381914616,-4.196615009277593e-06,-0.047277163714170456,0.00021979899611324072,0.26258146905897134,3.0251660999483385,0.1591436933958805,0.02,1.0,0.8200550144195558,1.5369183599421874,1.0,3.018409252166748,2.9564004088953304,-2.018409252166748,0.012769324215509604,True,True,OK,metrics within configured thresholds
13.700000000000001,stroke_002,draw_line,0.5297284843519999,-0.01732050807568877,0.202,0.5298195206424403,-0.017268870579279064,0.20200095627063525,0.5364592182177361,-0.017444678670660522,0.21481572558275538,-9.103629044038275e-05,-5.163749640970522e-05,-9.562706352328476e-07,0.00010466590498407709,-0.012858418747782707,0.13657082617282867,-0.019771846011281013,-2.251349449157715,0.0033732536248862743,2.361046552658081,0.6981931328773499,-0.0007994351326487958,-0.0030140280723571777,0.0008106993045657873,0.00659024715423584,-0.00036779348738491535,-0.05179470404982567,0.00042648130329325795,0.26259131639819255,3.0252175797166765,0.15917974372627514,0.02,1.0,0.8202576702117921,1.538170146436503,1.0,2.9926631450653076,2.9781035040403268,-1.9926631450653076,0.012815725582755379,True,True,OK,metrics within configured thresholds
13.72,stroke_002,draw_line,0.5297696515545997,-0.01732050807568877,0.202,0.5298608117101705,-0.01726867501422383,0.20200129087935687,0.5365004630085216,-0.017444388538266273,0.2148372517899423,-9.116015557086854e-05,-5.1833061464938435e-05,-1.290879356852237e-06,0.00010487376504182058,-0.012874116189777851,0.1366875320672989,-0.01975349523127079,-2.2511796951293945,0.0033724491950124502,2.3609654903411865,0.6981970071792603,-0.0008550120401196182,-0.0036522059235721827,0.000823275011498481,0.005764448549598455,-0.00034336181124672294,-0.05742689594626427,0.000327135669067502,0.26260430832310766,3.0251576771291164,0.1592082420963488,0.02,1.0,0.8204505508422852,1.5397757897355528,1.0,2.8378615379333496,2.9831993783990702,-1.8378615379333496,0.012837251789942288,True,True,OK,metrics within configured thresholds
13.74,stroke_002,draw_line,0.529806603014282,-0.01732050807568877,0.202,0.5299159574622141,-0.017268836198847833,0.20200117163076045,0.5365374743876046,-0.017444100348661822,0.21477447574163744,-0.00010935444793214177,-5.1671876840936326e-05,-1.171630760438136e-06,0.00012095350700763994,-0.012890043668448925,0.13680846989154816,-0.01973479799926281,-2.251025676727295,0.0033737923949956894,2.3609859943389893,0.6981993317604065,-0.0008790615829639137,-0.0030259392224252224,0.0009082905598916113,0.005432227160781622,-6.841432332294062e-05,-0.05314186215400696,0.00021949094661977142,0.2626163984097126,3.02508940931997,0.15923274230129572,0.02,1.0,0.8206203048706056,1.5367024496319792,1.0,3.069377899169922,2.932331134236068,-2.069377899169922,0.012774475741637436,True,True,OK,metrics within configured thresholds
13.76,stroke_002,draw_line,0.529839525925926,-0.01732050807568877,0.202,0.5299410783566085,-0.017268518961967242,0.20200127739539722,0.5365703680876102,-0.017443812667077292,0.21486028737574148,-0.00010155243068254993,-5.1989113721527536e-05,-1.277395397208947e-06,0.00011409380290832996,-0.012905812822282314,0.13689950108528137,-0.01971699669957161,-2.2508819103240967,0.003371328813955188,2.360866069793701,0.6982038021087646,-0.0008522149291820824,-0.005179315339773893,0.0007432692218571901,0.003972599282860756,-0.0005499976687133312,-0.058137014508247375,0.0005075946683064103,0.2626230861020116,3.0251493156179783,0.1592610017030288,0.02,1.0,0.8207743232727052,1.5405576567443724,1.0,2.877079725265503,2.9802975019629168,-1.877079725265503,0.012860287375741452,True,True,OK,metrics within configured thresholds
13.780000000000001,stroke_002,draw_line,0.5298686147137472,-0.01732050807568877,0.202,0.5299772792116445,-0.017268526148333754,0.20200106217909447,0.5365994436522133,-0.017443527405166626,0.21481970724193616,-0.00010866449789725952,-5.198192735501525e-05,-1.0621790944576048e-06,0.00012046253400636358,-0.012922062538564205,0.13698816299438477,-0.01969892904162407,-2.250762462615967,0.0033711984287947416,2.360847234725952,0.6982069611549377,-0.000840771128423512,-0.004909934476017952,0.0007811036193743348,0.0037319865077733994,-0.00038899967330507934,-0.05002836883068085,0.00034693721681833267,0.2626355585530834,3.0250252868979937,0.159278273925031,0.02,1.0,0.8209180896759034,1.5398758926315728,1.0,2.991398334503174,2.9441712801188222,-1.9913983345031738,0.01281970724193614,True,True,OK,metrics within configured thresholds
13.8,stroke_002,draw_line,0.5298940711062142,-0.01732050807568877,0.202,0.5300002772291252,-0.01726837751891671,0.20200108569122507,0.5366248438965047,-0.017443243255558134,0.214858226350732,-0.00010620612291101228,-5.213055677205994e-05,-1.0856912250611916e-06,0.00011831531692300109,-0.012938055209815502,0.13706140220165253,-0.01968126744031906,-2.2506515979766846,0.0033690219279378653,2.3607733249664307,0.6982109546661377,-0.0008133676019497216,-0.005903562996536493,0.0006696841446682811,0.002768113510683179,-0.0007793566910549998,-0.05369040369987488,0.0005731111159548163,0.2626422773727623,3.025028047323364,0.15929799615027995,0.02,1.0,0.8210375373840333,1.5419584636026613,1.0,2.8290085792541504,2.9607007491533452,-1.8290085792541504,0.012858226350731998,True,True,OK,metrics within configured thresholds
13.82,stroke_002,draw_line,0.5299161042109629,-0.01732050807568877,0.202,0.5300368512372461,-0.017268497279312046,0.20200111565434029,0.5366468172180195,-0.017442960837065744,0.21480249022096276,-0.00012074702628317446,-5.201079637672315e-05,-1.1156543402723873e-06,0.0001314770397467845,-0.012954311445355415,0.1371387094259262,-0.019663210958242416,-2.2505548000335693,0.003369148587808013,2.3607966899871826,0.6982144117355347,-0.0008508108439855278,-0.005415827967226505,0.000803421251475811,0.002700080396607518,-0.0003555406001396477,-0.050023503601551056,0.00033384261769242585,0.26265121042330764,3.024955255424985,0.1593126623457709,0.02,1.0,0.8211484020233155,1.5395057477987995,1.0,3.028693437576294,2.914608489688627,-2.028693437576294,0.01280249022096274,True,True,OK,metrics within configured thresholds
13.84,stroke_002,draw_line,0.5299349305897125,-0.01732050807568877,0.202,0.5300478425452724,-0.017268564287652922,0.20200123515950716,0.5366655130621508,-0.017442679069205744,0.21487606658615394,-0.00011291195555984679,-5.194378803584712e-05,-1.235159507145811e-06,0.00012429317134448668,-0.012970585376024246,0.13719019293785095,-0.01964615471661091,-2.2504684925079346,0.0033657352905720472,2.3607027530670166,0.6982192993164062,-0.0004869983531534672,-0.006747221574187279,7.452111458405852e-05,0.0013188167940825224,-0.0030450811609625816,-0.06134708970785141,0.0017435061745345592,0.26265486703799207,3.0250070707922028,0.15933105915916046,0.02,1.0,0.8212451999664308,1.5428825414900131,1.0,2.7190985679626465,2.9545382214493103,-1.7190985679626465,0.012876066586153912,True,True,OK,metrics within configured thresholds
13.86,stroke_002,draw_line,0.529950774333181,-0.01732050807568877,0.202,0.5300880795036338,-0.01726923520357938,0.20200112245992086,0.5366812462028813,-0.01744239816038382,0.21476556570847252,-0.0001373051704527395,-5.127287210938969e-05,-1.1224599208436992e-06,0.0001465703829689872,-0.01298772357404232,0.13725894689559937,-0.019628411158919334,-2.250396728515625,0.0033671739511191845,2.3607897758483887,0.6982213854789734,-0.0007896979223005474,-0.005459026899188757,0.0007344179903157055,0.001564858597703278,-0.0005991138750687242,-0.04610960930585861,0.0005643242038786411,0.26266344303096967,3.0249034354336066,0.15934009172905872,0.02,1.0,0.8213315074920655,1.5377325976391203,1.0,3.1996822357177734,2.872134342728978,-2.1996822357177734,0.012765565708472516,True,True,OK,metrics within configured thresholds
13.88,stroke_002,draw_line,0.529963867136,-0.01732050807568877,0.202,0.5300872114417611,-0.017269246889659834,0.20200135805067013,0.5366941202687509,-0.017442115691533477,0.21495143578502857,-0.00012334430576110833,-5.1261186028935674e-05,-1.3580506701138528e-06,0.00013357908241339858,-0.013003887608647346,0.13730019330978394,-0.019611911848187447,-2.250310182571411,0.0033611170947551727,2.3606326580047607,0.6982281804084778,-0.0010864005889743567,-0.005648368038237095,0.0011054027127102017,0.0005410655285231769,0.0003858379786834121,-0.034947752952575684,0.00040568149415776134,0.26266309022353485,3.025031316198794,0.15935839035830052,0.02,1.0,0.8214032714843751,1.5441453501317313,1.0,1.8365341424942017,2.9867761052750565,-0.8365341424942017,0.01295143578502856,True,True,OK,metrics within configured thresholds
13.9,stroke_002,draw_line,0.5299744483716311,-0.01732050807568877,0.202,0.5302079132830693,-0.017270488116861073,0.20200127639805857,0.5367045294395704,-0.017441834305814214,0.21445143578502857,-0.00023346491143816372,-5.0019958827696165e-05,-1.2763980585528412e-06,0.00023876660224151519,-0.013020185753703117,0.13743391633033752,-0.0195914339274168,-2.250239849090576,0.0033714191522449255,2.361147165298462,0.6982254385948181,-0.0008726814994588494,-0.001494222553446889,0.0010343792382627726,0.002040997613221407,0.0004223687865305692,-0.02614392340183258,-8.879761298885569e-05,0.26267449157238376,3.0248467204701663,0.1593633115295401,0.02,1.0,0.821489817428589,1.5182947232340949,1.0,4.313155174255371,2.5841914183017574,-3.313155174255371,0.01245143578502856,True,True,OK,metrics within configured thresholds
13.92,stroke_002,draw_line,0.5299827651672806,-0.01732050807568877,0.202,0.5301715754403913,-0.017269128706909588,0.2020010224330319,0.536712225318485,-0.01744154908072902,0.21495143578502857,-0.00018881027311068443,-5.1379368779181506e-05,-1.0224330318775454e-06,0.00019567882904796588,-0.013034830801188946,0.13744553923606873,-0.01957554556429386,-2.2501556873321533,0.003359606023877859,2.360807180404663,0.6982353329658508,-0.0007894417503848672,-0.00971087533980608,0.0008349213749170303,0.0004590229073073715,-0.00042848484008572996,-0.0645173192024231,0.0005897756782360375,0.26265477891481553,3.0255268595911646,0.1594091602460852,0.02,1.0,0.8215601509094239,1.533621433808647,1.0,2.316624402999878,3.1893287328855218,-1.316624402999878,0.01295143578502856,True,True,OK,metrics within configured thresholds
13.94,stroke_002,draw_line,0.5299890724788149,-0.01732050807568877,0.202,0.5301720363039037,-0.01726911162240738,0.2020009728763329,0.5367180847775681,-0.01744127043418398,0.2148366967698346,-0.00018296382508886655,-5.139645328139028e-05,-9.728763328831214e-07,0.00019004816018424007,-0.01305136177688837,0.1374538391828537,-0.019558869302272797,-2.2501397132873535,0.0033565880730748177,2.360781669616699,0.6982389688491821,-0.0007328682113438845,-0.008926235139369965,0.00042088760528713465,-0.002025500638410449,-0.001529092900454998,-0.03596578538417816,0.0009590662084519863,0.26267413428525643,3.0251074235875173,0.15940161213824564,0.02,1.0,0.8216443126678468,1.5346496615590959,1.0,2.7056167125701904,2.8838822174255463,-1.7056167125701904,0.012836696769834583,True,True,OK,metrics within configured thresholds
13.96,stroke_002,draw_line,0.5299936331656759,-0.01732050807568877,0.202,0.5301840223939427,-0.017269215146550117,0.20200108799555588,0.5367222158026813,-0.017440992970563122,0.21475585780482062,-0.00019038922826675186,-5.1292929138652826e-05,-1.087995555870691e-06,0.0001971806444709059,-0.013068540021777153,0.1374671459197998,-0.019541587680578232,-2.2501320838928223,0.0033570965752005577,2.3608312606811523,0.698241114616394,-0.0008125546155497432,-0.008679862134158611,0.0007741758599877357,-0.0020202302839607,-0.0004074347671121359,-0.05510862171649933,0.00036721580545417964,0.26267609591343277,3.025077957488568,0.1594027764159091,0.02,1.0,0.8216602867126466,1.5321412440859612,1.0,3.185995578765869,2.8214892907261717,-2.185995578765869,0.012755857804820603,True,True,OK,metrics within configured thresholds
13.98,stroke_002,draw_line,0.5299967180657973,-0.01732050807568877,0.202,0.5301544935183189,-0.017268065654003274,0.20200109919755577,0.536724837154942,-0.01744071620270018,0.21496086707148224,-0.0001577754525216024,-5.2442421685495316e-05,-1.099197555753939e-06,0.00016626638038371529,-0.013084315694868565,0.1374528855085373,-0.019525259733200073,-2.2501115798950195,0.0033497847616672516,2.3606386184692383,0.6982480883598328,-0.0010779558215290308,-0.008242439478635788,0.001145634101703763,-0.0021117976866662502,0.000827695126645267,-0.045235078781843185,0.00023829836572986096,0.26267437821616263,3.0251425055450514,0.1594074738758782,0.02,1.0,0.8216679161071778,1.5411775373069294,1.0,1.778080940246582,2.9490664915400657,-0.778080940246582,0.012960867071482226,True,True,OK,metrics within configured thresholds
14.0,stroke_002,draw_line,0.5299986060705185,-0.01732050807568877,0.202,0.5302539696450859,-0.01726866645701345,0.2020009670489222,0.5367263891335154,-0.017440445139878875,0.21446086707148224,-0.0002553635745673466,-5.1841618675319695e-05,-9.67048922190239e-07,0.00026057444968052406,-0.01310036052018404,0.1375432014465332,-0.01950516365468502,-2.250094175338745,0.003358959686011076,2.3611350059509277,0.6982452273368835,-0.000850877957418561,-0.003699901746585965,0.0009648980922065675,-0.00022858344891574234,0.00025074329460039735,-0.022599678486585617,-5.721145134884864e-05,0.26268403576157684,3.0248986760719427,0.15939850283453244,0.02,1.0,0.8216884201049806,1.5169304780726853,1.0,4.350588321685791,2.5392215485873466,-3.350588321685791,0.012460867071482225,True,True,OK,metrics within configured thresholds
14.02,stroke_002,draw_line,0.5299995841995013,-0.01732050807568877,0.202,0.5302026399146411,-0.017266672889296744,0.2020009824484214,0.5367266385884639,-0.01744017275809682,0.21496086707148224,-0.00020305571513978826,-5.383518639202542e-05,-9.824484213938334e-07,0.00021007335849577798,-0.013114812783896923,0.13752242922782898,-0.019489115104079247,-2.2500507831573486,0.003347579389810562,2.3607869148254395,0.698254406452179,-0.0007233568467199802,-0.011411146260797977,0.0008902613190002739,-0.00138679682277143,-0.00029597862157970667,-0.06652740389108658,0.0004919330822303891,0.26266258092068145,3.02554299095677,0.1594338805770943,0.02,1.0,0.821705824661255,1.5332078533346876,1.0,2.2238430976867676,3.173199919171802,-1.2238430976867676,0.012960867071482226,True,True,OK,metrics within configured thresholds
14.040000000000001,stroke_002,draw_line,0.5299999476756445,-0.01732050807568877,0.202,0.5301995601601525,-0.01726657440998125,0.20200104787029954,0.5367264830780953,-0.017439909440112752,0.2148375283071461,-0.00019961248450794944,-5.3933665707519424e-05,-1.0478702995309064e-06,0.00020677302120985572,-0.013131020590662956,0.1375146210193634,-0.01947271265089512,-2.25006103515625,0.0033435910008847713,2.360788106918335,0.6982571482658386,-0.0007802871987223625,-0.009061089716851711,0.0004883863730356097,-0.0031347014009952545,-0.0012780436081811786,-0.025937896221876144,0.0007262484868988395,0.2626804445089094,3.025102563350759,0.15941886766761068,0.02,1.0,0.8217492168426515,1.533268030771409,1.0,2.452740430831909,2.84092503165204,-1.4527404308319092,0.012837528307146065,True,True,OK,metrics within configured thresholds
14.06,stroke_002,draw_line,0.53,-0.01732050807568877,0.202,0.5302324189609814,-0.017266870754226116,0.20200116869899315,0.5367260310202004,-0.017439647569317887,0.21464566681466507,-0.00023241896098136205,-5.363732146265385e-05,-1.1686989931369851e-06,0.00023853071402794344,-0.013147946447134018,0.13753780722618103,-0.019454987719655037,-2.250068426132202,0.0033462122082710266,2.3609747886657715,0.6982558965682983,-0.000851328659337014,-0.007876243442296982,0.0007461646455340087,-0.0022950242273509502,-0.0004259372944943607,-0.04254421219229698,0.0003193856100551784,0.2626798809488082,3.025102528778882,0.1594172080877259,0.02,1.0,0.8217389648437501,1.5243182722906699,1.0,3.583131790161133,2.7050604213649945,-2.583131790161133,0.01264566681466505,True,True,OK,metrics within configured thresholds
14.08,stroke_003,draw_line,0.53,-0.01732050807568877,0.202,0.5301497836052438,-0.017264256293082578,0.20200117779731555,0.5367253972202757,-0.017439385560629222,0.21512074098108613,-0.00014978360524375844,-5.6251782606191875e-05,-1.1777973155380206e-06,0.00016000243327121254,-0.01316265482455492,0.13747303187847137,-0.019439496099948883,-2.2500619888305664,0.0033335203770548105,2.3605260848999023,0.6982659101486206,-0.0007660587434656918,-0.01370253600180149,0.0008205879130400717,-0.0022199873346835375,-0.0006647598347626626,-0.0854923278093338,0.0005782920634374022,0.2626711749733564,3.025341404133245,0.15942815936384966,0.02,1.0,0.8217315738677979,1.5459662019758633,1.0,1.5439225435256958,3.012385400443643,-0.5439225435256958,0.01312074098108613,True,True,OK,metrics within configured thresholds
14.1,stroke_003,draw_line,0.5299999738378223,-0.017320462761467727,0.202,0.530207097173486,-0.0172644931990438,0.20200129045971227,0.5367250702301471,-0.01743908956234196,0.21462074098108613,-0.0002071233356637503,-5.596956242392634e-05,-1.2904597122553874e-06,0.00021455613107220525,-0.013179169036448002,0.13750389218330383,-0.019420815631747246,-2.250094175338745,0.00333924381993711,2.3608853816986084,0.6982633471488953,-0.0008893303456716239,-0.005922410637140274,0.0009069475345313549,-0.0020952692721039057,0.00010572396422503516,-0.03420387580990791,-2.175891859224066e-05,0.2626918094335854,3.024761927905275,0.1594000742685557,0.02,1.0,0.8217380111694337,1.5289891533078044,1.0,3.377903938293457,2.4984234005223613,-2.377903938293457,0.012620740981086129,True,True,OK,metrics within configured thresholds
14.120000000000001,stroke_003,draw_line,0.5299997920997507,-0.017320147981893984,0.202,0.5301992404225286,-0.01726443044241785,0.20200161711255668,0.5367243588862113,-0.017438522894696117,0.2148346579184589,-0.00019944832277796198,-5.571753947613417e-05,-1.6171125566677436e-06,0.00020709102519722483,-0.013195110484957695,0.13750851154327393,-0.019404664635658264,-2.250070571899414,0.0033334880135953426,2.360801935195923,0.6982675790786743,-0.0010741896694526076,-0.00649476470425725,0.0008705268846824765,-0.003207253757864237,-0.0006988386157900095,-0.04869535565376282,1.302326563745737e-05,0.26267412806923035,3.0252187393129937,0.15941796407961908,0.02,1.0,0.821705824661255,1.5326823539856596,1.0,2.1504251956939697,2.8062415887422447,-1.1504251956939697,0.012834657918458885,True,True,OK,metrics within configured thresholds
14.14,stroke_003,draw_line,0.5299993030352592,-0.017319300897346724,0.202,0.5302694273277326,-0.017265397219470298,0.2020011710731232,0.5367233718050249,-0.017437421792317366,0.21450139125306678,-0.00027012429247341707,-5.390367787642611e-05,-1.171073123196198e-06,0.0002754525572310585,-0.013212104327976704,0.1375691145658493,-0.019386261701583862,-2.250066041946411,0.003339349525049329,2.36116623878479,0.6982651948928833,-0.0008424156694673002,-0.005730149336159229,0.0008329899865202606,-0.0015541380271315575,-0.00015163191710598767,-0.03277651593089104,0.00015043916937429458,0.26267910533128763,3.025115951174733,0.15941673604919307,0.02,1.0,0.821729428100586,1.5150115963680508,1.0,4.53461217880249,2.5767058511753484,-3.5346121788024902,0.01250139125306677,True,True,OK,metrics within configured thresholds
14.16,stroke_003,draw_line,0.5299983590328986,-0.01731766583729567,0.202,0.5302001869270342,-0.017262921174407694,0.20200113666339495,0.536721647254406,-0.01743552332315773,0.21500139125306678,-0.00020182789413558666,-5.474466288797608e-05,-1.1366633949350113e-06,0.00020912381253601205,-0.013226255774497986,0.13752180337905884,-0.0193704254925251,-2.2500462532043457,0.0033268912229686975,2.360764741897583,0.6982762217521667,-0.0007350462838076055,-0.013012787327170372,0.0008498244569636881,-0.001987239345908165,-0.0005434894119389355,-0.07899144291877747,0.0006189903942868114,0.26266288426460077,3.025587729775803,0.15944118880375743,0.02,1.0,0.821733958053589,1.534186274296199,1.0,2.0736145973205566,3.261973065844848,-1.0736145973205566,0.01300139125306677,True,True,OK,metrics within configured thresholds
14.18,stroke_003,draw_line,0.5299968165828379,-0.017314994235422466,0.202,0.5301747341025337,-0.01726163293076501,0.20200136783191217,0.5367195981700824,-0.017432588583585137,0.21493416002376972,-0.0001779175196957583,-5.336130465745728e-05,-1.3678319121523952e-06,0.0001857523717576075,-0.013241582550108433,0.13748742640018463,-0.01935383304953575,-2.2500739097595215,0.00332090281881392,2.3606789112091064,0.6982834935188293,-0.001661626505665481,-0.00801783986389637,0.001890038256533444,-0.0036815041676163673,0.0032606879249215126,-0.054422132670879364,-0.002048283349722624,0.2626820247870058,3.0250729030868713,0.1594185870329946,0.02,1.0,0.8217537467956544,1.538726181402809,1.0,1.433686375617981,2.846047601861346,-0.43368637561798096,0.012934160023769709,True,True,OK,metrics within configured thresholds
14.200000000000001,stroke_003,draw_line,0.5299945362394074,-0.017311044564742008,0.202,0.5302701277999116,-0.017261727166607198,0.20200133254140482,0.5367169059088505,-0.017428366182047936,0.21443416002376972,-0.00027559156050416256,-4.931739813480995e-05,-1.3325414048026563e-06,0.0002799726587481398,-0.01325729675590992,0.1375625729560852,-0.019333600997924805,-2.250080108642578,0.003330179024487734,2.3611936569213867,0.6982834935188293,-0.0008313196012750268,-0.004285160917788744,0.0010188187006860971,-0.0015405348967760801,0.0003088531084358692,-0.027182765305042267,0.0001316444540861994,0.2626846108230928,3.024954825634297,0.15940821388194115,0.02,1.0,0.8217260902404786,1.5138935795158996,1.0,4.607205390930176,2.3517211726761684,-3.607205390930176,0.012434160023769708,True,True,OK,metrics within configured thresholds
14.22,stroke_003,draw_line,0.5299913825836403,-0.01730558227272379,0.202,0.5302135800414746,-0.01725884359228654,0.20200095145563052,0.5367129477935405,-0.01742261002398496,0.21493416002376972,-0.00022219745783425005,-4.673868043725271e-05,-9.514556305045829e-07,0.00022706192940437147,-0.013270976021885872,0.13752640783786774,-0.019317153841257095,-2.2500598430633545,0.003318331902846694,2.3608598709106445,0.6983008980751038,-0.0006280302186496556,-0.012608147226274014,0.000984587473794818,-0.00178456527646631,-0.0002501846174709499,-0.07237439602613449,0.0008603574242442846,0.2626611710500216,3.025618789683525,0.15944078688812693,0.02,1.0,0.821719891357422,1.5298004346872358,1.0,2.477257251739502,3.141140649065071,-1.477257251739502,0.012934160023769709,True,True,OK,metrics within configured thresholds
14.24,stroke_003,draw_line,0.5299872241858156,-0.01729837971641329,0.202,0.530149114748787,-0.01725453497691846,0.20200120120839676,0.5367081977114535,-0.017415097501165922,0.21506607231395158,-0.0001618905629714451,-4.38447394948277e-05,-1.2012083967505305e-06,0.00016772703557325861,-0.013284019194543362,0.13745471835136414,-0.019299553707242012,-2.250096321105957,0.0033085106406360865,2.3605809211730957,0.6983214616775513,-0.0005372887826524675,-0.012438983656466007,0.0011254909913986921,-0.003419807180762291,3.917317371815443e-05,-0.06988952308893204,0.0011285619111731648,0.26267715356006915,3.025192505744042,0.15942245718355227,0.02,1.0,0.8217401569366456,1.543758749709363,1.0,1.3405842781066895,2.908781460001122,-0.34058427810668945,0.01306607231395157,True,True,OK,metrics within configured thresholds
14.26,stroke_003,draw_line,0.529981933568,-0.01728921609755328,0.202,0.5302135173762902,-0.017252329468306515,0.20200116420246159,0.5367025544748123,-0.017405605735649442,0.21456607231395158,-0.0002315838082901367,-3.688662924676567e-05,-1.1642024615732272e-06,0.00023450594671931598,-0.01329695712774992,0.1374872326850891,-0.01927860453724861,-2.250138282775879,0.0033124396577477455,2.3609955310821533,0.6983363628387451,-0.0007209530449472368,-0.006016694009304047,0.0010579319205135107,-0.0030242877546697855,0.0002068124304059893,-0.030108343809843063,0.0009165412629954517,0.2626880226034371,3.0248239492944298,0.1593980769565649,0.02,1.0,0.821703678894043,1.5242714842554277,1.0,3.697239637374878,2.3599124463380705,-2.697239637374878,0.012566072313951569,True,True,OK,metrics within configured thresholds
14.280000000000001,stroke_003,draw_line,0.5299753871665904,-0.017277877397705216,0.202,0.530163501021954,-0.017248768385901846,0.20200120735911128,0.5366953730689366,-0.01739390366896659,0.2149671807946181,-0.00018811385536354752,-2.9109011803370166e-05,-1.2073591112715665e-06,0.0001903565466799868,-0.013310040347278118,0.13744758069515228,-0.019261013716459274,-2.2501347064971924,0.0033013601787388325,2.3607237339019775,0.6983679533004761,-0.0005825171829201281,-0.011885327287018299,0.0013293271185830235,-0.0027907295152544975,0.0007168646552599967,-0.0660555437207222,0.0015264739049598575,0.2626673814160177,3.0253491257004406,0.15941777918692196,0.02,1.0,0.8216617172241212,1.5373786669857405,1.0,2.2025837898254395,2.8279769632009533,-1.2025837898254395,0.012967180794618088,True,True,OK,metrics within configured thresholds
14.3,stroke_003,draw_line,0.5299674652948563,-0.01726415631337056,0.202,0.5301941914660475,-0.01724662171484504,0.20200093907972644,0.5366869871106846,-0.017379780031256762,0.2146501130040636,-0.00022672617119123828,-1.7534598525520417e-05,-9.390797264252626e-07,0.0002274051466418965,-0.013323666527867317,0.1374506801366806,-0.019241606816649437,-2.250180244445801,0.0032996153458952904,2.360966205596924,0.6984001994132996,-0.0006242727977223694,-0.008415794931352139,0.0008360710926353931,-0.0038604321889579296,-0.000603866355959326,-0.034892383962869644,0.002046927809715271,0.2626798446977644,3.0249991728553036,0.1594008174213953,0.02,1.0,0.8216652935028077,1.5262691777813373,1.0,3.458611011505127,2.6090893525195233,-2.458611011505127,0.01265011300406358,True,True,OK,metrics within configured thresholds
14.32,stroke_003,draw_line,0.5299580521054815,-0.017247852191112155,0.202,0.5301100914488442,-0.01724042319281842,0.2020010388093353,0.5366769512766043,-0.01736301833603188,0.2151094568285632,-0.00015203934336271985,-7.4289982937361665e-06,-1.0388093352742267e-06,0.0001522242788475295,-0.013335203751921654,0.1373710036277771,-0.019222630187869072,-2.2502007484436035,0.0032867968548089266,2.360556125640869,0.6984519362449646,-0.00022496504243463278,-0.014845718629658222,0.0013731083599850535,-0.0037623047828674316,-4.1101782699115574e-05,-0.07704970240592957,0.0025424850173294544,0.2626666775042104,3.0253031719849584,0.15940867136087064,0.02,1.0,0.8216197555541993,1.5463747437239794,1.0,1.6854374408721924,2.9064219331644843,-0.6854374408721924,0.013109456828563173,True,True,OK,metrics within configured thresholds
14.34,stroke_003,draw_line,0.5299470355531072,-0.017228770962675565,0.202,0.530162508474046,-0.01723495675935191,0.20200108358433952,0.5366656069039626,-0.01734342983409504,0.2146094568285632,-0.00021547292093881953,6.185796676345251e-06,-1.0835843395062827e-06,0.00021556441703919662,-0.013344965875148773,0.13738223910331726,-0.019199496135115623,-2.250265121459961,0.003286588005721569,2.3609459400177,0.6985039710998535,-0.00044867719407193363,-0.007130549754947424,0.0011802675435319543,-0.0037463747430592775,-8.46321927383542e-05,-0.027835428714752197,0.0029027173295617104,0.2626842229026849,3.024768177275947,0.15937842544246303,0.02,1.0,0.8215992515563966,1.5283887902384978,1.0,3.358264446258545,2.479077360862182,-2.358264446258545,0.012609456828563173,True,True,OK,metrics within configured thresholds
14.36,stroke_003,draw_line,0.5299343073568736,-0.017206725080110435,0.202,0.5301178125006075,-0.017228844959904392,0.20200108342402937,0.5366522916178569,-0.017320812389327266,0.21495287428135412,-0.00018350514373388638,2.2119879793957437e-05,-1.0834240293522424e-06,0.00018483668647354832,-0.01335561741143465,0.13733848929405212,-0.0191788449883461,-2.250279426574707,0.0032753152772784233,2.3607337474823,0.6985755562782288,-0.0003585572703741491,-0.011982378549873829,0.0020732979755848646,-0.003588738152757287,0.0025369266513735056,-0.06082766503095627,0.0034748627804219723,0.2626635453403259,3.0252575625620595,0.1593926505744796,0.02,1.0,0.8215348785400391,1.5388665191506392,1.0,2.1695752143859863,2.786792840750909,-1.1695752143859863,0.012952874281354103,True,True,OK,metrics within configured thresholds
14.38,stroke_003,draw_line,0.529919762962963,-0.017181533450891837,0.202,0.530150897302562,-0.017220871696236997,0.20200112386233163,0.5366372830887517,-0.01729497516483575,0.2146398303942132,-0.0002311343395990928,3.933824534516073e-05,-1.1238623316145446e-06,0.0002344607505645353,-0.013362430036067963,0.1373371183872223,-0.019154421985149384,-2.2503373622894287,0.003269745269790292,2.361009120941162,0.6986558437347412,-0.0002372343878960237,-0.008534935303032398,0.0009870612993836403,-0.004531862214207649,-0.0011592742521315813,-0.035607025027275085,0.0048376331105828285,0.26267248629892,3.024979302269437,0.1593763506165162,0.02,1.0,0.821520573425293,1.5263312023806932,1.0,3.398979425430298,2.5707666715231863,-2.398979425430298,0.012639830394213182,True,True,OK,metrics within configured thresholds
14.4,stroke_003,draw_line,0.5299033015071409,-0.01715302137304162,0.202,0.5300666184390834,-0.01720932247133841,0.20200115470119126,0.5366201611692448,-0.017265737918836975,0.21508766657796216,-0.00016331693194249208,5.630109829678903e-05,-1.154701191247165e-06,0.00017275290811842895,-0.013369516469538212,0.1372474730014801,-0.019130142405629158,-2.2503771781921387,0.0032581870909780264,2.3606314659118652,0.6987577080726624,0.0004965197877027094,-0.015294449403882027,0.002163189696148038,-0.005189727991819382,0.0007487316615879536,-0.07493110746145248,0.004917467944324017,0.2626573805529033,3.0253212105455733,0.15938431434065692,0.02,1.0,0.8214626377105714,1.5451174977479174,1.0,1.757373571395874,2.8606411353906753,-0.757373571395874,0.01308766657796215,True,True,OK,metrics within configured thresholds
14.42,stroke_003,draw_line,0.5298848257772998,-0.017121020470249774,0.202,0.5301173976896496,-0.017193395424616658,0.20200109813879008,0.5366012908301081,-0.017232932941857595,0.21458766657796216,-0.00023257191234982155,7.237495436688418e-05,-1.0981387900677042e-06,0.00024357552081944502,-0.013367745094001293,0.13724668323993683,-0.019098477438092232,-2.2504634857177734,0.0032538333907723427,2.3610496520996094,0.698867917060852,8.905639697331935e-05,-0.0076206643134355545,0.00189698685426265,-0.004849141929298639,0.0006073801196180284,-0.027134405449032784,0.005682910326868296,0.26267244181835675,3.024825424749376,0.15935279551213188,0.02,1.0,0.8214228218078614,1.5260638732472902,1.0,3.3832614421844482,2.474497487992495,-2.3832614421844482,0.01258766657796215,True,True,OK,metrics within configured thresholds
14.44,stroke_003,draw_line,0.529864242176,-0.017085368626995775,0.202,0.5300492921842704,-0.017176794693716222,0.2020011404419211,0.5365800287465425,-0.017196401341526682,0.21500842161933534,-0.0001850500082704043,9.142606672044723e-05,-1.1404419210936378e-06,0.00020640623014973108,-0.013368594460189342,0.1371692568063736,-0.019069630652666092,-2.250504970550537,0.003240366233512759,2.3607585430145264,0.6990001797676086,0.000702212390024215,-0.014911270700395107,0.0028271954506635666,-0.0051564862951636314,0.002101948019117117,-0.07409903407096863,0.006182713434100151,0.26264949784533653,3.025345613644058,0.1593650717727379,0.02,1.0,0.8213365142822266,1.5406817968108277,1.0,2.125929832458496,2.7925648719596783,-1.125929832458496,0.01300842161933532,True,True,OK,metrics within configured thresholds
14.46,stroke_003,draw_line,0.529841460683013,-0.01704590992366994,0.202,0.5300709450674483,-0.017157029096010006,0.20200109317597906,0.5365567527812684,-0.017155974968262537,0.21466935292185416,-0.00022948438443537444,0.00011111917234006563,-1.0931759790444584e-06,0.0002549740147445325,-0.013362939469516277,0.1371404230594635,-0.019035579636693,-2.2506000995635986,0.003231029724702239,2.3610379695892334,0.6991443037986755,0.00047950950101949275,-0.009713266976177692,0.0023550342302769423,-0.0060412026941776276,0.0011202882742509246,-0.03340180963277817,0.007311596069484949,0.2626605917541183,3.0249614524882276,0.1593389807833147,0.02,1.0,0.821295029449463,1.5284883242018021,1.0,3.0564913749694824,2.5592426081342645,-2.0564913749694824,0.01266935292185414,True,True,OK,metrics within configured thresholds
14.48,stroke_003,draw_line,0.5298163948178631,-0.017002494571694775,0.202,0.5300157834579801,-0.01713439026043453,0.20200117360165362,0.5365310075467271,-0.017111501218011742,0.21494254148217834,-0.00019938864011692647,0.00013189568873975613,-1.1736016536090244e-06,0.0002390683581251463,-0.013357330113649368,0.13706094026565552,-0.01900123432278633,-2.2506675720214844,0.0032179467380046844,2.360860824584961,0.6993103623390198,0.0007984646363183856,-0.014246976934373379,0.0034615639597177505,-0.0061050402000546455,0.0034538900945335627,-0.06920576095581055,0.007458010222762823,0.26264351839251376,3.0252996295717036,0.15934064962929903,0.02,1.0,0.8211999004364015,1.5379526862564177,1.0,2.2166037559509277,2.7332796765265908,-1.2166037559509277,0.012942541482178316,True,True,OK,metrics within configured thresholds
14.5,stroke_003,draw_line,0.5297889616023703,-0.01695497884864633,0.202,0.5300268951887449,-0.017106919837819225,0.2020010869351816,0.5365030085928963,-0.017062831822730874,0.2146821537256064,-0.0002379335863745835,0.00015194098917289608,-1.0869351815823158e-06,0.0002823112416181801,-0.013344267383217812,0.13701790571212769,-0.01896093040704727,-2.250772714614868,0.0032082037068903446,2.361100196838379,0.6994906663894653,0.0009255947079509497,-0.0106904786080122,0.003076844150200486,-0.00700653251260519,0.0021509560756385326,-0.034822016954422,0.00873198825865984,0.2626482333614405,3.0250558271497954,0.15931737784541858,0.02,1.0,0.8211324279785157,1.5278049051161011,1.0,3.0828299522399902,2.552443104325109,-2.0828299522399902,0.012682153725606368,True,True,OK,metrics within configured thresholds
14.52,stroke_003,draw_line,0.5297590815231922,-0.01690322503337555,0.202,0.5299577671935807,-0.017072999172566578,0.20200131457926546,0.536472401071094,-0.017009831816345983,0.21497277337026935,-0.00019868567038849871,0.00016977413919102777,-1.3145792654434274e-06,0.00026134456580236513,-0.013327562250196934,0.13691620528697968,-0.01891777478158474,-2.250861406326294,0.0031947579700499773,2.36088490486145,0.6996937990188599,0.001752927666530013,-0.015801526606082916,0.003918246366083622,-0.007754012010991573,0.0028381177689880133,-0.06875850260257721,0.009319604374468327,0.2626324643553178,3.0253407093329465,0.15931474804290355,0.02,1.0,0.8210272853851319,1.5394058988733583,1.0,2.133535861968994,2.738078501095317,-1.1335358619689941,0.012972773370269348,True,True,OK,metrics within configured thresholds
14.540000000000001,stroke_003,draw_line,0.529726678494366,-0.016847101341129635,0.202,0.5299691542536106,-0.01703171934831946,0.20200107176849308,0.5364394204092794,-0.016952378105642436,0.21466607390476986,-0.00024247575924452036,0.0001846180071898261,-1.0717684930661164e-06,0.00030476130182103503,-0.013299900107085705,0.13686133921146393,-0.018866099417209625,-2.2509894371032715,0.003185550682246685,2.36116361618042,0.6999094486236572,0.0018989208620041609,-0.011317131109535694,0.003851278219372034,-0.007743651978671551,0.002376934513449669,-0.03422199934720993,0.010439356788992882,0.2626378408412684,3.0250436839277026,0.15928535923067486,0.02,1.0,0.8209385936737061,1.5276474446163064,1.0,3.1299920082092285,2.5264885774011043,-2.1299920082092285,0.012666073904769837,True,True,OK,metrics within configured thresholds
14.56,stroke_003,draw_line,0.5296916798198519,-0.01678648185867339,0.202,0.52988886361476,-0.016983002087209778,0.20200109113486966,0.5364036608693705,-0.016890356566169554,0.2149950772093914,-0.00019718379490807347,0.00019652022853638984,-1.0911348696518441e-06,0.00027839331847881666,-0.013266959227621555,0.13674041628837585,-0.018811509013175964,-2.2510986328125,0.0031697293743491173,2.3609225749969482,0.7001459002494812,0.0026996235828846693,-0.017359165474772453,0.004541770089417696,-0.008778429590165615,0.002655171789228916,-0.0677795335650444,0.01090928539633751,0.2626191185927081,3.0253749445447493,0.15928117953077744,0.02,1.0,0.8208105628967286,1.5407878039482938,1.0,2.1339945793151855,2.737714778183948,-1.1339945793151855,0.01299507720939139,True,True,OK,metrics within configured thresholds
14.58,stroke_003,draw_line,0.5296540161560738,-0.01672124647941056,0.202,0.5298922291031128,-0.016926532094844925,0.20200114404855346,0.5363654098915596,-0.016823658665645544,0.21468880899394535,-0.0002382129470390737,0.00020528561543436616,-1.1440485534475187e-06,0.0003144660568144035,-0.013223313726484776,0.13666796684265137,-0.018748369067907333,-2.251248836517334,0.0031592207960784435,2.3611950874328613,0.700390636920929,0.0026498176157474518,-0.011916358955204487,0.004668072331696749,-0.009055191650986671,0.0030918342527002096,-0.037361204624176025,0.011711720377206802,0.2626247975820308,3.0250392892383755,0.15924665576600855,0.02,1.0,0.8207013671875001,1.5296342969861232,1.0,2.8308534622192383,2.526412708579881,-1.8308534622192383,0.012688808993945349,True,True,OK,metrics within configured thresholds
14.6,stroke_003,draw_line,0.529613621474463,-0.016651280838505204,0.202,0.5298400807041583,-0.016867215504379,0.20200112273609036,0.5363242552044922,-0.01675218237096989,0.2148600711584125,-0.0002264592296953305,0.00021593466587379456,-1.1227360903476313e-06,0.00031291024779728504,-0.013177297078073025,0.13656094670295715,-0.018684670329093933,-2.251375436782837,0.0031426267232745886,2.361132860183716,0.7006504535675049,0.003073133062571287,-0.015911860391497612,0.004900309722870588,-0.009404674172401428,0.0028922101482748985,-0.056342653930187225,0.012098966166377068,0.2626053385395446,3.025357271380119,0.1592383854503146,0.02,1.0,0.8205511634826661,1.5343503860643348,1.0,2.6734519004821777,2.632966972353656,-1.6734519004821777,0.012860071158412485,True,True,OK,metrics within configured thresholds
14.620000000000001,stroke_003,draw_line,0.529570433024,-0.01657647624800305,0.202,0.5297831724207626,-0.01680082031832298,0.202000945432399,0.5362803456283884,-0.01667581121731237,0.21489285570256036,-0.00021273939676258458,0.00022434407031993175,-9.454323989799285e-07,0.0003091750421121406,-0.013124104589223862,0.1364344358444214,-0.018615538254380226,-2.2515347003936768,0.0031266016885638237,2.361100912094116,0.7009225487709045,0.003440207103267312,-0.016413699835538864,0.00516138318926096,-0.010018354281783104,0.002863304689526558,-0.05530712008476257,0.012730790302157402,0.26260208883071917,3.0252479079411545,0.15921228689877417,0.02,1.0,0.8204245632171632,1.538058383683088,1.0,2.2864012718200684,2.6471366971986385,-1.2864012718200684,0.01289285570256035,True,True,OK,metrics within configured thresholds
14.64,stroke_003,draw_line,0.5295243912937564,-0.01649672963195282,0.202,0.5297699120973499,-0.016729590350193137,0.20200136525956383,0.5362336291232193,-0.016594450898639427,0.21471411575932484,-0.00024552080359352413,0.00023286071824031584,-1.3652595638180554e-06,0.00033838800662890257,-0.013064717873930931,0.1363391876220703,-0.01854117587208748,-2.2517011165618896,0.003113846993073821,2.361311674118042,0.7012028098106384,0.0035425357054919004,-0.013277245685458183,0.005342387594282627,-0.010161051526665688,0.002893633907660842,-0.056396640837192535,0.013416138477623463,0.2625958145080012,3.025172210991554,0.1591825692842679,0.02,1.0,0.8202652996063233,1.5300738511738383,1.0,2.7175424098968506,2.5208792983161388,-1.7175424098968506,0.012714115759324813,True,True,OK,metrics within configured thresholds
14.66,stroke_003,draw_line,0.5294754399754379,-0.016411943461527616,0.202,0.5297163563881081,-0.016654614135151197,0.20200109071710715,0.5361838629650953,-0.016508003255592815,0.2148284918726163,-0.00024091641267021124,0.0002426706736235809,-1.0907171071328214e-06,0.0003419516974583016,-0.013001824729144573,0.13621394336223602,-0.018465247005224228,-2.2518630027770996,0.003096212400123477,2.3613011837005615,0.7014971971511841,0.0038995486684143543,-0.016657806932926178,0.005630576517432928,-0.01099941786378622,0.003225390799343586,-0.054084014147520065,0.013799441047012806,0.26257843023210947,3.025405628913977,0.15916747822830357,0.02,1.0,0.8200988834381104,1.532786314467511,1.0,2.826664686203003,2.589711387369388,-1.826664686203003,0.012828491872616274,True,True,OK,metrics within configured thresholds
14.68,stroke_003,draw_line,0.5294235259259259,-0.01632202569014625,0.202,0.5296311680744606,-0.016570748197981308,0.20200106243702778,0.536131143901776,-0.016416370891255166,0.21496460086979766,-0.00020764214853474794,0.00024872250783505856,-1.0624370277712014e-06,0.0003240050563252448,-0.012930311262607574,0.1360486000776291,-0.018383106216788292,-2.2520523071289062,0.0030776087660342455,2.3611695766448975,0.7018054127693176,0.004554820712655783,-0.018918273970484734,0.005953929852694273,-0.012098326347768307,0.002800790825858712,-0.061384353786706924,0.014436478726565838,0.2625710426892461,3.02535728783736,0.1591386886264135,0.02,1.0,0.8199369972229005,1.5417192478906285,1.0,2.041459560394287,2.672645041961153,-1.041459560394287,0.012964600869797647,True,True,OK,metrics within configured thresholds
14.700000000000001,stroke_003,draw_line,0.5293685991298205,-0.016226889688594596,0.202,0.5296292449405506,-0.016480379052580603,0.20200105439178276,0.5360755363579885,-0.01631948207486153,0.21464339060283893,-0.00026064581073015347,0.0002534893639860071,-1.0543917827454674e-06,0.000363585214285786,-0.012849702499806881,0.13594311475753784,-0.018293233588337898,-2.252258777618408,0.003065145341679454,2.36150860786438,0.7021185159683228,0.00459894398227334,-0.014049429446458817,0.00612484710291028,-0.011158507317304611,0.003173600183799863,-0.034750159829854965,0.014950850047171116,0.2625678160170491,3.0251461272164275,0.15909728472924564,0.02,1.0,0.8197476928710938,1.528085814572084,1.0,3.121746301651001,2.4517301234127498,-2.121746301651001,0.01264339060283893,True,True,OK,metrics within configured thresholds
14.72,stroke_003,draw_line,0.529310612661982,-0.01612645418014696,0.202,0.5295220239031959,-0.016383716282438093,0.2020012713185844,0.5360166476121231,-0.016217260497379093,0.21500695274691461,-0.0002114112412139324,0.0002572621022911316,-1.2713185843782338e-06,0.0003329866640539995,-0.012764407321810722,0.1357584446668625,-0.018202070146799088,-2.2524490356445312,0.0030428606551140547,2.361260414123535,0.7024483680725098,0.0054421317763626575,-0.020927855744957924,0.0063689956441521645,-0.013248836621642113,0.0020854524336755276,-0.07376471906900406,0.015429464168846607,0.26254266851461416,3.0255371564967395,0.15908346321554545,0.02,1.0,0.8195412223815919,1.542641501441017,1.0,2.02081298828125,2.6862357857961374,-1.02081298828125,0.013006952746914588,True,True,OK,metrics within configured thresholds
14.74,stroke_003,draw_line,0.5292495226500741,-0.01602064317568742,0.202,0.5295081601098286,-0.016280998819151373,0.20200087525308424,0.5359548434554021,-0.016109633975223622,0.21466777914286594,-0.00025863745975451824,0.00026035564346395257,-8.752530842315309e-07,0.0003669865974933693,-0.012670054100453854,0.13562817871570587,-0.01810316927731037,-2.2526869773864746,0.003027496859431267,2.3615901470184326,0.7027803063392639,0.00525396503508091,-0.014998300932347775,0.006574057042598724,-0.012794765643775463,0.0031950711272656918,-0.03294543921947479,0.015794645994901657,0.26254462063598777,3.025175265961546,0.15903430215614328,0.02,1.0,0.8193509643554688,1.5299373309738966,1.0,2.9088659286499023,2.453337806665927,-1.9088659286499023,0.012667779142865931,True,True,OK,metrics within configured thresholds
14.76,stroke_003,draw_line,0.5291852882371053,-0.015909385908831175,0.202,0.5294188164957965,-0.016175372130570565,0.202001077679139,0.5358896962717212,-0.01599653429352795,0.21491822081545306,-0.00023352825869116245,0.00026598622173939004,-1.0776791389832674e-06,0.00035395660631615434,-0.012573785148561,0.1354473978281021,-0.01800452545285225,-2.2528979778289795,0.003004327416419983,2.361471176147461,0.7031257152557373,0.005830564070492983,-0.020340343937277794,0.006663106381893158,-0.01411101408302784,0.0022651315666735172,-0.06049278751015663,0.016254227608442307,0.2625182895688761,3.0255481851203445,0.159014392586208,0.02,1.0,0.8191130226135255,1.5385000955571673,1.0,2.354569673538208,2.612772649360318,-1.354569673538208,0.012918220815453043,True,True,OK,metrics within configured thresholds
14.780000000000001,stroke_003,draw_line,0.5291178715439719,-0.01579261677104591,0.202,0.529364273703917,-0.01606473291470155,0.20200111197993537,0.5358214581666421,-0.0158778855407658,0.21479332106440122,-0.0002464021599450916,0.0002721161436556388,-1.111979935353169e-06,0.00036710006342004274,-0.012471274472773075,0.13527487218379974,-0.017900805920362473,-2.2531511783599854,0.0029839728958904743,2.3616104125976562,0.7034781575202942,0.005912070162594318,-0.01810326613485813,0.00679740309715271,-0.014270996674895287,0.002477950882166624,-0.046459563076496124,0.016738319769501686,0.26251338929027207,3.0253500224904513,0.15897006596753285,0.02,1.0,0.8189020221710206,1.5351631988012087,1.0,2.486011266708374,2.5224016078225793,-1.486011266708374,0.01279332106440119,True,True,OK,metrics within configured thresholds
14.8,stroke_003,draw_line,0.529047237632,-0.015670275246773134,0.202,0.5293043690998281,-0.015951073262900052,0.20200107432303782,0.5357499417638918,-0.01575362511074243,0.21478478379023527,-0.0002571314678281311,0.000280798016126918,-1.0743230378085222e-06,0.00038074305217331505,-0.01236554142087698,0.13510076701641083,-0.017794927582144737,-2.2533998489379883,0.0029622120782732964,2.361713409423828,0.7038413882255554,0.006125645246356726,-0.018843865022063255,0.006966772954910994,-0.014608991332352161,0.0024974264670163393,-0.04841344431042671,0.017193494364619255,0.26249482932694,3.0254749012905977,0.15893512347566935,0.02,1.0,0.8186488216400147,1.533541646190672,1.0,2.692412853240967,2.509664988432607,-1.6924128532409668,0.012784783790235262,True,True,OK,metrics within configured thresholds
14.82,stroke_003,draw_line,0.5289733544654875,-0.015542305848549548,0.202,0.5292145529897077,-0.01583205822411923,0.20200119728769406,0.5356751237223144,-0.015623687243405565,0.21489174180644746,-0.0002411985242201098,0.000289752375569682,-1.1972876940435917e-06,0.00037700742795342276,-0.012254443019628525,0.13489371538162231,-0.01768551580607891,-2.2536633014678955,0.002938041463494301,2.3616836071014404,0.7042182683944702,0.0064760008826851845,-0.020761707797646523,0.007340720854699612,-0.015816431492567062,0.002687855390831828,-0.06358768045902252,0.017786124721169472,0.26247819565408886,3.0255530611409664,0.1588986845541375,0.02,1.0,0.8184001510620118,1.5385042117029333,1.0,2.158717155456543,2.5736267411155334,-1.158717155456543,0.012891741806447459,True,True,OK,metrics within configured thresholds
14.84,stroke_003,draw_line,0.5288961928742473,-0.015408658052128384,0.202,0.5291753701517449,-0.01570729490368998,0.2020010060269152,0.535597081613585,-0.015488020320717014,0.21468391313267945,-0.0002791772774975998,0.00029863685156159697,-1.006026915190139e-06,0.0004088091651024341,-0.012136299163103104,0.1347188502550125,-0.017570149153470993,-2.2539470195770264,0.002917620586231351,2.3619563579559326,0.704603910446167,0.006581217050552368,-0.018005158752202988,0.007541131228208542,-0.015404400415718555,0.0031203178223222494,-0.038732852786779404,0.018255671486258507,0.2624666696693259,3.0254577262437503,0.15885084467288096,0.02,1.0,0.8181366985321046,1.5291301260481507,1.0,2.979213237762451,2.428408386134887,-1.9792132377624512,0.012683913132679433,True,True,OK,metrics within configured thresholds
14.86,stroke_003,draw_line,0.5288157265161482,-0.015269286231600763,0.202,0.5290499654614076,-0.015575332715852153,0.2020011783910881,0.5355155731259861,-0.015346579016426682,0.21498443401037334,-0.00023423894525942401,0.0003060464842513898,-1.1783910880969195e-06,0.00038540072989609153,-0.012011861428618431,0.13447555899620056,-0.017451466992497444,-2.2542247772216797,0.002890427364036441,2.3617613315582275,0.7050074338912964,0.007483308203518391,-0.023793470114469528,0.007740208879113197,-0.017638910561800003,0.0018048579804599285,-0.06788850575685501,0.01899719052016735,0.2624405270984438,3.02574972789585,0.15881925781309986,0.02,1.0,0.8178529804229737,1.5422988498445758,1.0,1.9617669582366943,2.6211900842045344,-0.9617669582366943,0.012984434010373337,True,True,OK,metrics within configured thresholds
14.88,stroke_003,draw_line,0.5287319318396586,-0.015124149594517047,0.202,0.5290162446013723,-0.01543630299333361,0.20200111126914677,0.5354309069285702,-0.01519932847571832,0.21464796961317104,-0.0002843127617137009,0.0003121533988165639,-1.11126914675852e-06,0.0004222259179457379,-0.011877743527293205,0.13428668677806854,-0.017324667423963547,-2.254544973373413,0.002869240939617157,2.3621251583099365,0.705416738986969,0.007316571660339832,-0.017977049574255943,0.00810462236404419,-0.016541628167033195,0.0031876778230071068,-0.036388009786605835,0.019435102120041847,0.26243572348367594,3.0254393045463526,0.15875833307871987,0.02,1.0,0.8175752227783204,1.5289852463491058,1.0,2.882734537124634,2.3903919901157904,-1.8827345371246338,0.01264796961317103,True,True,OK,metrics within configured thresholds
14.9,stroke_003,draw_line,0.528644788046388,-0.014973212117008196,0.202,0.5288993667297419,-0.015292692661055428,0.2020010046395312,0.5353426814087241,-0.015046237919179363,0.21491738843352168,-0.0002545786833538788,0.00031948054404723134,-1.0046395311769096e-06,0.0004085084250581584,-0.011739950627088547,0.1340412050485611,-0.01719672977924347,-2.2548415660858154,0.0028404330369085073,2.3620078563690186,0.7058420181274414,0.00806588027626276,-0.023966273292899132,0.008197580464184284,-0.018166780471801758,0.0018989904783666134,-0.06403850764036179,0.020032968372106552,0.2624037747849496,3.025840150927483,0.158726307987856,0.02,1.0,0.817255026626587,1.5386688224808405,1.0,2.3005309104919434,2.5627118815688856,-1.3005309104919434,0.012917388433521654,True,True,OK,metrics within configured thresholds
14.92,stroke_003,draw_line,0.5285542770536297,-0.014816442478907113,0.202,0.5288196022006579,-0.01514187032074472,0.20200101939266654,0.5352511984838119,-0.014887271177141002,0.2147900400634981,-0.0002653251470282614,0.00032542784183760796,-1.019392666529173e-06,0.0004198830230553032,-0.011593559756875038,0.13380414247512817,-0.017062075436115265,-2.2551822662353516,0.002814138075336814,2.3621628284454346,0.7062762379646301,0.008155308663845062,-0.02151338942348957,0.008506358601152897,-0.018324358388781548,0.0026228614151477814,-0.04710625857114792,0.020548798143863678,0.26239443215923514,3.02562655104969,0.1586669876270335,0.02,1.0,0.8169584339141847,1.5357460482990368,1.0,2.37044095993042,2.470948541691956,-1.37044095993042,0.012790040063498103,True,True,OK,metrics within configured thresholds
14.94,stroke_003,draw_line,0.5284603834569023,-0.014653813998869999,0.202,0.5287435865283913,-0.014987174217004596,0.20200107637118003,0.5351562803263887,-0.014722407157023455,0.21474732397928983,-0.00028320307148899104,0.00033336021813459675,-1.0763711800199083e-06,0.0004374176188843582,-0.011442468501627445,0.13357357680797577,-0.01692408137023449,-2.2555160522460938,0.0027872335631400347,2.362326145172119,0.7067208886146545,0.00845786090940237,-0.02159201353788376,0.00862753577530384,-0.01887032575905323,0.0024063524324446917,-0.04494848847389221,0.021061580628156662,0.2623708010633128,3.025754750955099,0.15861784955818062,0.02,1.0,0.8166177337646485,1.5323294122011673,1.0,2.6574442386627197,2.4357708880754183,-1.6574442386627197,0.012747323979289824,True,True,OK,metrics within configured thresholds
14.96,stroke_003,draw_line,0.5283630944924932,-0.014485304569497703,0.202,0.5286294980698137,-0.014826588103596175,0.2020011184082192,0.5350578858063582,-0.014551615876428517,0.21487429598427363,-0.00026640357732055087,0.00034128353409847156,-1.1184082191750822e-06,0.00043295099895123703,-0.01128586009144783,0.13330425322055817,-0.016782639548182487,-2.255864143371582,0.0027570973616093397,2.362311601638794,0.7071788907051086,0.00897611677646637,-0.02441978082060814,0.008840199559926987,-0.02004028856754303,0.0018367788288742304,-0.05831635370850563,0.021676629781723022,0.26234703140087284,3.0258949925842105,0.15857028833658535,0.02,1.0,0.8162839477539063,1.5376908059817778,1.0,2.2285847663879395,2.513356560780974,-1.2285847663879395,0.012874295984273625,True,True,OK,metrics within configured thresholds
14.98,stroke_003,draw_line,0.5282624,-0.014310896592457089,0.202,0.5285504471576694,-0.014659831517609192,0.20200111369649357,0.5349561437563303,-0.014374879888115623,0.2147346865972465,-0.00028804715766939104,0.0003489349251521029,-1.1136964935543059e-06,0.0004524687694771855,-0.01112157292664051,0.13305208086967468,-0.016635136678814888,-2.2562360763549805,0.002729083178564906,2.3625237941741943,0.7076466679573059,0.009126828983426094,-0.022135687991976738,0.009109759703278542,-0.02018962986767292,0.00237691099755466,-0.04427129402756691,0.02222595177590847,0.26233052655678757,3.0258045778395712,0.15850877833638627,0.02,1.0,0.815935856628418,1.532407279313336,1.0,2.5341718196868896,2.413686432743412,-1.5341718196868896,0.012734686597246487,True,True,OK,metrics within configured thresholds
15.0,stroke_003,draw_line,0.528158292384873,-0.014130576913602364,0.202,0.5284435776348124,-0.014487703365929751,0.20200115885124303,0.5348508925470867,-0.014192187257662237,0.21480813241961905,-0.0002852852499394265,0.00035712645232738663,-1.1588512430216191e-06,0.00045708677482634484,-0.010951862670481205,0.13277824223041534,-0.01648414321243763,-2.256605625152588,0.0026984093710780144,2.3625850677490234,0.7081276774406433,0.009569579735398293,-0.024314625188708305,0.00933258980512619,-0.021078133955597878,0.0020312820561230183,-0.05377339571714401,0.02278907038271427,0.2623026276349613,3.026001275750577,0.15845776876248094,0.02,1.0,0.8155639236450196,1.5344156415691237,1.0,2.4446160793304443,2.455856318173629,-1.4446160793304443,0.012808132419619027,True,True,OK,metrics within configured thresholds
15.02,stroke_003,draw_line,0.5280507665809577,-0.01394433675809645,0.202,0.5283335834331785,-0.014308681786634471,0.20200114520109935,0.5347422250983072,-0.01400352719434875,0.2148123947498684,-0.0002828168522207575,0.0003643450285380212,-1.1452010993395767e-06,0.0004612309434610683,-0.010774645954370499,0.13248957693576813,-0.016327783465385437,-2.2569994926452637,0.002667059423401952,2.362671375274658,0.7086207866668701,0.009917868301272392,-0.024640418589115143,0.009617423638701439,-0.02173798531293869,0.00208734511397779,-0.055869899690151215,0.023397816345095634,0.2622816553025893,3.0260037544976175,0.15839742768477785,0.02,1.0,0.8151943748474122,1.5355063919795175,1.0,2.286724805831909,2.4519222345785145,-1.2867248058319092,0.012812394749868403,True,True,OK,metrics within configured thresholds
15.040000000000001,stroke_003,draw_line,0.5279398200130371,-0.013752171665532331,0.202,0.5282399580269035,-0.014124023523419352,0.20200105338682003,0.5346301376426366,-0.013808899299555213,0.21473542482171806,-0.00030013801386641337,0.00037185185788702127,-1.0533868200213181e-06,0.0004778679118809898,-0.010590698570013046,0.13220955431461334,-0.01616642065346241,-2.2574026584625244,0.0026360643096268177,2.3628599643707275,0.7091246247291565,0.010162604972720146,-0.024064619094133377,0.009853875264525414,-0.021708190441131592,0.0022510208655148745,-0.047017909586429596,0.023911917582154274,0.2622581973329004,3.02603552302676,0.15833437315949175,0.02,1.0,0.8148005073547364,1.531782929585273,1.0,2.6253998279571533,2.3941031345172026,-1.6253998279571533,0.012735424821718057,True,True,OK,metrics within configured thresholds
15.06,stroke_003,draw_line,0.5278254525593733,-0.0135540814250544,0.202,0.52810588733967,-0.01393235727308935,0.20200096057196412,0.5345145508965843,-0.013608302380147732,0.2148671809846146,-0.0002804347802967122,0.0003782758480349504,-9.60571964109258e-07,0.00047088980229468164,-0.01039997860789299,0.13189221918582916,-0.016000661998987198,-2.2578132152557373,0.0026020256336778402,2.362846851348877,0.7096419930458069,0.010766456834971905,-0.02697189524769783,0.010013717226684093,-0.023296646773815155,0.0014555841917172074,-0.05761526897549629,0.02452157251536846,0.2622296677530325,3.02619736787934,0.15827629852559463,0.02,1.0,0.8143973415374757,1.5379071699458895,1.0,2.140693426132202,2.4750569772211852,-1.1406934261322021,0.01286718098461458,True,True,OK,metrics within configured thresholds
15.08,stroke_003,draw_line,0.5277076665142508,-0.01335007001047982,0.202,0.5280152216857447,-0.013735593411580729,0.20200097809156922,0.5343956155748113,-0.01340174493270234,0.21470114632843326,-0.00030755517149383405,0.00038552340110090816,-9.780915692092496e-07,0.0004931728226211692,-0.010202374309301376,0.13159839808940887,-0.01582956872880459,-2.2582502365112305,0.002569747855886817,2.3631107807159424,0.7101681232452393,0.010666993446648121,-0.024215376004576683,0.01049928180873394,-0.023151664063334465,0.003022177843376994,-0.040511831641197205,0.02484249323606491,0.2622097746736934,3.0260989620537626,0.15820393666071061,0.02,1.0,0.8139867847442628,1.531003085914548,1.0,2.5440640449523926,2.3580297343400414,-1.5440640449523926,0.012701146328433244,True,True,OK,metrics within configured thresholds
15.1,stroke_003,draw_line,0.5275864665505186,-0.013140145515419872,0.202,0.5278863724889977,-0.013532970310217189,0.20200109709167868,0.5342731487942959,-0.01318923194636886,0.21480877633370613,-0.00029990593847917246,0.00039282479479731645,-1.0970916786701146e-06,0.0004942227179650672,-0.009999178349971771,0.13127616047859192,-0.01565476506948471,-2.2586798667907715,0.0025348954368382692,2.363159418106079,0.7107071280479431,0.01132369227707386,-0.02718588151037693,0.01050750445574522,-0.023946624249219894,0.0016364679904654622,-0.057679735124111176,0.025555375963449478,0.2621762405408192,3.0263500642458006,0.1581448529944159,0.02,1.0,0.8135497634887696,1.5343933665524936,1.0,2.3653059005737305,2.423141743054364,-1.3653059005737305,0.012808776333706109,True,True,OK,metrics within configured thresholds
15.120000000000001,stroke_003,draw_line,0.5274618596821313,-0.012924320088401303,0.202,0.5277612850085287,-0.01332373212088411,0.2020011108716317,0.5341472971457061,-0.01297077557273923,0.2147882328107911,-0.0002994253263973734,0.0003994120324828064,-1.1108716316821088e-06,0.0004991860693328711,-0.009788467548787594,0.13094231486320496,-0.015474486164748669,-2.2591381072998047,0.0024998043663799763,2.363276481628418,0.7112571597099304,0.011678825132548809,-0.02700621262192726,0.01073236670345068,-0.02476966381072998,0.001584172248840332,-0.05192885547876358,0.026109466329216957,0.2621525461781463,3.02632718207937,0.15807302649369567,0.02,1.0,0.8131201332092286,1.5348438058696052,1.0,2.2478866577148438,2.4028991981861423,-1.2478866577148438,0.012788232810791078,True,True,OK,metrics within configured thresholds
15.14,stroke_003,draw_line,0.5273338552266935,-0.012702609867987692,0.202,0.5276506364104797,-0.013109195531447421,0.20200107016283564,0.5340180412212866,-0.012746395041376682,0.2147162917407068,-0.0003167811837861967,0.0004065856634597291,-1.0701628356257764e-06,0.0005154254217444722,-0.009571687318384647,0.13061721622943878,-0.01528974436223507,-2.25960373878479,0.002464589662849903,2.3634839057922363,0.7118179202079773,0.011927001178264618,-0.026359520852565765,0.01096565742045641,-0.02502043917775154,0.0017931689508259296,-0.045307707041502,0.026637710630893707,0.2621243254949425,3.026388254426669,0.1580006825637962,0.02,1.0,0.8126618927001954,1.531030687221197,1.0,2.5216641426086426,2.348644809021188,-1.5216641426086426,0.012716291740706796,True,True,OK,metrics within configured thresholds
15.16,stroke_003,draw_line,0.527202464768,-0.012475034917900783,0.202,0.5275065349276529,-0.012888764924064424,0.20200099579659775,0.5338853213320448,-0.012516108308142029,0.21481699130187065,-0.0003040701596528361,0.0004137300061636418,-9.95796597735854e-07,0.0005134512358562714,-0.009348706342279911,0.13026006519794464,-0.015100927092134953,-2.260078191757202,0.0024267216213047504,2.3635289669036865,0.7123914957046509,0.01234216708689928,-0.02886103466153145,0.01124134287238121,-0.026214852929115295,0.0016667989548295736,-0.05522545799612999,0.02723049744963646,0.26209159858796743,3.0265648316942197,0.15793283949441075,0.02,1.0,0.81219626121521,1.535194461750285,1.0,2.2183074951171875,2.4092015757767973,-1.2183074951171875,0.012816991301870648,True,True,OK,metrics within configured thresholds
15.18,stroke_003,draw_line,0.5270677021185795,-0.012241619162141858,0.202,0.5273844589559867,-0.012662131885324923,0.2020009996949139,0.5337492719251318,-0.012279939675774449,0.2147261686300572,-0.0003167568374072838,0.00042051272318306514,-9.996949138779687e-07,0.0005264663747980705,-0.009118466638028622,0.12991032004356384,-0.014906450174748898,-2.2605741024017334,0.002390130888670683,2.3637285232543945,0.7129747867584229,0.01262405514717102,-0.02752065658569336,0.011442618444561958,-0.026280203834176064,0.001674853963777423,-0.046456415206193924,0.027714362367987633,0.26206567874480147,3.0265313136682477,0.15785295561932647,0.02,1.0,0.8117218082427979,1.5321526968160613,1.0,2.390686273574829,2.342388647545934,-1.390686273574829,0.012726168630057176,True,True,OK,metrics within configured thresholds
15.200000000000001,stroke_003,draw_line,0.5269295832822363,-0.012002390320113077,0.202,0.5272467515114153,-0.012430228707722443,0.2020010825583418,0.5336098073068674,-0.012037918585430291,0.21476103993343895,-0.0003171682291790434,0.0004278383876093663,-1.082558341775064e-06,0.0005325810205455278,-0.008882549591362476,0.12954695522785187,-0.014708141796290874,-2.2610716819763184,0.002351517789065838,2.3638482093811035,0.7135704159736633,0.012929934076964855,-0.028757479041814804,0.011720319278538227,-0.027255110442638397,0.0018030251376330853,-0.05146623030304909,0.028275106102228165,0.26203169237672697,3.0266931948645053,0.15777930526125303,0.02,1.0,0.8112258975982667,1.5330102598056645,1.0,2.304370164871216,2.359292816656047,-1.3043701648712158,0.012761039933438937,True,True,OK,metrics within configured thresholds
15.22,stroke_003,draw_line,0.5267881264165926,-0.011757379841738826,0.202,0.5271098710192686,-0.012192148198479545,0.2020012903491155,0.5334669950447458,-0.011790074598530837,0.21474158603047164,-0.0003217446026760884,0.00043476835674071887,-1.2903491154736546e-06,0.0005408740873577313,-0.0086400480940938,0.12917488813400269,-0.014504869468510151,-2.261586904525757,0.002312970347702503,2.3640027046203613,0.7141765356063843,0.013286514207720757,-0.02883731946349144,0.011919994838535786,-0.027633480727672577,0.0015468270285055041,-0.05376087501645088,0.028794068843126297,0.26200118941893863,3.0267517311099867,0.1577001300876791,0.02,1.0,0.8107283180236817,1.5323849089415196,1.0,2.316178798675537,2.3400698885313562,-1.316178798675537,0.01274158603047162,True,True,OK,metrics within configured thresholds
15.24,stroke_003,draw_line,0.5266433517956312,-0.011506622842587086,0.202,0.5269693446869099,-0.011949034220384878,0.2020012743064938,0.5333208388723772,-0.01153644471892836,0.2147383651643469,-0.0003259928912787702,0.0004424113777977915,-1.2743064937981163e-06,0.0005495460091987498,-0.008391613140702248,0.12879502773284912,-0.014297413639724255,-2.262112617492676,0.0022731604985892773,2.3641574382781982,0.7147944569587708,0.013613811694085598,-0.02935630828142166,0.01213474664837122,-0.028260037302970886,0.0014620950678363442,-0.05372384190559387,0.02933131717145443,0.2619681579094445,3.026853544754979,0.15762022305189655,0.02,1.0,0.8102130954742433,1.5319103201066044,1.0,2.330705165863037,2.3317080070818195,-1.330705165863037,0.012738365164346887,True,True,OK,metrics within configured thresholds
15.26,stroke_003,draw_line,0.5264952817722371,-0.011250158038990779,0.202,0.5268217073781423,-0.011699850962321769,0.20200096220210448,0.5331713626490175,-0.01127706512310111,0.21474715817179563,-0.00032642560590512293,0.0004496929233309896,-9.622021044652929e-07,0.0005556782588129463,-0.008136695250868797,0.1284029185771942,-0.01408522017300129,-2.262650966644287,0.002232553670182824,2.364295721054077,0.715424120426178,0.013930176384747028,-0.030422640964388847,0.012398774735629559,-0.02824052982032299,0.0014697513543069363,-0.055727094411849976,0.029846949502825737,0.26193444982334996,3.0269541882476907,0.157538270733449,0.02,1.0,0.8096873825073243,1.5323815816355693,1.0,2.3828837871551514,2.3313570126552454,-1.3828837871551514,0.012747158171795612,True,True,OK,metrics within configured thresholds
15.280000000000001,stroke_003,draw_line,0.5263439407407408,-0.0109880276831691,0.202,0.5266611727516024,-0.011444270879288553,0.20200092584998244,0.5330186062274644,-0.01101197984582638,0.2147836554680942,-0.00031723201086164554,0.00045624319611945255,-9.258499824305044e-07,0.0005556931346694921,-0.007874689996242523,0.12799298763275146,-0.013867882080376148,-2.2632038593292236,0.0021910869982093573,2.364392042160034,0.7160651087760925,0.014363394118845463,-0.031277287751436234,0.012584570795297623,-0.029609473422169685,0.0011673482367768884,-0.054012659937143326,0.030428683385252953,0.261900639162708,3.027034870677236,0.1574529876493053,0.02,1.0,0.809149033355713,1.535087609937782,1.0,2.0656111240386963,2.3493913837302127,-1.0656111240386963,0.012783655468094174,True,True,OK,metrics within configured thresholds
15.3,stroke_003,draw_line,0.5261893550994592,-0.0107202774983489,0.202,0.5265346703699466,-0.011183813270062638,0.20200110037651423,0.5328626346536275,-0.010741237878831793,0.21464342130980602,-0.00034531527048742294,0.00046353577171373735,-1.1003765142125754e-06,0.000578021849516543,-0.007606917060911655,0.1276056468486786,-0.013645946979522705,-2.263767719268799,0.0021508175414055586,2.3646881580352783,0.7167150974273682,0.014521501958370209,-0.02922859974205494,0.012825069949030876,-0.02940640226006508,0.0015918868593871593,-0.04245211184024811,0.030900059267878532,0.26186800284115036,3.0270576945837124,0.15736247693588343,0.02,1.0,0.8085961406707765,1.5282537715199978,1.0,2.506176233291626,2.250068292838182,-1.506176233291626,0.012643421309805995,True,True,OK,metrics within configured thresholds
15.32,stroke_003,draw_line,0.5260315532132395,-0.010446956613886034,0.202,0.5263597871568626,-0.010917465662070839,0.20200101253710254,0.5327033271805642,-0.010464885726222287,0.21478725592104805,-0.0003282339436231352,0.00047050904818480427,-1.0125371025238028e-06,0.0005736874684020472,-0.007333118002861738,0.12717807292938232,-0.013420065864920616,-2.264331579208374,0.0021072905510663986,2.36472749710083,0.7173784375190735,0.015041792765259743,-0.03275570273399353,0.012997221201658249,-0.030901623889803886,0.0008854115149006248,-0.056998707354068756,0.03149010241031647,0.261825952740836,3.0273348801831648,0.15728302031475222,0.02,1.0,0.8080322807312013,1.5338272938442763,1.0,2.1517295837402344,2.339706071996887,-1.1517295837402344,0.01278725592104803,True,True,OK,metrics within configured thresholds
15.34,stroke_003,draw_line,0.525870565376,-0.010168117500386688,0.202,0.5262085746503445,-0.010645309728005505,0.20200114086194823,0.532540895360332,-0.01018297750362686,0.21469748566482105,-0.00033800927434457506,0.00047719222761881744,-1.1408619482178306e-06,0.0005847768747212396,-0.007052436005324125,0.12675534188747406,-0.013188804499804974,-2.264925718307495,0.002064814092591405,2.364946126937866,0.7180510759353638,0.015258568339049816,-0.031179480254650116,0.01326800137758255,-0.03105652891099453,0.001240476849488914,-0.048132963478565216,0.03197174891829491,0.2617950234109314,3.0272862403891727,0.15718684313853767,0.02,1.0,0.8074684207916261,1.5311456170836,1.0,2.2252554893493652,2.273914301107059,-1.2252554893493652,0.012697485664821038,True,True,OK,metrics within configured thresholds
15.36,stroke_003,draw_line,0.5257064237732736,-0.009883815904828754,0.202,0.5260552103538148,-0.010368249938946169,0.20200100563606874,0.53237526383416,-0.009895570492763258,0.2146807379746672,-0.0003487865805411605,0.00048443403411741436,-1.0056360687238364e-06,0.0005969333492784352,-0.006766348145902157,0.12633198499679565,-0.012953539378941059,-2.2655177116394043,0.0020216144621372223,2.3651506900787354,0.7187341451644897,0.015535937622189522,-0.031773533672094345,0.013502184301614761,-0.03133852407336235,0.0013058308977633715,-0.04834144189953804,0.03246491774916649,0.2617546468293128,3.0274613883179917,0.15709696396790973,0.02,1.0,0.806874281692505,1.5291260720004787,1.0,2.413912773132324,2.256883716991866,-1.4139127731323242,0.012680737974667192,True,True,OK,metrics within configured thresholds
15.38,stroke_003,draw_line,0.5255391624447493,-0.009594110785683178,0.202,0.5258714591937907,-0.010084698766397544,0.20200104494458643,0.5322064629537558,-0.009602721798652892,0.21477236113634743,-0.0003322967490414497,0.0004905879807143663,-1.0449445864146867e-06,0.000592535896089093,-0.006473577581346035,0.12587624788284302,-0.012713540345430374,-2.2661235332489014,0.0019766411278396845,2.3652186393737793,0.719429612159729,0.015992987900972366,-0.03391139581799507,0.013685901649296284,-0.032525911927223206,0.0008075260557234287,-0.05626200512051582,0.03301941603422165,0.2617148948098373,3.0276197339807216,0.15700644999230245,0.02,1.0,0.8062822883605958,1.5338542328253826,1.0,2.0397796630859375,2.3118438866410265,-1.0397796630859375,0.01277236113634742,True,True,OK,metrics within configured thresholds
15.4,stroke_003,draw_line,0.5253688172468148,-0.009299064248035315,0.202,0.5257225678225489,-0.009796589181620304,0.20200102197910322,0.5320346379859975,-0.009304498278879702,0.2146380437688398,-0.00035375057573405755,0.000497524933584988,-1.0219791032051173e-06,0.0006104683233487314,-0.006175077520310879,0.1254405826330185,-0.012468921951949596,-2.2667477130889893,0.0019329119240865111,2.3655033111572266,0.7201334834098816,0.016146384179592133,-0.03173809126019478,0.0139304269105196,-0.03229133412241936,0.0012524978956207633,-0.043379902839660645,0.03346031531691551,0.2616801971919174,3.027603974395312,0.15690453660777348,0.02,1.0,0.8056764667510987,1.528368028967505,1.0,2.36220645904541,2.2166214083967453,-1.3622064590454102,0.012638043768839776,True,True,OK,metrics within configured thresholds
15.42,stroke_003,draw_line,0.5251954258150989,-0.008998741478706274,0.202,0.525542193190007,-0.009502990371895476,0.20200114170504038,0.5318596747032951,-0.009000962382615626,0.2147233489536632,-0.0003467673749080191,0.000504248893189202,-1.1417050403694784e-06,0.0006119770110662108,-0.005870931316167116,0.12498044967651367,-0.012220369651913643,-2.2673683166503906,0.0018869960913434625,2.3656156063079834,0.7208493947982788,0.016548337414860725,-0.034031327813863754,0.014113645069301128,-0.033190883696079254,0.0007888887193985283,-0.05896544083952904,0.03402349352836609,0.2616351166493025,3.027861646105822,0.15681360854735715,0.02,1.0,0.8050522869110108,1.5311543504935983,1.0,2.1541106700897217,2.267576176123778,-1.1541106700897217,0.01272334895366319,True,True,OK,metrics within configured thresholds
15.44,stroke_003,draw_line,0.5250190275270136,-0.008693210681374262,0.202,0.5253721933898697,-0.009204115498306938,0.20200101982353222,0.531681726757005,-0.008692183582905893,0.2146723746057384,-0.000353165862856164,0.0005109048169326755,-1.0198235322056437e-06,0.0006210884789560876,-0.0055606551468372345,0.12451761215925217,-0.01196704339236021,-2.2680115699768066,0.0018414322985336185,2.365823745727539,0.7215750813484192,0.01681152544915676,-0.03353205695748329,0.014337205328047276,-0.033689603209495544,0.0009416380780749023,-0.04788128659129143,0.03447325527667999,0.2615976360166662,3.0279016467688753,0.15671205875552324,0.02,1.0,0.8044316833496095,1.5295822877379848,1.0,2.251237154006958,2.2278632490118584,-1.251237154006958,0.012672374605738395,True,True,OK,metrics within configured thresholds
15.46,stroke_003,draw_line,0.5248396634642963,-0.008382543011695987,0.202,0.5251915827702275,-0.008900038589241516,0.20200115232158544,0.5315007817776655,-0.008378233731675047,0.21469329821467115,-0.0003519193059311476,0.0005174955775455285,-1.1523215854292168e-06,0.000625819621385649,-0.005244635511189699,0.12404327094554901,-0.011709420941770077,-2.268660545349121,0.001795046729966998,2.365985631942749,0.7223110198974609,0.017130602151155472,-0.03439968451857567,0.014567019417881966,-0.03435508906841278,0.0008905356517061591,-0.0524798184633255,0.03497869148850441,0.2615545608621195,3.0280621199915574,0.1566125399771968,0.02,1.0,0.8037884300231934,1.5303379620804987,1.0,2.151662826538086,2.2360441157601434,-1.151662826538086,0.012693298214671142,True,True,OK,metrics within configured thresholds
15.48,stroke_003,draw_line,0.5246573763755525,-0.00806681251242793,0.202,0.5250163308694641,-0.008590817403517222,0.20200087377873596,0.5313169133900895,-0.00805918756521982,0.2146574436124813,-0.0003589544939115452,0.0005240048910892924,-8.737787359491822e-07,0.0006351615684800791,-0.004922929685562849,0.12356696277856827,-0.01144743524491787,-2.269322633743286,0.0017484994605183601,2.3662006855010986,0.7230567336082458,0.017345409840345383,-0.034354399889707565,0.014832884073257446,-0.034462664276361465,0.0012105964124202728,-0.04939640313386917,0.0354575552046299,0.26151319029401915,3.028163646537255,0.156509136520424,0.02,1.0,0.803139454650879,1.5286856924509744,1.0,2.2731504440307617,2.2065106645324235,-1.2731504440307617,0.012657443612481289,True,True,OK,metrics within configured thresholds
15.5,stroke_003,draw_line,0.5244722106387978,-0.007746096048547759,0.202,0.5248242051319725,-0.008276438965036796,0.20200105408460867,0.5311301330243539,-0.007735122715708603,0.21470103833882942,-0.0003519944931746899,0.0005303429164890371,-1.0540846086537492e-06,0.000636525603090533,-0.004595401231199503,0.12307313829660416,-0.01118109468370676,-2.269991397857666,0.0017010335577651858,2.366338014602661,0.7238129377365112,0.017763549461960793,-0.03551475331187248,0.014955246821045876,-0.03554370254278183,0.000624643755145371,-0.05166437476873398,0.03593086823821068,0.2614686495271825,3.02833245880844,0.15640669641292373,0.02,1.0,0.802477366256714,1.5308641142680584,1.0,2.0497376918792725,2.2298345873568417,-1.0497376918792725,0.012701038338829415,True,True,OK,metrics within configured thresholds
15.52,stroke_003,draw_line,0.524284212224,-0.007420473242375649,0.202,0.5246516784765292,-0.007957297598168916,0.20200098010992407,0.530940542948382,-0.0074061199399772055,0.21461465507342128,-0.0003674662525291472,0.0005368243557932664,-9.801099240536182e-07,0.0006505480738086415,-0.004262488801032305,0.1225890964269638,-0.010910439305007458,-2.2706737518310547,0.0016541104996576905,2.3666040897369385,0.7245779633522034,0.01792062073945999,-0.034466881304979324,0.015233494341373444,-0.035331983119249344,0.001109315431676805,-0.04559411108493805,0.036352433264255524,0.26142702813193736,3.0284024848567253,0.15629801837377766,0.02,1.0,0.8018086021423341,1.5270050851961374,1.0,2.314786911010742,2.166800673939693,-1.3147869110107422,0.01261465507342127,True,True,OK,metrics within configured thresholds
15.540000000000001,stroke_003,draw_line,0.524093428655622,-0.007090026408695686,0.202,0.5244499648309652,-0.007633467815735643,0.20200118042290763,0.5307481010578229,-0.007072261434748943,0.214700878018882,-0.0003565361753431473,0.0005434414070399568,-1.1804229076151085e-06,0.000649959999240052,-0.00392465153709054,0.12207882851362228,-0.010636284947395325,-2.271359443664551,0.001605196506716311,2.3667218685150146,0.7253541350364685,0.01822877861559391,-0.03632039204239845,0.015447599813342094,-0.03652764484286308,0.0009542570915073156,-0.05920661985874176,0.03689233958721161,0.26137898188907266,3.0286357585154535,0.15619527430110253,0.02,1.0,0.8011262481689454,1.5303203323325258,1.0,1.9510160684585571,2.2185958569145603,-0.9510160684585571,0.012700878018881975,True,True,OK,metrics within configured thresholds
15.56,stroke_003,draw_line,0.5238999089751636,-0.006754840489877123,0.202,0.5242804942736072,-0.007305553209669542,0.2020010580221785,0.5305529624643324,-0.0067336320665227324,0.21456827323045927,-0.0003805852984436475,0.0005507127197924193,-1.0580221784795008e-06,0.0006694257154782255,-0.003581726923584938,0.12158727645874023,-0.010357795283198357,-2.272062063217163,0.001557677984237671,2.367042064666748,0.726138174533844,0.01834227703511715,-0.034668292850255966,0.015724359080195427,-0.0359153151512146,0.0015546802897006273,-0.0438760481774807,0.037236906588077545,0.26133711837135165,3.0286810912442643,0.15608230866406503,0.02,1.0,0.8004405563354493,1.5240969391777581,1.0,2.4582340717315674,2.1249429309549592,-1.4582340717315674,0.012568273230459257,True,True,OK,metrics within configured thresholds
15.58,stroke_003,draw_line,0.5237037037037037,-0.006415002990995842,0.202,0.5240534138020221,-0.006971441932596146,0.2020010497586633,0.5303550378166362,-0.006390317200460175,0.21475194224317856,-0.00034971009831841204,0.000556438941600304,-1.0497586632740585e-06,0.0006572081486016368,-0.0032326276414096355,0.12104791402816772,-0.010074860416352749,-2.272763967514038,0.001507954322732985,2.3670554161071777,0.7269344329833984,0.01896434649825096,-0.038559019565582275,0.01574217900633812,-0.0378529354929924,0.00019715778762474656,-0.059128135442733765,0.03784327208995819,0.2612854501950559,3.0289828784478736,0.15597944238318018,0.02,1.0,0.799737936782837,1.532670869583791,1.0,1.8139616250991821,2.241594830226772,-0.8139616250991821,0.012751942243178563,True,True,OK,metrics within configured thresholds
15.6,stroke_003,draw_line,0.5235048648044432,-0.006070603914955624,0.202,0.5238860392019431,-0.0066331114028318075,0.20200110378877187,0.5301545993849337,-0.006042413515511537,0.21453507827294563,-0.0003811743974998505,0.0005625074878761833,-1.103788771855685e-06,0.0006794923204685992,-0.0028781460132449865,0.12054547667503357,-0.009787348099052906,-2.2734925746917725,0.0014601541915908456,2.367434024810791,0.7277376651763916,0.019000088796019554,-0.03463223949074745,0.01603703759610653,-0.03683394566178322,0.0010500835487619042,-0.040455371141433716,0.038198072463274,0.2612468478140828,3.028898193981407,0.15585661656540709,0.02,1.0,0.799036032485962,1.5239529237552294,1.0,2.333348274230957,2.0919232084321155,-1.333348274230957,0.012535078272945603,True,True,OK,metrics within configured thresholds
15.620000000000001,stroke_003,draw_line,0.5233034456452468,-0.005721735697609538,0.202,0.523671420544861,-0.006289915222382432,0.20200110809259259,0.5299514509131885,-0.005690012556942339,0.21467006138636024,-0.0003679748996142651,0.0005681795247728938,-1.108092592572163e-06,0.0006769303708554327,-0.002518768422305584,0.1200108453631401,-0.00949629582464695,-2.2742063999176025,0.0014103506691753864,2.367537021636963,0.7285518646240234,0.019408244639635086,-0.03803369775414467,0.016180584207177162,-0.03812985122203827,0.0004829178797081113,-0.05723543465137482,0.038678962737321854,0.2611910840095807,3.029272570845171,0.15575297191055457,0.02,1.0,0.7983074253082276,1.528333850067431,1.0,2.0611300468444824,2.17642198146171,-1.0611300468444824,0.012670061386360227,True,True,OK,metrics within configured thresholds
15.64,stroke_003,draw_line,0.5230995009611852,-0.005368493142881311,0.202,0.5234705807144078,-0.005942132380576716,0.2020013517037926,0.5297458265297205,-0.005333211206458776,0.21461748560931662,-0.0003710797532225918,0.0005736392376954049,-1.3517037925903086e-06,0.0006832012773543737,-0.0021538836881518364,0.11947358399629593,-0.00920084398239851,-2.2749476432800293,0.0013609168818220496,2.3677620887756348,0.7293738126754761,0.01958760991692543,-0.03648962453007698,0.016441037878394127,-0.03850903362035751,0.0007326141931116581,-0.06489191204309464,0.039100758731365204,0.26114778003528544,3.029302167826377,0.15563382332985182,0.02,1.0,0.7975936000823975,1.5271501417190672,1.0,1.8454056978225708,2.1360698043456803,-0.8454056978225708,0.012617485609316604,True,True,OK,metrics within configured thresholds
15.66,stroke_003,draw_line,0.5228930868170779,-0.00501097335788662,0.202,0.523300032580298,-0.005591474487018021,0.20200096220309544,0.5295377171077498,-0.004972107913119014,0.21447212731496143,-0.00040694576322009013,0.0005805011291314015,-9.62203095422609e-07,0.0007089339468246747,-0.0017854379257187247,0.11896489560604095,-0.008902296423912048,-2.2756850719451904,0.0013120536459609866,2.368143320083618,0.7302031517028809,0.019698016345500946,-0.03542386367917061,0.016649559140205383,-0.038017548620700836,0.001250540022738278,-0.038148898631334305,0.0393606498837471,0.2610974826792868,3.0294859579561257,0.1555176773273045,0.02,1.0,0.7968523567199708,1.5184371080706123,1.0,2.7736361026763916,2.0343373670625917,-1.7736361026763916,0.012472127314961409,True,True,OK,metrics within configured thresholds
15.68,stroke_003,draw_line,0.522684260570035,-0.004649275688054509,0.202,0.5230156420175017,-0.005233976606785105,0.20200106336959373,0.5293270492515031,-0.00460679690987012,0.21486931079463037,-0.0003313814474666943,0.0005847009187305964,-1.0633695937123377e-06,0.0006720788338018226,-0.0014103954890742898,0.11835508793592453,-0.00859927199780941,-2.276432514190674,0.0012596059823408723,2.367938995361328,0.7310454845428467,0.020354554057121277,-0.04298532009124756,0.016722382977604866,-0.04120136797428131,-0.0001121309760492295,-0.07065578550100327,0.03999977186322212,0.2610406931850812,3.029867804289697,0.1554123750219096,0.02,1.0,0.7961149280548097,1.5380452654418475,1.0,1.2949845790863037,2.2930919245274217,-0.2949845790863037,0.012869310794630346,True,True,OK,metrics within configured thresholds
15.700000000000001,stroke_003,draw_line,0.522473080832,-0.00428350165224871,0.202,0.5228764850351475,-0.004873481695723933,0.2020009908299183,0.5291143281140002,-0.0042373908893589135,0.21436931079463037,-0.00040340420314755043,0.0005899800434752229,-9.908299182792568e-07,0.0007147113994893764,-0.0010308317141607404,0.11784956604242325,-0.008291739039123058,-2.2772161960601807,0.0012118002632632852,2.3685708045959473,0.731890082359314,0.019992424175143242,-0.033386584371328354,0.01720571331679821,-0.03784126415848732,0.0021328190341591835,-0.026112526655197144,0.040019046515226364,0.26100814037384656,3.0295112491295613,0.15526691496444375,0.02,1.0,0.7953674858093263,1.517802096744195,1.0,2.597691059112549,1.9437543536230306,-1.5976910591125488,0.012369310794630346,True,True,OK,metrics within configured thresholds
15.72,stroke_003,draw_line,0.5222596074322914,-0.003913754877888987,0.202,0.5226274709845747,-0.00450903482432873,0.20200110965628126,0.5288990222147522,-0.0038639896507794095,0.21470343591453495,-0.000367863552283354,0.0005952799464397423,-1.1096562812507038e-06,0.0006997735627107478,-0.0006477643619291484,0.1172739788889885,-0.007981858216226101,-2.2779533863067627,0.0011604527244344354,2.3685379028320312,0.7327464818954468,0.020729489624500275,-0.0411120280623436,0.017039574682712555,-0.040484290570020676,-2.2959313355386257e-05,-0.06457056105136871,0.04068858176469803,0.2609378571595811,3.030206790689082,0.1551696900690719,0.02,1.0,0.7945838039398194,1.5289685152799435,1.0,1.9093424081802368,2.1726322005443617,-0.9093424081802368,0.012703435914534928,True,True,OK,metrics within configured thresholds
15.74,stroke_003,draw_line,0.5220439013801457,-0.0035401410360725236,0.202,0.5224179683289295,-0.004140077568686435,0.20200104282014616,0.5286816242250589,-0.0034866992947183593,0.21457277213895629,-0.0003740669487838355,0.000599936532613911,-1.0428201461520903e-06,0.0007070014234859136,-0.00025912607088685036,0.11670632660388947,-0.00766739621758461,-2.2787437438964844,0.001110151642933488,2.3688108921051025,0.7336095571517944,0.020822584629058838,-0.03830165043473244,0.01729871705174446,-0.04016215354204178,0.0006021016160957515,-0.04559055343270302,0.041026677936315536,0.2608982631765787,3.0300723255793134,0.1550372042802909,0.02,1.0,0.7938466136932374,1.5261084183006874,1.0,1.9402916431427002,2.0804807732169177,-0.9402916431427002,0.01257277213895628,True,True,OK,metrics within configured thresholds
15.76,stroke_003,draw_line,0.5218260248272593,-0.0031627677766952206,0.202,0.5222195704476662,-0.0037683624169816943,0.2020010795077055,0.5284620290067862,-0.0031056305631385083,0.21450639274771116,-0.0003935456204069432,0.0006055946402864737,-1.079507705475935e-06,0.0007222355495418897,0.00013285072054713964,0.11615613102912903,-0.0073500690050423145,-2.279517650604248,0.0010598436929285526,2.369114637374878,0.7344799637794495,0.0209824126213789,-0.037835292518138885,0.017467770725488663,-0.03997841849923134,0.0007234918884932995,-0.0447000116109848,0.04136719927191734,0.2608425805552375,3.0303187175203377,0.15491524245394978,0.02,1.0,0.7930562561035157,1.5215270690476064,1.0,2.277991771697998,2.0314145776909416,-1.277991771697998,0.012506392747711152,True,True,OK,metrics within configured thresholds
15.780000000000001,stroke_003,draw_line,0.5216060410303307,-0.0027817446635731123,0.202,0.5219768547490695,-0.0033924563137928522,0.20200114707151445,0.5282402470754701,-0.0027208895278569923,0.21464366979073402,-0.0003708137187388161,0.0006107116502197399,-1.1470715144401566e-06,0.0007144738270168383,0.000529188837390393,0.11556391417980194,-0.0070293317548930645,-2.280301094055176,0.0010084748500958085,2.369201898574829,0.7353586554527283,0.0212706346064806,-0.04070395976305008,0.017646504566073418,-0.04141613095998764,0.0005503310821950436,-0.06014029681682587,0.04178522154688835,0.26078642183001727,3.030606621564129,0.15479817081312758,0.02,1.0,0.792282349395752,1.5275010029431044,1.0,1.7673563957214355,2.1177165955934116,-0.7673563957214355,0.012643669790734011,True,True,OK,metrics within configured thresholds
15.8,stroke_003,draw_line,0.5213840143136034,-0.0023971831095636817,0.202,0.5217821114005502,-0.0030136299494383663,0.20200110343203437,0.5280165121728204,-0.0023325903015735095,0.2144666963194807,-0.0003980970869468248,0.0006164468398746847,-1.1034320343550341e-06,0.0007338182435653172,0.0009290527086704969,0.11500359326601028,-0.006705342326313257,-2.2811012268066406,0.0009583340142853558,2.369574546813965,0.7362433671951294,0.02129816822707653,-0.03768331930041313,0.01788894459605217,-0.040246542543172836,0.0011466549476608634,-0.04590936750173569,0.04204609617590904,0.26073854161330784,3.030625118015921,0.15466504832323982,0.02,1.0,0.7914989059448243,1.5199115982407103,1.0,2.262543201446533,1.99509052563822,-1.2625432014465332,0.01246669631948069,True,True,OK,metrics within configured thresholds
15.82,stroke_003,draw_line,0.5211600100314074,-0.002009196311687193,0.202,0.521537181522254,-0.00263063624597979,0.20200113136466383,0.527790689493711,-0.0019408441403779768,0.21461472986701527,-0.00037717149084659507,0.000621439934292597,-1.1313646638144714e-06,0.0007269437429588571,0.0013333441456779838,0.11440657824277878,-0.006377789657562971,-2.2818915843963623,0.0009073441615328193,2.3696656227111816,0.7371371984481812,0.021755361929535866,-0.04111785069108009,0.017898274585604668,-0.041997455060482025,0.0001330858503933996,-0.05648306384682655,0.04247358813881874,0.26067767883988935,3.031000800736528,0.15454763956122947,0.02,1.0,0.7906987731933595,1.5257896860838807,1.0,1.8557002544403076,2.08869896217113,-0.8557002544403076,0.012614729867015253,True,True,OK,metrics within configured thresholds
15.84,stroke_003,draw_line,0.520934094530702,-0.0016178991862481097,0.202,0.5213237930334206,-0.002243928690171865,0.20200095786795202,0.5275630389271901,-0.0015457694753852036,0.21449945559135783,-0.00038969850271852735,0.0006260295039237553,-9.578679520116928e-07,0.000737413574810702,0.0017419743817299604,0.11382410675287247,-0.006046584341675043,-2.282705545425415,0.0008568356861360371,2.369966745376587,0.7380373477935791,0.021848533302545547,-0.03909694403409958,0.018115773797035217,-0.04149767756462097,0.0006260595982894301,-0.04378298297524452,0.04279075935482979,0.2606290057491646,3.0310266055787167,0.15441348138627467,0.02,1.0,0.7899084156036378,1.521812374361557,1.0,2.081320285797119,2.007149414465342,-1.0813202857971191,0.012499455591357829,True,True,OK,metrics within configured thresholds
15.860000000000001,stroke_003,draw_line,0.5207063351136181,-0.0012234083039563866,0.202,0.5210910152593954,-0.0018540795141866984,0.20200121226237977,0.527333493900841,-0.0011474850303920703,0.21454562706334304,-0.00038468014577730525,0.0006306712102303119,-1.2122623797572452e-06,0.0007387330096514522,0.0021542655304074287,0.11322910338640213,-0.005712281446903944,-2.2835123538970947,0.0008061231928877532,2.3701541423797607,0.7389446496963501,0.022115027531981468,-0.040455132722854614,0.018241213634610176,-0.04206923022866249,0.0003143314679618925,-0.05331061780452728,0.04312355816364288,0.2605699375792178,3.031317149462469,0.15428877571270563,0.02,1.0,0.789094454574585,1.5232206671797517,1.0,1.9534242153167725,2.033109219431464,-0.9534242153167725,0.012545627063343034,True,True,OK,metrics within configured thresholds
15.88,stroke_003,draw_line,0.5204768,-0.000825841825048839,0.202,0.5208646371485494,-0.0014606118731733534,0.2020011216377072,0.5271021932910365,-0.0007461092938222286,0.21451082897245877,-0.000387837148549397,0.0006347700481245144,-1.12163770718543e-06,0.0007438762839760867,0.002570493845269084,0.11263308674097061,-0.005374624859541655,-2.284332036972046,0.0007556815980933607,2.3703999519348145,0.7398582696914673,0.022277632728219032,-0.040133655071258545,0.01841176487505436,-0.04203376919031143,0.00043836625991389155,-0.04911179468035698,0.04343123733997345,0.26051609837794754,3.0314647805447175,0.1541579720859184,0.02,1.0,0.7882876461029054,1.5219661808478695,1.0,2.0250766277313232,2.0052194679913224,-1.0250766277313232,0.01251082897245876,True,True,OK,metrics within configured thresholds
15.9,stroke_003,draw_line,0.5202455582899485,-0.00042531943441049755,0.202,0.5206294962416881,-0.0010642130449977812,0.20200087306419243,0.5268691736923864,-0.00034176466355374216,0.21452833916763958,-0.0003839379517396324,0.0006388936105872836,-8.730641924137306e-07,0.0007453818878107812,0.0029901389498263597,0.11202967166900635,-0.005034076515585184,-2.2851526737213135,0.0007050070562399924,2.370603084564209,0.7407779693603516,0.022493615746498108,-0.040772370994091034,0.018521670252084732,-0.04265856742858887,0.00026939669623970985,-0.0484534353017807,0.04371628910303116,0.26045866083513264,3.0316890577952,0.1540283900221743,0.02,1.0,0.7874679630279542,1.5227918643984564,1.0,1.9123131036758423,2.0121694739003226,-0.9123131036758423,0.012528339167639561,True,True,OK,metrics within configured thresholds
15.92,stroke_003,draw_line,0.5200126799263625,-2.1962276695989408e-05,0.202,0.5204038910046771,-0.000664815679866881,0.2020011676490011,0.5266345336019294,6.542727815054614e-05,0.214482755111482,-0.000391211078314635,0.0006428534031708916,-1.1676490010992246e-06,0.0007525343641114911,0.0034131822176277637,0.11143060773611069,-0.00469055213034153,-2.285979747772217,0.0006545874057337642,2.3708696365356445,0.7417032718658447,0.02260512299835682,-0.03997758403420448,0.0187011007219553,-0.04249943792819977,0.000522977439686656,-0.053861137479543686,0.04400341585278511,0.2604028848187768,3.0318614385308518,0.15389591643294784,0.02,1.0,0.7866473262786866,1.5205815779154144,1.0,1.9308503866195679,1.9772197443217545,-0.9308503866195679,0.012482755111481962,True,True,OK,metrics within configured thresholds
15.94,stroke_003,draw_line,0.5197782356574815,0.0003841071085491851,0.202,0.520175849190876,-0.0002630668424758358,0.20200097968380298,0.5263982992969574,0.0004753427963299988,0.2144651381319722,-0.0003976135333945141,0.0006471739510250209,-9.796838029707544e-07,0.000759560138898929,0.0038390306290239096,0.11082973331212997,-0.004344474989920855,-2.28680682182312,0.0006042720633558929,2.3711249828338623,0.7426343560218811,0.022775564342737198,-0.0405605286359787,0.01882210560142994,-0.04245557263493538,0.0004696313408203423,-0.04786529764533043,0.044276975095272064,0.26034382749887586,3.032115225763304,0.15376629831402974,0.02,1.0,0.7858202522277833,1.518930922357055,1.0,2.1804611682891846,1.9609904691259892,-1.1804611682891846,0.012465138131972196,True,True,OK,metrics within configured thresholds
15.96,stroke_003,draw_line,0.5195422969994281,0.0007927648517671963,0.202,0.5199117154372287,0.0001423919548847399,0.20200112650976235,0.5261605461755803,0.0008878589235738588,0.2145876248855297,-0.0003694184378005838,0.0006503728968824564,-1.1265097623336384e-06,0.0007479680181736026,0.0042688604444265366,0.11019407957792282,-0.003995016682893038,-2.2876431941986084,0.0005540361162275076,2.3712069988250732,0.7435717582702637,0.02305108681321144,-0.0428163968026638,0.018923267722129822,-0.043756287544965744,7.360805466305465e-05,-0.05784132331609726,0.04454565420746803,0.260285099803941,3.0323580368731813,0.15363590206973038,0.02,1.0,0.78499317817688,1.5257392177249276,1.0,1.5676536560058594,2.0378052138331078,-0.5676536560058594,0.012587624885529706,True,True,OK,metrics within configured thresholds
15.98,stroke_003,draw_line,0.5193049361987502,0.0012038858182666229,0.202,0.5197133629668245,0.0005498803488949326,0.20200095133766896,0.5259214852612438,0.0013028454892395863,0.21434690808285056,-0.0004084267680742881,0.0006540054693716903,-9.51337668947394e-07,0.0007710619196219287,0.00470122741535306,0.10960932075977325,-0.003643232397735119,-2.288489580154419,0.0005040839896537364,2.3716580867767334,0.7445133328437805,0.022940266877412796,-0.03855709359049797,0.019192446023225784,-0.04233153164386749,0.0011671262327581644,-0.03580837324261665,0.04468565061688423,0.260232815665151,3.032385219772332,0.15349239479927781,0.02,1.0,0.7841568058013917,1.5148951838454785,1.0,2.293138027191162,1.8732521685935708,-1.293138027191162,0.012346908082850555,True,True,OK,metrics within configured thresholds
16.0,stroke_003,draw_line,0.519066226194963,0.0016173436731010647,0.202,0.5194421539546089,0.0009595100134997247,0.20200093173559155,0.5256809205141192,0.0017201773586869608,0.21457448964414802,-0.00037592775964589986,0.00065783365960134,-9.317355915416936e-07,0.0007576725363295741,0.005136135965585709,0.10897069424390793,-0.0032890455331653357,-2.289320468902588,0.0004541754606179893,2.3716964721679688,0.7454606890678406,0.02331664226949215,-0.04360073804855347,0.019182555377483368,-0.04396626725792885,0.0002498255344107747,-0.05969765782356262,0.04503079131245613,0.26016456926279824,3.0328742883231197,0.1533713384515738,0.02,1.0,0.7833104198455811,1.5237130952644051,1.0,1.6943440437316895,2.020212219102728,-0.6943440437316895,0.01257448964414801,True,True,OK,metrics within configured thresholds
16.02,stroke_003,draw_line,0.5188262405830916,0.00203301094594777,0.202,0.5192193053626679,0.0013722847778390264,0.20200125314323988,0.5254392124714851,0.0021397273005211146,0.2144097519605823,-0.00039306477957634645,0.0006607261681087434,-1.253143239871024e-06,0.0007688046309271589,0.00557441171258688,0.10835917294025421,-0.002931884489953518,-2.2901785373687744,0.00040479315794073045,2.372041940689087,0.7464122176170349,0.023328177630901337,-0.03972217068076134,0.01936388574540615,-0.04335256665945053,0.0007333082030527294,-0.05217679589986801,0.04525865241885185,0.26011402480406404,3.0328525775732103,0.15322577602470946,0.02,1.0,0.7824795310974122,1.5180517729788916,1.0,1.7900211811065674,1.9061583577228642,-0.7900211811065674,0.012409751960582274,True,True,OK,metrics within configured thresholds
16.04,stroke_003,draw_line,0.5185850535762134,0.0024507590959863025,0.202,0.5190013364632782,0.0017858413997690482,0.20200110629344334,0.5251962365699075,0.0025613624824139427,0.2143548385152801,-0.00041628288706474503,0.0006649176962172543,-1.106293443325912e-06,0.000784479578249812,0.006013866513967514,0.10776219516992569,-0.0025733078364282846,-2.2910170555114746,0.00035552901681512594,2.3723812103271484,0.7473680377006531,0.023449433967471123,-0.040060799568891525,0.019441142678260803,-0.04294013977050781,0.0006765145226381719,-0.04699506610631943,0.04546019807457924,0.26004906901323216,3.0332135674232084,0.1530954901861268,0.02,1.0,0.7816214626312257,1.5124592396722603,1.0,2.3860819339752197,1.8655103459071603,-1.3860819339752197,0.012354838515280069,True,True,OK,metrics within configured thresholds
16.06,stroke_003,draw_line,0.518342739968,0.002870458576777226,0.202,0.5187006805600157,0.002202774327165489,0.20200115266970167,0.5249520438437382,0.0029849580183671886,0.21463547257182794,-0.0003579405920157708,0.0006676842496117371,-1.1526697016595033e-06,0.0007575784139213775,0.006457201670855284,0.10708866268396378,-0.0022113409359008074,-2.2918691635131836,0.0003065980854444206,2.372307062149048,0.7483296990394592,0.023776404559612274,-0.04517848789691925,0.019519710913300514,-0.04528783634305,6.590475095435977e-06,-0.07056281715631485,0.045674148947000504,0.25998532970905563,3.0335704234924394,0.1529681505937074,0.02,1.0,0.7807829444885255,1.5269401225294386,1.0,1.241694450378418,2.0477104017309813,-0.24169445037841797,0.012635472571827917,True,True,OK,metrics within configured thresholds
16.080000000000002,stroke_003,draw_line,0.5180993750952598,0.0032919789011406665,0.202,0.518522007382792,0.002621283238631601,0.2020010794232019,0.524707036533636,0.00341037716326017,0.21421767343109913,-0.0004226322875321431,0.0006706956625090656,-1.079423201877372e-06,0.0007927495741579274,0.006902064196765423,0.10650864243507385,-0.001847869367338717,-2.2927401065826416,0.0002575627586338669,2.3729159832000732,0.749293863773346,0.023558590561151505,-0.03737134486436844,0.019747039303183556,-0.04231399670243263,0.0013171182945370674,-0.029019102454185486,0.04583347216248512,0.2599375707186769,3.0334146327321334,0.15281119920888275,0.02,1.0,0.7799308364868165,1.5087350430263322,1.0,2.48073410987854,1.7656048187575841,-1.48073410987854,0.012217673431099123,True,True,OK,metrics within configured thresholds
16.1,stroke_003,draw_line,0.5178550348004805,0.0037151887060350303,0.202,0.5182218568760104,0.0030415550476512354,0.20200119308814765,0.524460797702774,0.0038374889969756696,0.21460022760943218,-0.00036682207552996005,0.0006736336583837948,-1.1930881476385213e-06,0.0007670346564940668,0.007349288556724787,0.10584300756454468,-0.0014818802010267973,-2.293577194213867,0.00020959363610018045,2.372821807861328,0.750262975692749,0.024031847715377808,-0.045551128685474396,0.01967373676598072,-0.045172568410634995,-0.00018189669935964048,-0.06884010136127472,0.0460406057536602,0.25986046166950827,3.0341103101338005,0.15269566274257754,0.02,1.0,0.7790598934173585,1.5239518039760236,1.0,1.460869312286377,2.0159000706499186,-0.46086931228637695,0.012600227609432175,True,True,OK,metrics within configured thresholds
16.12,stroke_003,draw_line,0.5176097953943704,0.004139955817435644,0.202,0.5180081396395781,0.0034642485423769563,0.20200111822371636,0.5242138869991281,0.0042661605102916585,0.21431458793642788,-0.00039834424520779343,0.0006757072750586878,-1.1182237163454012e-06,0.0007843849244354992,0.007799377664923668,0.10522952675819397,-0.0011135413078591228,-2.294457197189331,0.00016118759231176227,2.373265027999878,0.7512350082397461,0.023913580924272537,-0.03949485346674919,0.019878076389431953,-0.04313111677765846,0.0008308702381327748,-0.04257204011082649,0.04625062271952629,0.25981399743318845,3.033936414427708,0.15253995135751178,0.02,1.0,0.7782228057861329,1.5138338453779039,1.0,1.9837759733200073,1.8216393052226791,-0.9837759733200073,0.012314587936427875,True,True,OK,metrics within configured thresholds
16.14,stroke_003,draw_line,0.517363733618402,0.004566147315213376,0.202,0.5177586844451539,0.0038874598821670597,0.20200089383789546,0.5239660312326561,0.004696254784389312,0.21440585839715237,-0.0003949508267518942,0.0006786874330463161,-8.938378954492787e-07,0.0007852411007284234,0.008250058628618717,0.10460299253463745,-0.0007440428016707301,-2.2953028678894043,0.00011366428225301206,2.373460054397583,0.7522106170654297,0.024112697690725327,-0.042258746922016144,0.01987159252166748,-0.04415116831660271,0.00027053762460127473,-0.049308985471725464,0.04635128751397133,0.2597427401391682,3.0344306540272674,0.1524117282414758,0.02,1.0,0.777342802810669,1.515229212464108,1.0,1.9717128276824951,1.878387139056744,-0.9717128276824951,0.012405858397152369,True,True,OK,metrics within configured thresholds
16.16,stroke_003,draw_line,0.5171169266073538,0.004993629598013277,0.202,0.5174922315339721,0.004312905708075425,0.202000955593411,0.5237174479997996,0.005127641316175894,0.21446123174159143,-0.00037530492661830284,0.000680723889937852,-9.55593410983946e-07,0.000777328576237139,0.008703438565135002,0.10395098477602005,-0.0003720427630469203,-2.296170473098755,6.656834011664614e-05,2.3736042976379395,0.7531891465187073,0.024234170094132423,-0.04315341264009476,0.019980447366833687,-0.04483716934919357,0.00031701644184067845,-0.051550500094890594,0.04651516675949097,0.25968346369249296,3.034621474618066,0.15227323769613257,0.02,1.0,0.7764971321105958,1.5193017204152592,1.0,1.5701720714569092,1.9110511300757569,-0.5701720714569092,0.012461231741591418,True,True,OK,metrics within configured thresholds
16.18,stroke_003,draw_line,0.5168694518518518,0.005422268448133257,0.202,0.5172726155802455,0.004739740935903347,0.20200092805530181,0.5234682800399995,0.005560181570383455,0.21428781244003345,-0.0004031637283936629,0.00068252751222991,-9.280553018020665e-07,0.0007927078012292249,0.009158099070191383,0.10333908349275589,1.3061562640359625e-06,-2.2970383167266846,1.9351464288774878e-05,2.3740015029907227,0.7541701793670654,0.024204473942518234,-0.040077388286590576,0.020092137157917023,-0.04356221482157707,0.0007451336714439094,-0.03841863572597504,0.04665769636631012,0.25962486145513386,3.034749583709564,0.15212752686645445,0.02,1.0,0.7756295269012452,1.5112146457003628,1.0,2.1025705337524414,1.7917434595591604,-1.1025705337524414,0.012287812440033439,True,True,OK,metrics within configured thresholds
16.2,stroke_003,draw_line,0.5166213871609133,0.005851929096402735,0.202,0.516997721911552,0.005167183711721048,0.20200087230775052,0.523218415122631,0.00599373931880593,0.21445730038453362,-0.00037633475063869604,0.0006847453846816872,-8.723077505046195e-07,0.0007813480961146402,0.009614239446818829,0.10268671065568924,0.00037647708086296916,-2.2978928089141846,-2.6553925636108033e-05,2.3740830421447754,0.7551536560058594,0.024414800107479095,-0.04381120577454567,0.020117660984396935,-0.04481075331568718,0.00021893015946261585,-0.055607788264751434,0.04673267900943756,0.25955566891280485,3.035193837673066,0.1519981380909604,0.02,1.0,0.7747616832733155,1.5181206738079769,1.0,1.6305210590362549,1.9005329355268088,-0.6305210590362549,0.0124573003845336,True,True,OK,metrics within configured thresholds
16.22,stroke_003,draw_line,0.5163728106244877,0.006282476287061273,0.202,0.5167633660039868,0.0055962280787289626,0.20200115885169312,0.5229681508292102,0.006428180438876215,0.21432118635082736,-0.00039055537949905794,0.0006862482083323102,-1.1588516931060333e-06,0.0007896020838575627,0.010071751661598682,0.10205850750207901,0.0007529493886977434,-2.2987685203552246,-7.30764222680591e-05,2.374419927597046,0.7561395764350891,0.02430199272930622,-0.04066840931773186,0.020301464945077896,-0.04394479840993881,0.0011133210500702262,-0.050143588334321976,0.046885449439287186,0.2594998854752909,3.0352514975289586,0.15185039208595966,0.02,1.0,0.7739071910858155,1.5130103054965733,1.0,1.761413812637329,1.8060287787551148,-0.7614138126373291,0.012321186350827344,True,True,OK,metrics within configured thresholds
16.240000000000002,stroke_003,draw_line,0.516123800576,0.006713774342637216,0.202,0.5165261800766248,0.006025205954492805,0.20200113747293763,0.5227174011581918,0.006863365862900532,0.21430329638839982,-0.0004023795006247166,0.0006885683881444112,-1.1374729376179005e-06,0.0007975192671775853,0.010529248975217342,0.10143794119358063,0.0011300689075142145,-2.299624443054199,-0.00011888105655089021,2.3747081756591797,0.7571272253990173,0.024384474381804466,-0.041126880794763565,0.02029344253242016,-0.04354887828230858,0.0008094473741948605,-0.05349275842308998,0.04696107283234596,0.2594323613046377,3.035625163654643,0.15171562445504144,0.02,1.0,0.7730314796447755,1.5099713956791918,1.0,2.0574183464050293,1.79041354061389,-1.0574183464050293,0.012303296388399804,True,True,OK,metrics within configured thresholds
16.26,stroke_003,draw_line,0.5158744355548922,0.007145687228826338,0.202,0.5162453257480039,0.006455202291462472,0.2020013326144662,0.5224662547566682,0.0072991623081059345,0.21444966096799864,-0.0003708901931116504,0.0006904849373638652,-1.3326144661929273e-06,0.0007837925490422155,0.01098854560405016,0.10077553987503052,0.0015092305839061737,-2.3004887104034424,-0.00016335002146661282,2.374781608581543,0.7581167221069336,0.024561598896980286,-0.04338105767965317,0.020318493247032166,-0.045087799429893494,0.00037783855805173516,-0.07348658889532089,0.04704320803284645,0.2593676689980211,3.0359440782862412,0.15158099064948266,0.02,1.0,0.7721755569458009,1.5173250311042663,1.0,1.289660930633545,1.8838652226407886,-0.2896609306335449,0.012449660967998637,True,True,OK,metrics within configured thresholds
16.28,stroke_003,draw_line,0.5156247942691663,0.007578078619370519,0.202,0.5160480447180489,0.0068861157273589725,0.20200083991440912,0.5222149640682198,0.0077354313036446295,0.21414243497073793,-0.0004232504488825839,0.0006919628920115462,-8.399144091064681e-07,0.0008111438169994925,0.011448184959590435,0.10018231719732285,0.001888809259980917,-2.3013596534729004,-0.0002092215436277911,2.3753135204315186,0.75910884141922,0.024431996047496796,-0.03853733092546463,0.02041546255350113,-0.04262951388955116,0.001099681481719017,-0.033064741641283035,0.04718884453177452,0.2593110338135045,3.0359986544258364,0.1514307261229235,0.02,1.0,0.7713112895965577,1.5027590240991375,1.0,2.5708563327789307,1.6758937204382534,-1.5708563327789307,0.012142434970737902,True,True,OK,metrics within configured thresholds
16.3,stroke_003,draw_line,0.5153749555579259,0.008010811960936351,0.202,0.5157103550690726,0.007317598314129031,0.20200119460217042,0.5219632723211427,0.008172034019407675,0.21461921425666008,-0.00033539951114669453,0.0006932136468073202,-1.1946021704067888e-06,0.0007700905266731252,0.01190993096679449,0.09947746247053146,0.002271207282319665,-2.302213430404663,-0.0002507707104086876,2.375070571899414,0.7601012587547302,0.024793243035674095,-0.04741787910461426,0.020398607477545738,-0.04642263799905777,-2.051625051535666e-05,-0.07982657849788666,0.047111399471759796,0.25923528002522456,3.0366224121458285,0.15130925006829865,0.02,1.0,0.7704403465270997,1.5252077389593945,1.0,0.8088721036911011,1.9891306347574904,0.19112789630889893,0.012619214256660061,True,True,OK,metrics within configured thresholds
16.32,stroke_003,draw_line,0.5151249983539192,0.008443750537993816,0.202,0.5155256892342602,0.00775115118479194,0.20200105113897066,0.5217118204232225,0.008608832317126714,0.21411921425666008,-0.00040069088034100364,0.0006925993532018761,-1.0511389706424623e-06,0.0008001550790548299,0.01237267255783081,0.098884217441082,0.002653802279382944,-2.303105354309082,-0.00029650150099769235,2.37571120262146,0.761095404624939,0.024487975984811783,-0.03733088821172714,0.02055533602833748,-0.04247412830591202,0.0013072486035525799,-0.026293400675058365,0.04727279767394066,0.2591915918051989,3.036292650653691,0.15114000788772528,0.02,1.0,0.769586569595337,1.5056147630350214,1.0,2.252635955810547,1.5760401488842541,-1.2526359558105469,0.012119214256660061,True,True,OK,metrics within configured thresholds
16.34,stroke_003,draw_line,0.5148750016460808,0.00887675753769495,0.202,0.5152552808469625,0.008182873352021725,0.2020011010470486,0.5214600736767542,0.009045681415122929,0.21436451354829789,-0.00038027920088168354,0.0006938841856732256,-1.1010470485905977e-06,0.0007912576988915876,0.012834320776164532,0.09824701398611069,0.0030368289444595575,-2.3039391040802,-0.00033843860728666186,2.3757946491241455,0.7620879411697388,0.024687543511390686,-0.043430328369140625,0.020477134734392166,-0.04376160353422165,0.0005159851862117648,-0.06364696472883224,0.047182597219944,0.2591097999534429,3.0370544444001797,0.15102173619563444,0.02,1.0,0.768694645690918,1.5120916472317403,1.0,1.7684848308563232,1.8128486813084566,-0.7684848308563232,0.012364513548297859,True,True,OK,metrics within configured thresholds
16.36,stroke_003,draw_line,0.5146250444420741,0.009309696114752415,0.202,0.5149919403492942,0.008615279590676497,0.2020009352123827,0.5212084552390053,0.009482451587721603,0.21434680377614607,-0.00036689590722005505,0.0006944165240759179,-9.352123826744663e-07,0.0007853838489978693,0.013296900317072868,0.09759656339883804,0.0034208237193524837,-2.304812431335449,-0.00038074582698754966,2.3759877681732178,0.7630813717842102,0.024658501148223877,-0.04258997365832329,0.020548079162836075,-0.044112205505371094,0.0007554009207524359,-0.05095233768224716,0.04721087962388992,0.25905379757518626,3.037134023089375,0.15087731530145063,0.02,1.0,0.7678608959197999,1.5137898675435963,1.0,1.4897513389587402,1.7973213336502099,-0.48975133895874023,0.01234680377614604,True,True,OK,metrics within configured thresholds
16.38,stroke_003,draw_line,0.5143752057308337,0.009742429456318261,0.202,0.514770013162402,0.009047732039076183,0.20200097651436785,0.5209570159461033,0.00991900250685814,0.21419015723178159,-0.00039480743156827813,0.0006946974172420788,-9.765143678397425e-07,0.000799048411001903,0.013759237714111805,0.09698805212974548,0.0038049519062042236,-2.305671453475952,-0.00042355083860456944,2.376378059387207,0.7640753388404846,0.024587789550423622,-0.039888862520456314,0.02057763747870922,-0.04288129881024361,0.0010528925340622663,-0.0396110862493515,0.047267187386751175,0.2589907326713944,3.0373502610658023,0.15073289727733827,0.02,1.0,0.7669875686645509,1.5057704787642452,1.0,2.0376288890838623,1.6896718355081954,-1.0376288890838623,0.012190157231781575,True,True,OK,metrics within configured thresholds
16.4,stroke_003,draw_line,0.5141255644451077,0.010174820846862439,0.202,0.5144885308915546,0.009479577810186183,0.20200125116239936,0.520705669624647,0.010355195960431303,0.21437851488253862,-0.00036296644644684406,0.0006952430366762557,-1.2511623993516352e-06,0.0007842889051238839,0.014221714809536934,0.0963343158364296,0.004190131090581417,-2.3065197467803955,-0.0004634314391296357,2.376434564590454,0.7650680541992188,0.02474636770784855,-0.04327797889709473,0.0205246489495039,-0.04452076554298401,0.0004256418615113944,-0.0679013580083847,0.04718123748898506,0.25892043109020774,3.0378128860185347,0.15060386758798075,0.02,1.0,0.7661285465240479,1.5136654359457016,1.0,1.293103575706482,1.8114568042596788,-0.29310357570648193,0.012378514882538619,True,True,OK,metrics within configured thresholds
16.42,stroke_003,draw_line,0.513876199424,0.010606733733051557,0.202,0.5142821079449987,0.00991156345854047,0.20200105196053117,0.5204547348569509,0.010790895969857607,0.21411078966976807,-0.0004059085209987545,0.0006951702745110876,-1.051960531156526e-06,0.0008049997171454015,0.014683617278933525,0.09573855996131897,0.0045747593976557255,-2.307382345199585,-0.0005059409304521978,2.3769185543060303,0.766061544418335,0.02455083653330803,-0.03862069174647331,0.02060609869658947,-0.04230674356222153,0.0012256352929398417,-0.03646500036120415,0.04726725444197655,0.25886399822448686,3.0378662169272053,0.1504548098954978,0.02,1.0,0.7652802532196046,1.5012217035262163,1.0,2.286653995513916,1.63003317426606,-1.286653995513916,0.012110789669768052,True,True,OK,metrics within configured thresholds
16.44,stroke_003,draw_line,0.5136271893755122,0.01103803178862749,0.202,0.5139704132932996,0.010342265619984818,0.20200112950798896,0.5202039909924534,0.011225963249806665,0.21446153455415512,-0.00034322391778740524,0.0006957661686426714,-1.1295079889450665e-06,0.0007758185966818112,0.015145418234169483,0.09506234526634216,0.004960713442414999,-2.3082244396209717,-0.0005431360914371908,2.376807689666748,0.7670524716377258,0.024780534207820892,-0.04559618607163429,0.020529678091406822,-0.04488997906446457,0.00023328015231527388,-0.06721584498882294,0.04705614224076271,0.2587894582457281,3.038447353212638,0.150331101380268,0.02,1.0,0.7644176548004151,1.5170710763356652,1.0,1.131690263748169,1.8598504617028095,-0.13169026374816895,0.012461534554155097,True,True,OK,metrics within configured thresholds
16.46,stroke_003,draw_line,0.5133786128390867,0.011468578979286034,0.202,0.5137718981566749,0.01077407676790432,0.20200086938678696,0.5199539400477433,0.011660263968057697,0.21408348541097585,-0.00039328531758819896,0.0006945022113817138,-8.693867869502547e-07,0.0007981274450098347,0.015607411973178387,0.09446972608566284,0.005346117075532675,-2.3090946674346924,-0.0005853712209500372,2.3773515224456787,0.7680450081825256,0.02450679987668991,-0.03785412013530731,0.020623521879315376,-0.04173087328672409,0.001300246687605977,-0.032623156905174255,0.04719500243663788,0.2587395858017115,3.038301764970244,0.150171993706585,0.02,1.0,0.7635755603790284,1.5018116022915122,1.0,2.098250389099121,1.6049943924186854,-1.098250389099121,0.012083485410975842,True,True,OK,metrics within configured thresholds
16.48,stroke_003,draw_line,0.5131305481481482,0.011898239627555509,0.202,0.5134878407396641,0.011203595677463069,0.20200104414748532,0.519704208647936,0.01209365452781069,0.21434788824717188,-0.0003572925915159564,0.0006946439500924405,-1.0441474853073451e-06,0.0007811461473989283,0.016067927703261375,0.0938248485326767,0.005731877870857716,-2.3099215030670166,-0.0006221245275810361,2.377364158630371,0.7690333127975464,0.024663427844643593,-0.04374522343277931,0.020538857206702232,-0.043512873351573944,0.0005771737778559327,-0.06079789251089096,0.046956729143857956,0.2586618119597777,3.0389617985311297,0.15005074455409337,0.02,1.0,0.7627053325653077,1.5114946918595584,1.0,1.4852209091186523,1.777633991256838,-0.48522090911865234,0.01234788824717187,True,True,OK,metrics within configured thresholds
16.5,stroke_003,draw_line,0.5128830733926463,0.012326878477675506,0.202,0.5132508954455827,0.0116335035949929,0.20200092016370658,0.519455220181047,0.012526004849530516,0.2141990984049369,-0.00036782205293639514,0.0006933748826826059,-9.201637065636703e-07,0.0007848965774308796,0.016528552398085594,0.09320543706417084,0.0061175222508609295,-2.310779333114624,-0.0006611917051486671,2.377685308456421,0.7700218558311462,0.024536877870559692,-0.04026053100824356,0.020562205463647842,-0.04254275932908058,0.0009646758553571999,-0.0431484654545784,0.04697331413626671,0.25860756728566553,3.038974279866017,0.14990236003246968,0.02,1.0,0.7618784969329835,1.5067461920799925,1.0,1.6382356882095337,1.675289412508473,-0.6382356882095337,0.012199098404936881,True,True,OK,metrics within configured thresholds
16.52,stroke_003,draw_line,0.5126362663815979,0.012754360760475415,0.202,0.5130117072456066,0.012061684789798485,0.2020010772099644,0.519206866066589,0.012957174055504934,0.21418428144394297,-0.0003754408640087581,0.0006926759706769297,-1.0772099643951982e-06,0.0007878813382116479,0.01698748953640461,0.09259645640850067,0.006502519361674786,-2.3116118907928467,-0.0006988653913140297,2.37795090675354,0.7710072994232178,0.024500366300344467,-0.04040290415287018,0.020515911281108856,-0.04235933721065521,0.0008773005101829767,-0.04607028514146805,0.04684022068977356,0.25853900940745195,3.0393662475324583,0.14976856417942863,0.02,1.0,0.7610206668853761,1.504319096345984,1.0,1.8220685720443726,1.6623206090038443,-0.8220685720443726,0.012184281443942964,True,True,OK,metrics within configured thresholds
16.54,stroke_003,draw_line,0.5123902046056297,0.013180552258253101,0.202,0.5127449624238347,0.012488504743200905,0.20200106648302416,0.5189592358813209,0.013387029769976322,0.21427317675131174,-0.0003547578182050426,0.0006920475150521965,-1.0664830241424728e-06,0.0007776786033147388,0.01744535192847252,0.09196267277002335,0.006887377239763737,-2.3124475479125977,-0.000734651111997664,2.378077983856201,0.7719902396202087,0.02450103685259819,-0.04210275784134865,0.0204628873616457,-0.04294449836015701,0.000646450265776366,-0.0531352274119854,0.04668555036187172,0.2584741399504002,3.039692169722035,0.14963561207930823,0.02,1.0,0.7601881092071534,1.508599001357524,1.0,1.4645640850067139,1.718232396068029,-0.46456408500671387,0.01227317675131172,True,True,OK,metrics within configured thresholds
16.56,stroke_003,draw_line,0.5121449651995196,0.013605319369653746,0.202,0.5125152906660438,0.012914472672015573,0.2020012338169735,0.5187125203612107,0.013815438229835886,0.2141444070274149,-0.00037032546652426834,0.0006908466976381731,-1.2338169734782412e-06,0.0007838441382687698,0.017902055755257607,0.09135895222425461,0.007271348498761654,-2.313286066055298,-0.000772114668507129,2.3784077167510986,0.7729710936546326,0.02433590032160282,-0.03890121728181839,0.02048051357269287,-0.04198060557246208,0.0011659576557576656,-0.053234342485666275,0.046656787395477295,0.2584142024893047,3.039852238290923,0.149492847132747,0.02,1.0,0.7593524520874024,1.5031418346027963,1.0,1.6273384094238281,1.6294484871965689,-0.6273384094238281,0.012144407027414905,True,True,OK,metrics within configured thresholds
16.580000000000002,stroke_003,draw_line,0.5119006249047401,0.01402852917454812,0.202,0.5122779435999454,0.013338193177164087,0.20200120338523686,0.5184666511827393,0.01424226378529966,0.21414770020630405,-0.0003773186952052976,0.0006903359973840333,-1.2033852368475983e-06,0.0007867239891929472,0.018356285989284515,0.09075883775949478,0.007654197514057159,-2.3141050338745117,-0.0008078237879090011,2.378664970397949,0.7739496231079102,0.024303045123815536,-0.03996022418141365,0.020385773852467537,-0.04152360558509827,0.000895043252967298,-0.050537578761577606,0.046491943299770355,0.258346039572571,3.0402628924690407,0.149363001206247,0.02,1.0,0.7585139339447022,1.5009323015924732,1.0,1.9862620830535889,1.6287099599761095,-0.9862620830535889,0.012147700206304048,True,True,OK,metrics within configured thresholds
16.6,stroke_003,draw_line,0.511657260032,0.01445004949891154,0.202,0.5119859388495851,0.013760632827579089,0.20200099141355535,0.5182217394706153,0.014667376596507064,0.2143406920433411,-0.0003286788175851374,0.0006894166713324514,-9.914135553346082e-07,0.0007637578770403085,0.018810341134667397,0.09010768681764603,0.008037765510380268,-2.3149333000183105,-0.0008399738580919802,2.3786509037017822,0.7749239802360535,0.024329237639904022,-0.0433189831674099,0.02038493938744068,-0.04307294264435768,0.0007292196969501674,-0.059038762003183365,0.04626855626702309,0.2582817624327197,3.04058676046232,0.14923169714501938,0.02,1.0,0.7576949661254884,1.511879469903011,1.0,1.116592526435852,1.753853203053227,-0.11659252643585205,0.012340692043341098,True,True,OK,metrics within configured thresholds
16.62,stroke_003,draw_line,0.5114149464237866,0.01486974897970245,0.202,0.5117928709544987,0.014183297603985921,0.20200109008921324,0.5179780839749444,0.015090643233516086,0.21400984587188066,-0.00037792453071205934,0.0006864513757165285,-1.0900892132292839e-06,0.0007836093608626288,0.019263241440057755,0.08953923732042313,0.008419661782681942,-2.315765142440796,-0.0008775825845077634,2.3791699409484863,0.7758979201316833,0.024085773155093193,-0.036555033177137375,0.020349198952317238,-0.04013201594352722,0.001338353962637484,-0.03441132977604866,0.04633856937289238,0.25822720713601977,3.040582591102443,0.149080738619545,0.02,1.0,0.7568666999816895,1.4972110205288034,1.0,2.0405478477478027,1.5308119662371458,-1.0405478477478027,0.012009845871880635,True,True,OK,metrics within configured thresholds
16.64,stroke_003,draw_line,0.5111737594169083,0.01528749712974101,0.202,0.5115126530076186,0.014601497533483212,0.20200103915373563,0.5177353679717112,0.01551192460464241,0.2142824217463471,-0.00033889359071026526,0.000685999596257798,-1.0391537356158054e-06,0.0007651440333236905,0.019712813198566437,0.08891434967517853,0.008800674229860306,-2.316560745239258,-0.00090822484344244,2.3791630268096924,0.7768646478652954,0.024120498448610306,-0.04259048402309418,0.02025836706161499,-0.041796520352363586,0.0008761159842833877,-0.06173422187566757,0.045911021530628204,0.25815160980076324,3.0412302559466493,0.14896425877222536,0.02,1.0,0.7560348575592042,1.5073711840011408,1.0,1.3955110311508179,1.7092195247658757,-0.39551103115081787,0.012282421746347092,True,True,OK,metrics within configured thresholds
16.66,stroke_003,draw_line,0.510933773805037,0.015703164402587722,0.202,0.5112834223385316,0.015019922339244578,0.20200104622871784,0.5174940204088102,0.015931100835065937,0.2141219207380632,-0.00034964853349461755,0.0006832420633431438,-1.0462287178270024e-06,0.0007675121554026772,0.02016170136630535,0.08831942826509476,0.009180717170238495,-2.3173835277557373,-0.0009421132272109389,2.3794772624969482,0.7778303623199463,0.023973647505044937,-0.03879768028855324,0.02018902450799942,-0.04034411162137985,0.0010595624335110188,-0.045064590871334076,0.04590149223804474,0.25809857586315194,3.0412392436033766,0.14881958165854794,0.02,1.0,0.7552392547607423,1.5024201431701085,1.0,1.5907167196273804,1.5994215520006054,-0.5907167196273804,0.012121920738063188,True,True,OK,metrics within configured thresholds
16.68,stroke_003,draw_line,0.5106950638012498,0.01611662225742214,0.202,0.5110492070856216,0.015435280865704134,0.2020011155574923,0.5172539159844589,0.01634803374384315,0.21412152532509196,-0.00035414328437177733,0.0006813413917180055,-1.1155574922983025e-06,0.0007678833260348715,0.0206077229231596,0.08773407340049744,0.00955913681536913,-2.3181793689727783,-0.0009746302966959774,2.379718542098999,0.7787912487983704,0.02386944182217121,-0.03913499787449837,0.020119503140449524,-0.04019906371831894,0.0010308998171240091,-0.04941899701952934,0.04565482586622238,0.2580310303939217,3.0416439136887976,0.1486910339030134,0.02,1.0,0.7544164722442628,1.5006340303780528,1.0,1.7098814249038696,1.5963748606699766,-0.7098814249038696,0.012121525325091935,True,True,OK,metrics within configured thresholds
16.7,stroke_003,draw_line,0.5104577030005719,0.01652774322392157,0.202,0.5107944325339913,0.01584836460436664,0.2020010984605977,0.5170151537587079,0.016762598913829765,0.2141855689864218,-0.0003367295334193443,0.0006793786195549295,-1.098460597676043e-06,0.0007582501526546867,0.021051842719316483,0.0871308222413063,0.009936665184795856,-2.3189761638641357,-0.0010050314012914896,2.379854440689087,0.7797465920448303,0.0237848199903965,-0.040055692195892334,0.02005350962281227,-0.040834177285432816,0.0010836705332621932,-0.05439280718564987,0.04541679099202156,0.25796806312376747,3.0419598027896586,0.148562610227493,0.02,1.0,0.7536206310272218,1.5039146564294783,1.0,1.3714598417282104,1.6361021581518391,-0.37145984172821045,0.012185568986421792,True,True,OK,metrics within configured thresholds
16.72,stroke_003,draw_line,0.5102217643425185,0.016936400967139584,0.202,0.5105784036161202,0.016259966164180503,0.20200090452759872,0.5167778946248561,0.01717466937973924,0.21405043611173122,-0.0003566392736016333,0.0006764348029590812,-9.04527598710736e-07,0.0007646936852750705,0.02149360068142414,0.08656206727027893,0.010312256403267384,-2.319770097732544,-0.001037344103679061,2.380192279815674,0.7806991338729858,0.02361777052283287,-0.0376269556581974,0.019955959171056747,-0.03921729698777199,0.0011283060302957892,-0.04210797697305679,0.045272115617990494,0.25790894271492215,3.04214931094903,0.14842695256842456,0.02,1.0,0.7528238361358643,1.497455231012191,1.0,1.8789372444152832,1.5434773474035692,-0.8789372444152832,0.012050436111731212,True,True,OK,metrics within configured thresholds
16.740000000000002,stroke_003,draw_line,0.5099873200736376,0.017342470352384756,0.202,0.5103076426422534,0.016667771263941256,0.20200092204195863,0.5165420615006758,0.01758411570808683,0.21423117877584189,-0.0003203225686158051,0.0006746990884434999,-9.220419586175588e-07,0.000746877672763412,0.021932607516646385,0.0859527587890625,0.010686824098229408,-2.3205509185791016,-0.0010647663148120046,2.3802173137664795,0.7816442847251892,0.023558279499411583,-0.04116974025964737,0.019894355908036232,-0.04027292877435684,0.0011165693867951632,-0.05892769619822502,0.04489525035023689,0.2578419585425711,3.0425876178298394,0.14830493971587566,0.02,1.0,0.7520299022674561,1.505824537380037,1.0,1.252209186553955,1.6608883113576693,-0.2522091865539551,0.012231178775841865,True,True,OK,metrics within configured thresholds
16.76,stroke_003,draw_line,0.5097544417100516,0.01774582751009925,0.202,0.5101009798437929,0.017074898672072455,0.20200104847402917,0.5163079513676528,0.017990818509363148,0.21402024718964366,-0.00034653813374130316,0.000670928838026795,-1.0484740291527572e-06,0.000755139247510471,0.022369686514139175,0.08539457619190216,0.011059236712753773,-2.321340560913086,-0.001096600666642189,2.380600929260254,0.7825875878334045,0.02333097532391548,-0.03653865307569504,0.01980213075876236,-0.03856901451945305,0.0013373951660469174,-0.03894136846065521,0.04482142627239227,0.2577877405261307,3.042648038436968,0.14816476052618024,0.02,1.0,0.7512490814208985,1.4970858752117413,1.0,1.7430808544158936,1.5178506176763693,-0.7430808544158936,0.012020247189643651,True,True,OK,metrics within configured thresholds
16.78,stroke_003,draw_line,0.5095232,0.01814634990073762,0.202,0.509853368571854,0.01747781950358081,0.2020009596921475,0.5160753844995957,0.018394646740919122,0.21414266983233565,-0.00033016857185408366,0.000668530397156808,-9.596921475008013e-07,0.0007456172602426949,0.022803062573075294,0.08481509238481522,0.011429904028773308,-2.322101593017578,-0.001123578054830432,2.38071608543396,0.7835224270820618,0.023273780941963196,-0.03943038731813431,0.01966417022049427,-0.03904098644852638,0.001002603443339467,-0.05364331975579262,0.044401682913303375,0.25771902176895156,3.0431450919020935,0.14804644696804972,0.02,1.0,0.7504594390869141,1.5008765632962457,1.0,1.530860424041748,1.596681200535203,-0.530860424041748,0.012142669832335647,True,True,OK,metrics within configured thresholds
16.8,stroke_003,draw_line,0.509293664886382,0.0185439163796452,0.202,0.5096168664324017,0.017878744140308735,0.20200083938226793,0.5158446018332374,0.018795484419970237,0.21411212943217794,-0.0003232015460197246,0.0006651722393364659,-8.39382267914246e-07,0.0007395363763169602,0.023234238848090172,0.08423938602209091,0.011798805557191372,-2.3228745460510254,-0.0011514391517266631,2.380913257598877,0.7844527363777161,0.023099282756447792,-0.03837024047970772,0.019586728885769844,-0.0385143905878067,0.0012402344727888703,-0.049992967396974564,0.04418990761041641,0.2576623417973919,3.043319608180953,0.14791568027276092,0.02,1.0,0.749698406982422,1.5008649325690162,1.0,1.4205567836761475,1.5736439287624937,-0.42055678367614746,0.01211212943217792,True,True,OK,metrics within configured thresholds
16.82,stroke_003,draw_line,0.509065905469298,0.01893840726193689,0.202,0.5094013512041157,0.018276665053894088,0.20200099105309996,0.5156156348245136,0.019193207682587136,0.21403539912500347,-0.00033544573481769646,0.0006617422080428016,-9.91053099946848e-07,0.0007419080624302407,0.02366194687783718,0.08368921279907227,0.012165088206529617,-2.3236324787139893,-0.0011799755739048123,2.381197214126587,0.7853774428367615,0.022876646369695663,-0.036903541535139084,0.019490130245685577,-0.03758573904633522,0.0014579104026779532,-0.04490286856889725,0.043935514986515045,0.25760150176667396,3.04359584243457,0.14778804423783753,0.02,1.0,0.7489254539489747,1.4964774095364013,1.0,1.6977097988128662,1.5200634279822727,-0.6977097988128662,0.012035399125003465,True,True,OK,metrics within configured thresholds
16.84,stroke_003,draw_line,0.5088399899685926,0.01932970438737597,0.202,0.5091548148247885,0.01867079213002577,0.2020012078959024,0.5153884749614452,0.019587697763677546,0.21413273914729394,-0.0003148248561959388,0.0006589122573502013,-1.207895902383127e-06,0.0007302612628214935,0.024086246266961098,0.08311747759580612,0.012529551982879639,-2.32438063621521,-0.0012047302443534136,2.381300449371338,0.7862942814826965,0.022801775485277176,-0.03830890730023384,0.0193440280854702,-0.038091059774160385,0.0012641513021662831,-0.06655578315258026,0.04353401064872742,0.2575383496389156,3.0439768205466526,0.1476688038856004,0.02,1.0,0.7481675212860108,1.5006650136119826,1.0,1.2241398096084595,1.5822396577729805,-0.22413980960845947,0.012132739147293937,True,True,OK,metrics within configured thresholds
16.86,stroke_003,draw_line,0.5086159856863965,0.01971769118525245,0.202,0.5089607959890852,0.019062547737489728,0.20200117282992144,0.5151633214227243,0.019978840184269726,0.213947935059984,-0.0003448103026886251,0.0006551434477627231,-1.1728299214308624e-06,0.0007403434726643262,0.024507027119398117,0.08259101957082748,0.012890715152025223,-2.3251283168792725,-0.0012338253436610103,2.3816823959350586,0.787207841873169,0.022527093067765236,-0.03464274853467941,0.019215188920497894,-0.03650691732764244,0.0015742758987471461,-0.04811463505029678,0.043419256806373596,0.25748258584051187,3.0441400624440607,0.1475393469046098,0.02,1.0,0.7474193637847901,1.4914464859213563,1.0,1.9020603895187378,1.4569047109153983,-0.9020603895187378,0.011947935059983972,True,True,OK,metrics within configured thresholds
16.88,stroke_003,draw_line,0.5083939589696692,0.020102252739261885,0.202,0.5086949132649695,0.01944911326236983,0.2020010598513112,0.5149400380149739,0.02036651596229018,0.21418593075563971,-0.00030095429530030415,0.0006531394768920541,-1.059851311185911e-06,0.0007191423971782852,0.02492363750934601,0.08201217651367188,0.013250241056084633,-2.325856924057007,-0.0012550008250400424,2.381648540496826,0.7881107926368713,0.02248314954340458,-0.03977937251329422,0.01909014768898487,-0.03786484897136688,0.0011351356515660882,-0.062341537326574326,0.04285703971982002,0.25741591303483063,3.044645928732524,0.14742818167922472,0.02,1.0,0.7466716831207276,1.5019346403076712,1.0,1.2820165157318115,1.6127091984265671,-0.2820165157318115,0.012185930755639712,True,True,OK,metrics within configured thresholds
16.9,stroke_003,draw_line,0.5081739751727408,0.020483275852384002,0.202,0.5084859663240181,0.019834497610768297,0.20200099214871609,0.5147189861494953,0.02075061867288024,0.21401579586454136,-0.00031199115127733545,0.0006487782416157058,-9.921487160724496e-07,0.0007198976799715354,0.025338198989629745,0.08147379755973816,0.013607202097773552,-2.3266031742095947,-0.001281657605431974,2.381951332092285,0.7890111207962036,0.022219961509108543,-0.035651300102472305,0.018961844965815544,-0.0359967015683651,0.0014555711532011628,-0.04484909027814865,0.04276340827345848,0.25736632086152234,3.0446486677834885,0.14729319575213565,0.02,1.0,0.7459430759429933,1.4964890216416227,1.0,1.5109212398529053,1.4969667594834029,-0.5109212398529053,0.01201579586454135,True,True,OK,metrics within configured thresholds
16.92,stroke_003,draw_line,0.5079560986198542,0.020860649111761286,0.202,0.508270049987333,0.02021575021618981,0.20200120787851497,0.5145000100818852,0.02113102716697951,0.21402663492252863,-0.00031395136747880414,0.000644898895571476,-1.2078785149582938e-06,0.0007172597197819124,0.025748269632458687,0.08094616234302521,0.013961313292384148,-2.327315330505371,-0.0013054626761004329,2.3821561336517334,0.7899026870727539,0.02204601652920246,-0.035899244248867035,0.01881580241024494,-0.03590193763375282,0.001411273842677474,-0.05213633552193642,0.04233529046177864,0.25730264081918464,3.0450605366613477,0.14717705553809682,0.02,1.0,0.7451968257904054,1.4953004856006957,1.0,1.5308281183242798,1.5018508276127287,-0.5308281183242798,0.012026634922528628,True,True,OK,metrics within configured thresholds
16.94,stroke_003,draw_line,0.5077403925677086,0.021234262953577745,0.202,0.5080479830606051,0.02059323546323798,0.202001364818633,0.5142832097542129,0.02150763354752465,0.21404543195030773,-0.0003075904928964146,0.0006410274903397642,-1.3648186329984213e-06,0.0007110063413370212,0.02615455351769924,0.08041366934776306,0.01431273389607668,-2.328026533126831,-0.0013282052241265774,2.3823275566101074,0.7907865643501282,0.02186628431081772,-0.0354384109377861,0.01867426000535488,-0.035931628197431564,0.0015343873528763652,-0.06997225433588028,0.04195322096347809,0.2572449419321438,3.0453532193185593,0.14706071665712012,0.02,1.0,0.744484669494629,1.4957006458916628,1.0,1.2349333763122559,1.5119928793617716,-0.23493337631225586,0.012045431950307724,True,True,OK,metrics within configured thresholds
16.96,stroke_003,draw_line,0.507526919168,0.02160400972793752,0.202,0.5078618989708347,0.02096689048973196,0.20200094697615187,0.5140686808301879,0.02188032993656743,0.2139028808655798,-0.00033497980283470064,0.0006371192382055614,-9.469761518554609e-07,0.0007198147600338868,0.026555687189102173,0.0799165815114975,0.014659897424280643,-2.3287298679351807,-0.0013539408100768924,2.3826773166656494,0.791664719581604,0.021568071097135544,-0.033703986555337906,0.01850706711411476,-0.034373510628938675,0.0016140984371304512,-0.04056885838508606,0.04174327105283737,0.25718827181485665,3.0456094542611307,0.146942216283991,0.02,1.0,0.743773466873169,1.487454646387759,1.0,2.1680197715759277,1.415022053294441,-1.1680197715759277,0.011902880865579791,True,True,OK,metrics within configured thresholds
16.98,stroke_003,draw_line,0.507315739429965,0.021969783763743252,0.202,0.5075632611762463,0.02133476335880858,0.20200123634124412,0.5138563494073406,0.022249010264634692,0.21430295466646043,-0.0002475217462812873,0.0006350204049346726,-1.2363412441041e-06,0.0006815566433578397,0.02695421688258648,0.07932570576667786,0.015007010661065578,-2.3294248580932617,-0.0013670545304194093,2.382413864135742,0.7925288081169128,0.021604223176836967,-0.04095244035124779,0.018410904332995415,-0.036922454833984375,0.001203744555823505,-0.0749821662902832,0.040996335446834564,0.25712534355030364,3.0460818361640336,0.14683679075244835,0.02,1.0,0.7430701320648194,1.5085048416574067,1.0,0.5445622801780701,1.6785712546929614,0.45543771982192993,0.012302954666460421,True,True,OK,metrics within configured thresholds
17.0,stroke_003,draw_line,0.5071069131829221,0.022331481433575374,0.202,0.5074209729912998,0.021704552116177712,0.20200112009335144,0.513646735328415,0.022613577900762315,0.21380295466646043,-0.0003140598083777313,0.000626929317397662,-1.1200933514310396e-06,0.0007011955411011052,0.027350565418601036,0.07886034995317459,0.015349440276622772,-2.3301403522491455,-0.0013968913117423654,2.383021116256714,0.7933948636054993,0.021072467789053917,-0.0297921821475029,0.01829884946346283,-0.032544299960136414,0.0023796446621418,-0.034039031714200974,0.04112760350108147,0.25708597289154567,3.0458160489517603,0.1466926147666869,0.02,1.0,0.7423751419067384,1.4880293561728655,1.0,1.8817603588104248,1.2816681136127495,-0.8817603588104248,0.01180295466646042,True,True,OK,metrics within configured thresholds
17.02,stroke_003,draw_line,0.5069004990388148,0.02268900121857006,0.202,0.5071985989016661,0.022065754193516838,0.20200123777355178,0.5134392799999158,0.022973907096297822,0.2140280619631602,-0.000298099862851231,0.0006232470250532238,-1.2377735517654642e-06,0.0006908704035873746,0.027739278972148895,0.07835961878299713,0.015688259154558182,-2.330787181854248,-0.0014144248561933637,2.3830785751342773,0.7942450046539307,0.02103262208402157,-0.03562457859516144,0.018007252365350723,-0.03392941877245903,0.0014176735421642661,-0.05979762598872185,0.04035497456789017,0.2570123062357163,3.0466016581670683,0.14660180499287095,0.02,1.0,0.7416596477508546,1.493087022316628,1.0,1.6425120830535889,1.4917003994319358,-0.6425120830535889,0.012028061963160195,True,True,OK,metrics within configured thresholds
17.04,stroke_003,draw_line,0.5066965543547532,0.02304224377329832,0.202,0.5069588244559997,0.0224231238710454,0.20200114148037837,0.513234372013822,0.0233299159858343,0.21411104948848247,-0.00026227010124646455,0.000619119902252923,-1.1414803783582617e-06,0.0006723811139160245,0.028125159442424774,0.07782626152038574,0.016024723649024963,-2.3314688205718994,-0.0014316319720819592,2.3831064701080322,0.7950872778892517,0.02085614763200283,-0.036125168204307556,0.0178721584379673,-0.034404460340738297,0.0015124029014259577,-0.06397548317909241,0.03997590020298958,0.2569639530038037,3.04672284970329,0.14648733142034656,0.02,1.0,0.741012818145752,1.4999628925430757,1.0,0.9274260997772217,1.5444844886995144,0.07257390022277832,0.01211104948848246,True,True,OK,metrics within configured thresholds
17.06,stroke_003,draw_line,0.5064951351955568,0.023391111990644396,0.202,0.5068124645336121,0.02277899602013953,0.2020008992401992,0.5130321468269475,0.023681505466808625,0.2137893934326663,-0.0003173293380552833,0.0006121159705048639,-8.992401991925192e-07,0.0006894814564371195,0.028506634756922722,0.07738181948661804,0.016356224194169044,-2.3321354389190674,-0.001457992009818554,2.383605480194092,0.795926570892334,0.020351994782686234,-0.030147701501846313,0.017760632559657097,-0.03095824085175991,0.002305703004822135,-0.035286322236061096,0.03974545747041702,0.25691415671431855,3.0468125785653593,0.1463645483887745,0.02,1.0,0.7403311794281007,1.4840817708819831,1.0,2.1904022693634033,1.328514052576712,-1.1904022693634033,0.011789393432666296,True,True,OK,metrics within configured thresholds
17.080000000000002,stroke_003,draw_line,0.5062962962962964,0.02373551106668458,0.202,0.5065298303468083,0.023125265645818273,0.20200097180350937,0.5128322952082124,0.02402856902913033,0.2142462959709785,-0.0002335340505119632,0.0006102454208663059,-9.718035093586597e-07,0.0006534053648684558,0.028882117941975594,0.07683324068784714,0.016685951501131058,-2.332772970199585,-0.001466881250962615,2.3833274841308594,0.7967466711997986,0.020435843616724014,-0.03914020210504532,0.01753777451813221,-0.034426938742399216,0.0014446945860981941,-0.07314670085906982,0.03887176141142845,0.2568475689143461,3.047470887025512,0.14627540748977258,0.02,1.0,0.7396645610809327,1.5050928692250438,1.0,0.6536667943000793,1.6301749284520541,0.34633320569992065,0.012246295970978472,True,True,OK,metrics within configured thresholds
17.1,stroke_003,draw_line,0.5061000910248364,0.024075348565565886,0.202,0.5064020240967165,0.02347406827756218,0.20200079294413367,0.5126354269838168,0.024371034627840845,0.2137462959709785,-0.00030193307188008944,0.0006012802880037069,-7.92944133659601e-07,0.0006728314747372978,0.029255611822009087,0.0764034315943718,0.01701074093580246,-2.333441972732544,-0.0014945244183763862,2.3839306831359863,0.7975696325302124,0.01989743672311306,-0.028094029054045677,0.017360933125019073,-0.030319729819893837,0.002272233832627535,-0.024997524917125702,0.03908621147274971,0.25681202151670707,3.0471931849307863,0.14614039372590518,0.02,1.0,0.7390270298004151,1.484219771220323,1.0,1.9665203094482422,1.288397081498863,-0.9665203094482422,0.011746295970978472,True,True,OK,metrics within configured thresholds
17.12,stroke_003,draw_line,0.505906571344378,0.024410534484384436,0.202,0.5061630434231355,0.023812050508755424,0.20200066124562197,0.5124409841485131,0.024708783667237586,0.21409534285627158,-0.0002564720787574526,0.000598483975629012,-6.612456219523555e-07,0.0006511232091644786,0.029620608314871788,0.07590898871421814,0.017331769689917564,-2.3340470790863037,-0.0015059317229315639,2.3838274478912354,0.798372209072113,0.01984182745218277,-0.03602755442261696,0.017122656106948853,-0.03207375854253769,0.0017577407415956259,-0.06594351679086685,0.038072437047958374,0.2567413065227457,3.047977826741373,0.14605763571244015,0.02,1.0,0.7383580272674561,1.4964564034163352,1.0,1.2397356033325195,1.5257402112811458,-0.23973560333251953,0.01209534285627157,True,True,OK,metrics within configured thresholds
17.14,stroke_003,draw_line,0.505715787776,0.024740981318064386,0.202,0.5059752525400683,0.02414790907018591,0.20200112564909065,0.5122494739063301,0.025041753227423358,0.21394816990728804,-0.00025946476406824015,0.0005930722478784747,-1.125649090633063e-06,0.0006473468329129987,0.02998236194252968,0.07543940097093582,0.017648817971348763,-2.3346896171569824,-0.0015248670242726803,2.3840630054473877,0.7991712689399719,0.01953793317079544,-0.03176761046051979,0.016879495233297348,-0.030917270109057426,0.0016451876144856215,-0.047257065773010254,0.03793869540095329,0.2567012716328797,3.0479111843566287,0.1459399626492565,0.02,1.0,0.7377529209136964,1.492845679450907,1.0,1.2502973079681396,1.4256385984991264,-0.25029730796813965,0.011948169907288034,True,True,OK,metrics within configured thresholds
17.16,stroke_003,draw_line,0.5055277893612022,0.025066604124236547,0.202,0.5058090666418671,0.024479277928328394,0.2020010317731256,0.5120607508942955,0.025369847726174285,0.21385866561378697,-0.0002812772806648489,0.0005873261959081534,-1.0317731255760076e-06,0.0006512065982266592,0.03033810667693615,0.07500766217708588,0.017961183562874794,-2.335294723510742,-0.0015441011637449265,2.384347677230835,0.7999614477157593,0.01921577751636505,-0.030408360064029694,0.016668198630213737,-0.02964763157069683,0.0018191129202023149,-0.04326629638671875,0.037523407489061356,0.256645992752782,3.0482546086642732,0.14583787338413653,0.02,1.0,0.7371103828430177,1.4864518042605936,1.0,1.811087727546692,1.364269146813281,-0.8110877275466919,0.01185866561378696,True,True,OK,metrics within configured thresholds
17.18,stroke_003,draw_line,0.5053426236244475,0.025387320588116682,0.202,0.505575031251909,0.02480310231581941,0.20200099496437446,0.5118747875393387,0.025692983386285822,0.2140968899582225,-0.0002324076274614617,0.0005842182722972725,-9.949643744455727e-07,0.0006287489840487872,0.030688194558024406,0.07451951503753662,0.018270546570420265,-2.335894823074341,-0.0015541267348453403,2.3842616081237793,0.8007371425628662,0.019092779606580734,-0.03487220034003258,0.01650625467300415,-0.031073538586497307,0.001634024316444993,-0.06312169134616852,0.03675701841711998,0.2565913117560167,3.048656461187642,0.14574562119133602,0.02,1.0,0.7365052764892579,1.4977817637412971,1.0,0.9372895956039429,1.5206556500699748,0.06271040439605713,0.01209688995822249,True,True,OK,metrics within configured thresholds
17.2,stroke_003,draw_line,0.5051603365357037,0.025703051087384746,0.202,0.5054341837516421,0.02512637449046179,0.20200121443688696,0.5116919130160705,0.026011091029447472,0.2137928381223449,-0.000273847215938372,0.0005766765969229572,-1.2144368869426714e-06,0.0006383961700799846,0.03103480115532875,0.07410718500614166,0.018575042486190796,-2.3365042209625244,-0.0015760739333927631,2.38468861579895,0.8015109300613403,0.018671512603759766,-0.02770434506237507,0.01626035012304783,-0.028307875618338585,0.002157537965103984,-0.04615095257759094,0.03677681088447571,0.2565506821424625,3.0486142044103945,0.1456299315186575,0.02,1.0,0.7359051769256593,1.4845837276188805,1.0,1.6463176012039185,1.3164775310068637,-0.6463176012039185,0.01179283812234487,True,True,OK,metrics within configured thresholds
17.22,stroke_003,draw_line,0.5049809724729865,0.026013718757063025,0.202,0.5052339530711693,0.025440930906238328,0.20200105262818205,0.5115118098023173,0.026324075916423904,0.21396902761008738,-0.00025298059818279484,0.0005727878508246971,-1.0526281820355532e-06,0.0006261678793545624,0.03137363865971565,0.07366538792848587,0.018875213339924812,-2.3370697498321533,-0.0015876437537372112,2.3847200870513916,0.8022681474685669,0.018490822985768318,-0.03222319856286049,0.016051188111305237,-0.029124226421117783,0.001756739104166627,-0.056874215602874756,0.035918768495321274,0.25649038677584496,3.049188419054025,0.14554635148641779,0.02,1.0,0.7352957790374757,1.4898504167925617,1.0,1.5490858554840088,1.431921555575833,-0.5490858554840088,0.011969027610087354,True,True,OK,metrics within configured thresholds
17.240000000000002,stroke_003,draw_line,0.5048045741849011,0.026319249554395036,0.202,0.50502350861755,0.025751453795241415,0.20200125960976328,0.5113347706493695,0.026631878559711098,0.21403384937096295,-0.00021893443264886514,0.0005677957591536213,-1.2596097632711079e-06,0.0006085440793639137,0.03170914947986603,0.07320449501276016,0.01917247101664543,-2.3376553058624268,-0.0015986955258995295,2.3847343921661377,0.8030160665512085,0.018297314643859863,-0.0317445769906044,0.015860844403505325,-0.02956528775393963,0.0018025448080152273,-0.06837215274572372,0.03545159101486206,0.2564476841400947,3.0492870597578636,0.14544463436461977,0.02,1.0,0.7347302501678468,1.496165068613223,1.0,0.7306537628173828,1.4729290605436944,0.2693462371826172,0.012033849370962952,True,True,OK,metrics within configured thresholds
17.26,stroke_003,draw_line,0.5046311827531852,0.026619572323724066,0.202,0.5049251984168911,0.026060891378567073,0.20200116128613788,0.5111608891283382,0.026934423287132796,0.21364564676860104,-0.0002940156637059044,0.0005586809451569932,-1.1612861378629269e-06,0.0006313247639459652,0.03203919157385826,0.07285097986459732,0.01946328394114971,-2.3382205963134766,-0.0016229258617386222,2.385308265686035,0.80376136302948,0.01773444190621376,-0.02450290508568287,0.015604079701006413,-0.025461770594120026,0.002485353499650955,-0.04001186415553093,0.03541726619005203,0.2564040823604811,3.049367492066411,0.14533806824422899,0.02,1.0,0.7341446941375733,1.47539070978818,1.0,2.3756954669952393,1.2131327063394854,-1.3756954669952393,0.011645646768601015,True,True,OK,metrics within configured thresholds
17.28,stroke_003,draw_line,0.5044608375552507,0.02691461886137197,0.202,0.5046729441525346,0.02635766124564854,0.20200094982397618,0.5109897676614565,0.027231625330858288,0.21414564676860104,-0.0002121065972838787,0.0005569576157234309,-9.49823976165165e-07,0.0005959797785909017,0.03236088156700134,0.07238168269395828,0.01975119113922119,-2.338749408721924,-0.0016242091078311205,2.384996175765991,0.804482102394104,0.01775071956217289,-0.035308293998241425,0.015451271086931229,-0.02912236750125885,0.0018469239585101604,-0.07426948845386505,0.03415274620056152,0.2563413338111443,3.0501159276766097,0.14527204712577818,0.02,1.0,0.7335794036865235,1.4966721541899013,1.0,0.8953478336334229,1.6200296725689993,0.10465216636657715,0.012145646768601016,True,True,OK,metrics within configured thresholds
17.3,stroke_003,draw_line,0.5042935762267264,0.02720432398051754,0.202,0.5045139826186474,0.026655616449040888,0.2020010721808927,0.5108220731408042,0.027523449075065386,0.2138824391974147,-0.00022040639192100198,0.0005487075314766533,-1.0721808926805743e-06,0.0005913206256090713,0.032681599259376526,0.07196839898824692,0.020035216584801674,-2.3393285274505615,-0.0016408193623647094,2.3852717876434326,0.805203378200531,0.017381582409143448,-0.028049888089299202,0.015179472975432873,-0.0266770888119936,0.0019089053384959698,-0.0440654419362545,0.03422624617815018,0.2563136286095203,3.0498048405355282,0.14515438384344215,0.02,1.0,0.7330505912780763,1.4903757515002514,1.0,1.163963794708252,1.3663910289415475,-0.16396379470825195,0.011882439197414683,True,True,OK,metrics within configured thresholds
17.32,stroke_003,draw_line,0.504129434624,0.027488625576075478,0.202,0.5043813765681276,0.02694753170718485,0.20200084508410981,0.5106574793584429,0.02780980620675327,0.21377823368992094,-0.0002519419441276982,0.000541093868890629,-8.450841098017747e-07,0.0005968735480225489,0.03299412503838539,0.07160814106464386,0.020312801003456116,-2.339846611022949,-0.001657353830523789,2.3855769634246826,0.8059121370315552,0.016957245767116547,-0.0266409944742918,0.014883127994835377,-0.024988869205117226,0.0020673072431236506,-0.041648488491773605,0.03366110473871231,0.25626067513737255,3.050200260094528,0.14506617687674525,0.02,1.0,0.7324714725494386,1.4819088781105707,1.0,1.9042261838912964,1.2955414969598942,-0.9042261838912964,0.011778233689920922,True,True,OK,metrics within configured thresholds
17.34,stroke_003,draw_line,0.5039684467867606,0.027767464689574823,0.202,0.5041546874106659,0.027229690510765875,0.20200104324966578,0.5104959276231402,0.028090640329659463,0.2141013532185216,-0.000186240623905376,0.0005377741788089481,-1.0432496657664103e-06,0.0005691113474146929,0.033299826085567474,0.07116694003343582,0.02058698609471321,-2.340362310409546,-0.0016603585099801421,2.385376214981079,0.8066021800041199,0.016840774565935135,-0.03266828879714012,0.014738199301064014,-0.02725740149617195,0.002031458541750908,-0.06953665614128113,0.03268219158053398,0.2562109908979307,3.050626296298316,0.14499097096207222,0.02,1.0,0.7319533889770509,1.4976618925439096,1.0,0.6803474426269531,1.5085811373858848,0.3196525573730469,0.01210135321852161,True,True,OK,metrics within configured thresholds
17.36,stroke_003,draw_line,0.5038106449005407,0.028040785574037688,0.202,0.5040601691503858,0.027513228045722305,0.20200112101691825,0.5103378396435344,0.028365912891815077,0.21366806142418274,-0.0002495242498450345,0.0005275575283153824,-1.1210169182374052e-06,0.000583592797781033,0.033602580428123474,0.07083317637443542,0.020855361595749855,-2.3408937454223633,-0.001682418747805059,2.385908365249634,0.8072936534881592,0.01626143604516983,-0.02289353683590889,0.014464815147221088,-0.023546485230326653,0.002677345182746649,-0.036680422723293304,0.032764188945293427,0.25617988534021885,3.0504498198294434,0.1448829922593987,0.02,1.0,0.7314376895904542,1.4784787620172177,1.0,1.8680450916290283,1.2186993442202587,-0.8680450916290283,0.011668061424182712,True,True,OK,metrics within configured thresholds
17.38,stroke_003,draw_line,0.5036560592592593,0.02830853575885788,0.202,0.5038578927977189,0.02778434788654624,0.20200079018931916,0.5101827287837164,0.0286355437982167,0.21401208973406302,-0.00020183353845959484,0.0005241878723116385,-7.901893191442078e-07,0.0005617030595651794,0.03389522060751915,0.07043372839689255,0.021118851378560066,-2.341367483139038,-0.0016853706911206245,2.38576078414917,0.8079612255096436,0.016185801476240158,-0.030859434977173805,0.014190849848091602,-0.025363853201270103,0.001956057967618108,-0.06522049754858017,0.03161152824759483,0.25612093779266676,3.0511478951748767,0.1448203398264945,0.02,1.0,0.7309062545776368,1.4911804647689042,1.0,1.2351716756820679,1.4459703558133281,-0.23517167568206787,0.012012089734063008,True,True,OK,metrics within configured thresholds
17.400000000000002,stroke_003,draw_line,0.5035047182277629,0.028570666114679514,0.202,0.5036980966276055,0.02805320867919144,0.20200102435506356,0.5100310683758423,0.028899511394793433,0.21390402576271847,-0.00019337839984256977,0.0005174574354880751,-1.024355063550253e-06,0.00055241148826836,0.034184884279966354,0.07005225121974945,0.021378107368946075,-2.341879367828369,-0.0016969464486464858,2.385908365249634,0.8086244463920593,0.015841927379369736,-0.027277586981654167,0.013938991352915764,-0.02401450276374817,0.002148815430700779,-0.051676951348781586,0.03143242001533508,0.25609070528811984,3.0510340597040297,0.14472339009535354,0.02,1.0,0.730432516860962,1.4901839308530387,1.0,1.0803042650222778,1.372190817767387,-0.08030426502227783,0.011904025762718469,True,True,OK,metrics within configured thresholds
17.42,stroke_003,draw_line,0.5033566482043689,0.028827130918275847,0.202,0.5035807760353481,0.028317867350632506,0.2020011110714085,0.5098827271581631,0.029157756506225648,0.21375267553619745,-0.00022412783097924827,0.0005092635676433414,-1.1110714084883178e-06,0.0005564026423624905,0.034467849880456924,0.06972633302211761,0.021631354466080666,-2.342353343963623,-0.0017120022093877196,2.386212110519409,0.8092779517173767,0.015415315516293049,-0.02413165383040905,0.013620161451399326,-0.022446269169449806,0.00222992361523211,-0.04544707387685776,0.0310230515897274,0.25604701211426273,3.0512734847937053,0.14463887493642652,0.02,1.0,0.729920632171631,1.4812468811351365,1.0,1.716105341911316,1.2700305243065988,-0.7161053419113159,0.011752675536197434,True,True,OK,metrics within configured thresholds
17.44,stroke_003,draw_line,0.5032118735834075,0.029077887917427565,0.202,0.5033940209991368,0.02857229025688642,0.20200074030558676,0.5097375726115787,0.029410231085292747,0.2139898479124132,-0.0001821474157293057,0.0005055976605411461,-7.403055867494235e-07,0.0005374078743877003,0.03474222868680954,0.06934819370508194,0.021879632025957108,-2.342810869216919,-0.0017153768567368388,2.3861160278320312,0.809912919998169,0.015231341123580933,-0.029058681800961494,0.013424438424408436,-0.02375601790845394,0.002048287307843566,-0.06200827658176422,0.03003828413784504,0.25600049041118034,3.0516956959467394,0.14457172504523524,0.02,1.0,0.729446656036377,1.491283856477032,1.0,1.0563420057296753,1.4261567104682498,-0.05634200572967529,0.011989847912413186,True,True,OK,metrics within configured thresholds
17.46,stroke_003,draw_line,0.5030704167177638,0.02932289839580186,0.202,0.5032686152257477,0.02882521327687026,0.2020010909855957,0.5095959185326969,0.029656914623551245,0.21379777224337213,-0.00019819850798397098,0.0004976851189315984,-1.0909855956975356e-06,0.0005356998379900832,0.03501325100660324,0.06901556253433228,0.022123126313090324,-2.3432834148406982,-0.001729015726596117,2.386373519897461,0.8105441927909851,0.014831723645329475,-0.024235714226961136,0.013118562288582325,-0.02192247100174427,0.0020933332853019238,-0.043234933167696,0.02992590144276619,0.255969400770381,3.051643554029243,0.14448109482286595,0.02,1.0,0.7289891307830811,1.4845384069516667,1.0,1.4177024364471436,1.2967215638097487,-0.41770243644714355,0.011797772243372103,True,True,OK,metrics within configured thresholds
17.48,stroke_003,draw_line,0.5029322978814205,0.029562127237830627,0.202,0.5031236436612485,0.029069665613051774,0.20200119113321416,0.5094575524197166,0.029897755056512855,0.21386366065559137,-0.0001913457798280449,0.0004924616247788532,-1.1911332141456565e-06,0.000528330463002243,0.035275548696517944,0.06868360936641693,0.02236054837703705,-2.343719720840454,-0.0017371749272570014,2.3864586353302,0.8111594915390015,0.014516405761241913,-0.025519246235489845,0.012844485230743885,-0.02186497300863266,0.002071000635623932,-0.0547773577272892,0.029146265238523483,0.25592454999791947,3.052010974961276,0.1444110333389769,0.02,1.0,0.7285165851593018,1.4856079944334386,1.0,1.337263822555542,1.3390648692328369,-0.337263822555542,0.011863660655591366,True,True,OK,metrics within configured thresholds
17.5,stroke_003,draw_line,0.502797535232,0.029795542993589583,0.202,0.5029803559698396,0.0293087003059188,0.20200129475762343,0.5093225843184259,0.030132731810519234,0.21386508414760608,-0.00018282073783959518,0.00048684268767078265,-1.2947576234212388e-06,0.0005200393265129365,0.03553195670247078,0.06835184246301651,0.022593075409531593,-2.3441579341888428,-0.001745337387546897,2.38655686378479,0.8117638826370239,0.014207303524017334,-0.025064051151275635,0.012586500495672226,-0.021270640194416046,0.002131597837433219,-0.056906379759311676,0.028644241392612457,0.2558884897787966,3.0521719026423164,0.14433632499422225,0.02,1.0,0.728080279159546,1.4860778868157292,1.0,1.254880428314209,1.3384345028957836,-0.254880428314209,0.011865084147606057,True,True,OK,metrics within configured thresholds
17.52,stroke_003,draw_line,0.5026661447733065,0.03002311794367642,0.202,0.5028511138103856,0.029542640551409708,0.20200086741851303,0.5091910368186006,0.030361815675889383,0.2138233825924883,-0.00018496903707909684,0.00048047739226671216,-8.67418513017526e-07,0.000514852232754472,0.035782355815172195,0.06803910434246063,0.022820360958576202,-2.344583034515381,-0.0017549142939969897,2.386704206466675,0.8123586177825928,0.013822006061673164,-0.02413051202893257,0.012357795611023903,-0.02028253860771656,0.002473205327987671,-0.04861578717827797,0.028209609910845757,0.25585168216686494,3.052349143029239,0.14426195855426588,0.02,1.0,0.7276420658111573,1.4840601892961538,1.0,1.469605803489685,1.3091905767922325,-0.46960580348968506,0.011823382592488274,True,True,OK,metrics within configured thresholds
17.54,stroke_003,draw_line,0.5025381403178686,0.030244828164090073,0.202,0.5026995762675117,0.02976974954618635,0.2020011469220176,0.5090628809010114,0.030584979855824906,0.2139101579378474,-0.00016143594964312946,0.00047507861790372155,-1.1469220175808204e-06,0.0005017594786913384,0.036026403307914734,0.06771237403154373,0.023043036460876465,-2.344996213912964,-0.0017596700927242637,2.3867104053497314,0.8129390478134155,0.013617767952382565,-0.025171594694256783,0.012103039771318436,-0.020342979580163956,0.0023419782519340515,-0.0649709552526474,0.027463480830192566,0.25581419889542817,3.0525831970097497,0.14419335154179497,0.02,1.0,0.7272169654846192,1.4886328576581946,1.0,1.0043975114822388,1.365335906136341,-0.0043975114822387695,0.011910157937847391,True,True,OK,metrics within configured thresholds
17.56,stroke_003,draw_line,0.5024135334494815,0.03046065359110867,0.202,0.5026031755649923,0.02999448722002446,0.20200100054654083,0.5089382308990196,0.03080220829225625,0.21372233833293006,-0.00018964211551086851,0.000466166371084209,-1.0005465408136072e-06,0.0005032655547508079,0.036265768110752106,0.06743764877319336,0.02326022833585739,-2.3454012870788574,-0.0017726640217006207,2.386995792388916,0.8135136961936951,0.013188025914132595,-0.02136324904859066,0.011768467724323273,-0.018618088215589523,0.002121126977726817,-0.040005285292863846,0.027260994538664818,0.25578261791044976,3.052648601166192,0.14411768552818466,0.02,1.0,0.7268037860870362,1.4797435381724096,1.0,1.7637722492218018,1.2390074680074052,-0.7637722492218018,0.01172233833293004,True,True,OK,metrics within configured thresholds
17.580000000000002,stroke_003,draw_line,0.5022923334857491,0.030670578086168587,0.202,0.5024294115416686,0.030208445324163946,0.20200111714622745,0.5088168887771721,0.031013470931976154,0.21400079856905763,-0.00013707805591955946,0.00046213276200464046,-1.1171462274417454e-06,0.0004820356119089305,0.03649653494358063,0.06710624694824219,0.02347259782254696,-2.345783233642578,-0.0017714350251480937,2.386824607849121,0.8140667080879211,0.013010170310735703,-0.026227369904518127,0.011629384942352772,-0.02067098766565323,0.00241890293546021,-0.06727967411279678,0.02618926763534546,0.25574145910869567,3.0530449442112912,0.14406162966514655,0.02,1.0,0.7263987129211427,1.4924386499294624,1.0,0.6687480807304382,1.422675141432444,0.33125191926956177,0.012000798569057627,True,True,OK,metrics within configured thresholds
17.6,stroke_003,draw_line,0.5021745474406267,0.03087458950074323,0.202,0.5023728848072239,0.030424580709980952,0.20200096576149731,0.5086991850544799,0.031218775351873885,0.2136060984668804,-0.0001983373665971344,0.00045000879076227684,-9.657614973013207e-07,0.0004917789701149109,0.0367252491414547,0.0668715238571167,0.023679586127400398,-2.346177816390991,-0.00178964261431247,2.3873016834259033,0.814621090888977,0.012475584633648396,-0.018398426473140717,0.01123502291738987,-0.016593744978308678,0.002378386678174138,-0.03121022880077362,0.0263813566416502,0.2557185101282783,3.0528974835997174,0.14398000135068867,0.02,1.0,0.726016766357422,1.4742494840719893,1.0,2.1309614181518555,1.158800670186742,-1.1309614181518555,0.01160609846688038,True,True,OK,metrics within configured thresholds
17.62,stroke_003,draw_line,0.502060179986963,0.03107267974122113,0.202,0.5021704852963093,0.030625625008872157,0.2020011072699628,0.5085846682310796,0.03141808124507222,0.2141060984668804,-0.00011030530934630356,0.00044705473234897194,-1.1072699627745486e-06,0.00046046326784268595,0.036943353712558746,0.06653031706809998,0.023882020264863968,-2.346527576446533,-0.001780967810191214,2.3869171142578125,0.8151446580886841,0.012464720755815506,-0.028837287798523903,0.011149311438202858,-0.01946951448917389,0.0022722319699823856,-0.07026176899671555,0.024732543155550957,0.255671238852247,3.0535205072366276,0.14393855890837462,0.02,1.0,0.7256221836090089,1.496761533613661,1.0,0.604607880115509,1.4990569319745317,0.39539211988449097,0.01210609846688038,True,True,OK,metrics within configured thresholds
17.64,stroke_003,draw_line,0.5019492334190422,0.031264844833785235,0.202,0.502111688225485,0.03083116344547385,0.20200074250381236,0.5084739387026733,0.03161142161092058,0.21365169250420668,-0.0001624548064428355,0.0004336813883113848,-7.425038123509697e-07,0.0004631108528376123,0.037161584943532944,0.06629534810781479,0.02407931536436081,-2.346918821334839,-0.0017991107888519764,2.387373924255371,0.8156735897064209,0.01186467707157135,-0.017793379724025726,0.010719633661210537,-0.01606074720621109,0.0022876132279634476,-0.030557578429579735,0.025113096460700035,0.25565815313437895,3.0531185060544965,0.1438486896616862,0.02,1.0,0.7252724235534669,1.479533180453922,1.0,1.5212730169296265,1.1859997638238737,-0.5212730169296265,0.011651692504206664,True,True,OK,metrics within configured thresholds
17.66,stroke_003,draw_line,0.5018417076151269,0.03145108498929115,0.202,0.5019928054090254,0.031023135956058847,0.20200107994161207,0.5083664341551821,0.03179875514549322,0.21382983437990408,-0.00015109779389843592,0.0004279490332323062,-1.07994161205327e-06,0.0004538414752304214,0.03736661747097969,0.06604228913784027,0.024268491193652153,-2.3472375869750977,-0.0018026336329057813,2.387376308441162,0.816178023815155,0.011541481129825115,-0.02206246182322502,0.010373514145612717,-0.016358759254217148,0.0023732571862637997,-0.059929851442575455,0.023834237828850746,0.25561194957529254,3.05371628095704,0.14380659670259213,0.02,1.0,0.7248811786651612,1.4831461340446048,1.0,1.432264804840088,1.303345402410887,-0.4322648048400879,0.011829834379904062,True,True,OK,metrics within configured thresholds
17.68,stroke_003,draw_line,0.5017376,0.031631404668145874,0.202,0.5018602595369859,0.031207423374431626,0.20200107958104552,0.5082624068122589,0.03198011721857148,0.21389995633653222,-0.00012265953698586962,0.0004239812937142477,-1.0795810455044297e-06,0.00044136908016809346,0.03756449744105339,0.06576533615589142,0.024451911449432373,-2.347580671310425,-0.0018055003602057695,2.387347936630249,0.8166707158088684,0.0112244738265872,-0.022554926574230194,0.010124932043254375,-0.016385246068239212,0.002522139111533761,-0.063382588326931,0.02324468269944191,0.2555873267157391,3.0537677082361063,0.1437478438335284,0.02,1.0,0.7245624130249024,1.4885504280881652,1.0,0.9300562739372253,1.3484671932611074,0.06994372606277466,0.01189995633653222,True,True,OK,metrics within configured thresholds
17.7,stroke_003,draw_line,0.5016369055075068,0.03180581264518645,0.202,0.5017940221768578,0.03138987335186015,0.20200128694857233,0.5081619196763988,0.03215552390249338,0.21368170476748768,-0.00015711666935092072,0.00041593929332629787,-1.2869485723210339e-06,0.00044462658462729644,0.03775722533464432,0.06555172801017761,0.024629509076476097,-2.3479111194610596,-0.0018178392201662064,2.387648105621338,0.8171587586402893,0.010769996792078018,-0.017749648541212082,0.009720265865325928,-0.014791807159781456,0.0021057818084955215,-0.043469272553920746,0.023184210062026978,0.25556200393318806,3.0537861420542396,0.14368264199541805,0.02,1.0,0.7242193286895753,1.4780207820071047,1.0,1.6602836847305298,1.2020233714977486,-0.6602836847305298,0.011681704767487665,True,True,OK,metrics within configured thresholds
17.72,stroke_003,draw_line,0.5015396165430976,0.03197432207455882,0.202,0.5016564000525316,0.0315604135501202,0.20200092757287783,0.508064713032779,0.03232497228172731,0.21392482833330279,-0.00011678350943400417,0.0004139085244386151,-9.275728778124215e-07,0.00043006919800203945,0.037939704954624176,0.06528960913419724,0.024801215156912804,-2.3482139110565186,-0.0018162045162171125,2.387516736984253,0.8176266551017761,0.010540012270212173,-0.02293618954718113,0.009607544168829918,-0.015487352386116982,0.00263571017421782,-0.06425318866968155,0.022066140547394753,0.25552591796975255,3.0541915798597055,0.14364144703892706,0.02,1.0,0.7238888805389405,1.4878832524188645,1.0,1.0801903009414673,1.362414481129222,-0.08019030094146729,0.01192482833330278,True,True,OK,metrics within configured thresholds
17.740000000000002,stroke_003,draw_line,0.5014457229463704,0.032136950554595894,0.202,0.5015687086229533,0.03173029117371035,0.20200107944172846,0.5079710763416683,0.032488504308953614,0.21377850609083066,-0.0001229856765829762,0.00040665938088554204,-1.0794417284465396e-06,0.0004248511432269306,0.0381198450922966,0.06506295502185822,0.024968871846795082,-2.3485331535339355,-0.001824327278882265,2.387680768966675,0.8180909156799316,0.010205228812992573,-0.01869019865989685,0.009249732829630375,-0.014208114705979824,0.0021903621964156628,-0.051667239516973495,0.022010348737239838,0.2555070865713885,3.0540859557713853,0.1435767569480986,0.02,1.0,0.7235860889434815,1.4837780647420344,1.0,1.1738876104354858,1.263636018063508,-0.17388761043548584,0.011778506090830653,True,True,OK,metrics within configured thresholds
17.76,stroke_003,draw_line,0.501355211953612,0.032293720192696926,0.202,0.5014922143798408,0.031893454237067936,0.20200112147545307,0.5078808099486514,0.032646121448113165,0.21373301374535372,-0.0001370024262288272,0.0004002659556289895,-1.121475453058629e-06,0.0004230647205042808,0.03829212486743927,0.06486257165670395,0.025130214169621468,-2.34881854057312,-0.0018319763476029038,2.38784122467041,0.818543553352356,0.00982835702598095,-0.017724033445119858,0.008931431919336319,-0.013664784841239452,0.0022067842073738575,-0.051694273948669434,0.021452296525239944,0.25547672321261217,3.0543282879427602,0.14352862966440258,0.02,1.0,0.7232668464660645,1.4794425012463963,1.0,1.5329248905181885,1.2322240753937002,-0.5329248905181885,0.011733013745353698,True,True,OK,metrics within configured thresholds
17.78,stroke_003,draw_line,0.5012680681603414,0.03244465767020581,0.202,0.5013719216556274,0.03204810923653864,0.20200099172393468,0.5077938671785226,0.032797854134332935,0.21389324395881887,-0.00010385349528596599,0.0003965484336671682,-9.91723934667954e-07,0.00040992339801889727,0.038456786423921585,0.06462723761796951,0.025286586955189705,-2.3490962982177734,-0.001831175060942769,2.387752056121826,0.8189794421195984,0.009601371362805367,-0.02107015810906887,0.008799780160188675,-0.013607862405478954,0.0025136256590485573,-0.06198851391673088,0.020551754161715508,0.2554489146285529,3.054563266890663,0.14348641618042485,0.02,1.0,0.72298145942688,1.48697836865541,1.0,1.133547067642212,1.3374693606872712,-0.13354706764221191,0.011893243958818866,True,True,OK,metrics within configured thresholds
17.8,stroke_003,draw_line,0.5011842734838519,0.03258979430728956,0.202,0.5012896634179894,0.0322007770141824,0.20200101592146966,0.5077104187132733,0.03294374472584318,0.21378804743087707,-0.00010538993413755637,0.000389017293107162,-1.015921469643688e-06,0.00040304159171278406,0.038618288934230804,0.06442210078239441,0.025438610464334488,-2.349379777908325,-0.0018378666136413813,2.387875556945801,0.8194098472595215,0.0092404093593359,-0.017971348017454147,0.008496842347085476,-0.012671340256929398,0.0023228751961141825,-0.04768422991037369,0.02039361372590065,0.2554305712966027,3.054502901385803,0.14342923328113774,0.02,1.0,0.7227037017822266,1.4843732293531777,1.0,1.1888539791107178,1.2660965581215005,-0.18885397911071777,0.01178804743087706,True,True,OK,metrics within configured thresholds
17.82,stroke_003,draw_line,0.5011038071257528,0.03272916612781715,0.202,0.5012180188137821,0.032347639658693805,0.20200095782885882,0.5076303043490875,0.03308381430115109,0.2137491685084847,-0.00011421168802938642,0.0003815264691233444,-9.578288588107942e-07,0.00039825578936202667,0.038772642612457275,0.06423967331647873,0.025584639981389046,-2.3496358394622803,-0.001844168291427195,2.3880045413970947,0.8198279142379761,0.008865619078278542,-0.017237814143300056,0.008190062828361988,-0.011848440393805504,0.002359072444960475,-0.04688160493969917,0.01981479674577713,0.25540416821153006,3.0546950003386715,0.1433849416031397,0.02,1.0,0.7224202220916749,1.4812015768664288,1.0,1.491373896598816,1.2390616554677265,-0.4913738965988159,0.011749168508484672,True,True,OK,metrics within configured thresholds
17.84,stroke_003,draw_line,0.5010266455345124,0.032862813924238315,0.202,0.5011109321980421,0.03248597752754694,0.20200098431643088,0.5075534712758367,0.0332181042019411,0.21388392403165754,-8.428666352977565e-05,0.00037683639669137264,-9.843164308631636e-07,0.00038614878013423174,0.03891943395137787,0.06403041630983353,0.025725368410348892,-2.3498828411102295,-0.0018436219543218613,2.3879261016845703,0.8202301859855652,0.008636768907308578,-0.01946873590350151,0.007993663661181927,-0.01224820502102375,0.00243909889832139,-0.05842557176947594,0.018945729359984398,0.25537974570516303,3.0548883878876176,0.1433460937968663,0.02,1.0,0.7221641605377198,1.487852753033815,1.0,0.960206151008606,1.3273709398636078,0.03979384899139404,0.01188392403165754,True,True,OK,metrics within configured thresholds
17.86,stroke_003,draw_line,0.500952762368,0.03299078332246186,0.202,0.5010628423794349,0.03262322899823541,0.20200091124587155,0.5074800481270388,0.03334667166223349,0.21369255456035502,-0.00011008001143486545,0.00036755432422645035,-9.112458715376803e-07,0.00038368557510558185,0.03906277194619179,0.06387238949537277,0.025861121714115143,-2.350130558013916,-0.001853358349762857,2.388162612915039,0.8206282258033752,0.008242495357990265,-0.015064176172018051,0.007610744796693325,-0.011082573793828487,0.002053322270512581,-0.03691881150007248,0.018937792629003525,0.2553632720097114,3.05483678457269,0.14329517379476506,0.02,1.0,0.7219171588897706,1.4794252050964745,1.0,1.5200108289718628,1.1988632637643573,-0.5200108289718628,0.011692554560355015,True,True,OK,metrics within configured thresholds
17.88,stroke_003,draw_line,0.5008821284560281,0.03311312484673466,0.202,0.5009652866618051,0.03275021569692276,0.20200093080074852,0.5074097822163371,0.03346954921654121,0.21386333588647008,-8.315820577697863e-05,0.00036290914981190053,-9.308007485053782e-07,0.0003723160009928075,0.03919694572687149,0.06368523091077805,0.025990983471274376,-2.350348472595215,-0.001852304907515645,2.388078451156616,0.8210070729255676,0.007983852177858353,-0.018559643998742104,0.007435673847794533,-0.010955508798360825,0.0024999629240483046,-0.05947856977581978,0.01780371181666851,0.2553356547217311,3.0551565137708794,0.14326495244913282,0.02,1.0,0.7216694419860841,1.4860103364947188,1.0,1.1222121715545654,1.311264911586984,-0.12221217155456543,0.011863335886470065,True,True,OK,metrics within configured thresholds
17.900000000000002,stroke_003,draw_line,0.5008147117628947,0.03322989398451995,0.202,0.5009011364636956,0.03287435894295459,0.20200093809959743,0.5073428526085669,0.03358681136999765,0.21376579887312108,-8.642470080089115e-05,0.00035553504156535937,-9.380995974195283e-07,0.0003658897029437424,0.03932692110538483,0.06352151930332184,0.02611584961414337,-2.3505780696868896,-0.0018582117045298219,2.388192653656006,0.8213791251182556,0.007628432009369135,-0.015929216518998146,0.007099336013197899,-0.009871120564639568,0.002265715040266514,-0.04854002222418785,0.0176354069262743,0.25532171684328847,3.0550931229254275,0.14321915478791217,0.02,1.0,0.7214515274047852,1.4832228036122042,1.0,1.2740556001663208,1.2450964525756376,-0.2740556001663208,0.011765798873121076,True,True,OK,metrics within configured thresholds
17.92,stroke_003,draw_line,0.500750477349926,0.0333411512513762,0.202,0.50083308167726,0.03299164108811358,0.20200083071191313,0.5072791029957604,0.03369850813654568,0.21378278905068582,-8.26043273340904e-05,0.000349510163262616,-8.307119131190088e-07,0.0003591399715994596,0.03944952040910721,0.0633661225438118,0.026234934106469154,-2.350783348083496,-0.0018616170855239034,2.388240337371826,0.8217378854751587,0.00729955593124032,-0.016037477180361748,0.006815706845372915,-0.009611031040549278,0.0022602789103984833,-0.05051031336188316,0.016973452642560005,0.2552997605752388,3.055266045756036,0.1431841782344862,0.02,1.0,0.7212219303131104,1.4833492117345761,1.0,1.2870142459869385,1.2552321542323768,-0.2870142459869385,0.011782789050685812,True,True,OK,metrics within configured thresholds
17.94,stroke_003,draw_line,0.5006893873380179,0.03344696225583574,0.202,0.5007633040735644,0.03310276435540666,0.20200101219273833,0.5072185237039121,0.03380471099813543,0.21380133914006139,-7.391673554646427e-05,0.000344197900429076,-1.0121927383199836e-06,0.000352046734096156,0.039565496146678925,0.06321080774068832,0.026348574087023735,-2.3509838581085205,-0.0018642902141436934,2.388268232345581,0.8220856785774231,0.006984742823988199,-0.016062181442975998,0.006561980117112398,-0.009191755205392838,0.0023317132145166397,-0.05190816521644592,0.016448015347123146,0.25528203162895063,3.055356824045778,0.14314929267473417,0.02,1.0,0.721016651916504,1.4843333867877402,1.0,1.2103071212768555,1.2663558863464734,-0.21030712127685547,0.011801339140061382,True,True,OK,metrics within configured thresholds
17.96,stroke_003,draw_line,0.5006314008701795,0.03354739776428342,0.202,0.500704406489664,0.033209124620453764,0.20200110138224658,0.5071610930777966,0.033905494045249424,0.21377364071012986,-7.300561948442308e-05,0.00033827314382965656,-1.101382246571081e-06,0.0003460632216164511,0.0396760031580925,0.06307016313076019,0.026457255706191063,-2.3511745929718018,-0.00186809035949409,2.3883349895477295,0.8224236965179443,0.0066758375614881516,-0.014973485842347145,0.006278804037719965,-0.008651950396597385,0.0021950926166027784,-0.05025757849216461,0.016002343967556953,0.25526538483151623,3.055423911584078,0.14311405545496633,0.02,1.0,0.7208161418914796,1.4833754021024945,1.0,1.238091230392456,1.246738818572107,-0.23809123039245605,0.011773640710129837,True,True,OK,metrics within configured thresholds
17.98,stroke_003,draw_line,0.500576474074074,0.03364253376583502,0.202,0.5006481168464917,0.033310015883776356,0.20200116515120012,0.5071067357831982,0.03400093129825869,0.2137708067114745,-7.164277241766825e-05,0.0003325178820586666,-1.1651512001054076e-06,0.00034015024078455424,0.03978010267019272,0.0629379153251648,0.026560643687844276,-2.3513526916503906,-0.0018713298486545682,2.3883907794952393,0.8227508664131165,0.006362069398164749,-0.014266906306147575,0.006027393974363804,-0.00833852868527174,0.0024003630969673395,-0.05772218853235245,0.015477918088436127,0.2552481404890015,3.055534193039099,0.1430831110697509,0.02,1.0,0.7206254070281983,1.4827824972584454,1.0,1.1873141527175903,1.2437121627092291,-0.18731415271759033,0.011770806711474485,True,True,OK,metrics within configured thresholds
18.0,stroke_003,draw_line,0.5005245600245621,0.03373245153721634,0.202,0.5006009791961274,0.03340569285464573,0.2020011426192577,0.5070554064595622,0.034091105222124066,0.2137427655662434,-7.641917156531175e-05,0.0003267586825706076,-1.1426192576824423e-06,0.0003355777584953682,0.03987826034426689,0.06281780451536179,0.026658840477466583,-2.3515212535858154,-0.0018754032207652926,2.388476848602295,0.8230685591697693,0.006081926636397839,-0.01364975981414318,0.005725684110075235,-0.007588400039821863,0.002106365282088518,-0.05605688691139221,0.015039563179016113,0.2552322470296606,3.0556303243648912,0.14305388092341928,0.02,1.0,0.7204473083496095,1.4806272139659544,1.0,1.4276330471038818,1.2239728592121555,-0.42763304710388184,0.01174276556624336,True,True,OK,metrics within configured thresholds
18.02,stroke_003,draw_line,0.5004756087062435,0.0338172377076416,0.202,0.5005266310843365,0.033494321234349554,0.20200089160693954,0.507007030273544,0.03417610295722168,0.21385175394236136,-5.102237809295751e-05,0.0003229164732920439,-8.916069395292769e-07,0.0003269237323177481,0.039969950914382935,0.06267864257097244,0.026752391830086708,-2.3516805171966553,-0.0018741564126685262,2.388399124145508,0.823372483253479,0.005812879651784897,-0.015582461841404438,0.005629288963973522,-0.0076719424687325954,0.002549096243456006,-0.05697271600365639,0.014267891645431519,0.2552160007837824,3.055760250146741,0.14302826723962894,0.02,1.0,0.7202787464141847,1.486228173038134,1.0,1.0667386054992676,1.2952539249742596,-0.06673860549926758,0.011851753942361336,True,True,OK,metrics within configured thresholds
18.04,stroke_003,draw_line,0.500429566976,0.03389698432369179,0.202,0.5004916601051853,0.03358182989330904,0.2020012184287966,0.5069616746005979,0.03425602476463092,0.21373329031457908,-6.209312918525889e-05,0.0003151544303827483,-1.218428796578852e-06,0.000321215435884741,0.04005885124206543,0.0625724345445633,0.02684199996292591,-2.3518404960632324,-0.0018799350364133716,2.388530731201172,0.8236716985702515,0.005569173023104668,-0.012263922952115536,0.005250321235507727,-0.00665954127907753,0.0020332904532551765,-0.05782463401556015,0.014228567481040955,0.2552062264211119,3.055696900631283,0.14299362940190197,0.02,1.0,0.7201194828033448,1.4817581145711665,1.0,1.2030792236328125,1.2152735631580125,-0.2030792236328125,0.011733290314579073,True,True,OK,metrics within configured thresholds
18.06,stroke_003,draw_line,0.5003863785255369,0.03397178891419406,0.202,0.5004549401038221,0.03366271203154655,0.20200105498445434,0.5069191365933178,0.03433095302945297,0.21372836532513861,-6.856157828516452e-05,0.00030907688264750904,-1.0549844543239484e-06,0.0003165917282498923,0.04014083743095398,0.06247807294130325,0.026926040649414062,-2.351975679397583,-0.001883891993202269,2.3886075019836426,0.823958694934845,0.005220196209847927,-0.012682690285146236,0.00499539403244853,-0.00593473669141531,0.0020520046819001436,-0.05303439125418663,0.013595717027783394,0.2551891478120924,3.0558789019530557,0.14297280055468622,0.02,1.0,0.7199595039367677,1.4796881571780853,1.0,1.59534752368927,1.2110055443241925,-0.59534752368927,0.011728365325138611,True,True,OK,metrics within configured thresholds
18.080000000000002,stroke_003,draw_line,0.5003459838439263,0.03404175455509932,0.202,0.5003683466248156,0.0337358563401046,0.20200111506544188,0.5068793750543965,0.03440099818399141,0.21393256354096502,-2.2362780889295664e-05,0.0003058982149947223,-1.1150654418701222e-06,0.0003067165715721921,0.040216557681560516,0.062339141964912415,0.02700617164373398,-2.352109432220459,-0.001877890550531447,2.388413429260254,0.8242295384407043,0.005081682465970516,-0.015672238543629646,0.005007460247725248,-0.006910431664437056,0.0027960578445345163,-0.06866994500160217,0.012607770040631294,0.25517579189660666,3.0559923274321514,0.14295273715223722,0.02,1.0,0.7198243206024171,1.4905149676168492,1.0,0.5778509378433228,1.3455252371019697,0.42214906215667725,0.01193256354096499,True,True,OK,metrics within configured thresholds
18.1,stroke_003,draw_line,0.5003083201801481,0.034106989934362134,0.202,0.5003966454241949,0.033815285657756516,0.20200109807293506,0.5068425377199978,0.034466281123115686,0.21353007240848074,-8.832524404678299e-05,0.00029170427660561715,-1.0980729350518192e-06,0.0003047850709764192,0.0402941070497036,0.062300629913806915,0.027083661407232285,-2.352245807647705,-0.001891728607006371,2.3888373374938965,0.824504554271698,0.004906566347926855,-0.00810561515390873,0.004605553112924099,-0.004208771511912346,0.0015268296701833606,-0.031066514551639557,0.013260211795568466,0.2551720778937533,3.0557879137709865,0.14291514378629147,0.02,1.0,0.7196905677795411,1.471823420761735,1.0,2.1489334106445312,1.0768392323614433,-1.1489334106445312,0.011530072408480732,True,True,OK,metrics within configured thresholds
18.12,stroke_003,draw_line,0.5002733215056339,0.03416760941681839,0.202,0.5002804965578577,0.03388091010631299,0.20200114161556734,0.5068081088796499,0.03452687273585317,0.21403007240848074,-7.175052223806766e-06,0.0002866993105053936,-1.1416155673293904e-06,0.00028679135151671856,0.04036359488964081,0.062155887484550476,0.02715807966887951,-2.352339029312134,-0.0018767064902931452,2.3884105682373047,0.8247474431991577,0.004902634769678116,-0.018469013273715973,0.0048162373714149,-0.0062699574045836926,0.002845445182174444,-0.06538467109203339,0.011336708441376686,0.25514646964719956,3.0563103393167173,0.1429178083997085,0.02,1.0,0.719554192352295,1.4933318716179118,1.0,0.6312612891197205,1.452072194760524,0.36873871088027954,0.012030072408480733,True,True,OK,metrics within configured thresholds
18.14,stroke_003,draw_line,0.5002409184768077,0.03422373310906435,0.202,0.50028126356209,0.03395267548275683,0.20200098584413578,0.5067766083890035,0.034582930666833996,0.21366631415062576,-4.0345085282278426e-05,0.0002710576263075179,-9.858441357701864e-07,0.0002740454972710925,0.04043615981936455,0.06209127604961395,0.027229074388742447,-2.3524787425994873,-0.0018886533798649907,2.3886921405792236,0.824995756149292,0.004483815748244524,-0.009521052241325378,0.004160875454545021,-0.004047872498631477,0.0014671975513920188,-0.037608884274959564,0.011958877556025982,0.25515408713989235,3.055824913287948,0.1428723626373387,0.02,1.0,0.7194609706878663,1.481501534614167,1.0,1.258274793624878,1.1647883777862427,-0.25827479362487793,0.011666314150625759,True,True,OK,metrics within configured thresholds
18.16,stroke_003,draw_line,0.5002110383976296,0.03427548692433509,0.202,0.5002602371419571,0.03401178482482207,0.20200103620584847,0.5067475046495187,0.03463453893763997,0.21371677707930437,-4.9198744327516586e-05,0.0002637020995130204,-1.036205848459204e-06,0.0002682543335223863,0.040495533496141434,0.062035802751779556,0.027290627360343933,-2.352559804916382,-0.001893247477710247,2.388747215270996,0.8252225518226624,0.003851190209388733,-0.010971875861287117,0.0037362794391810894,-0.003779410617426038,0.0018153017153963447,-0.04813145846128464,0.010767830535769463,0.25513314777263374,3.0561808602457945,0.14286494472977415,0.02,1.0,0.7193212574005128,1.4798063153326735,1.0,1.5709936618804932,1.197508623329765,-0.5709936618804932,0.011716777079304352,True,True,OK,metrics within configured thresholds
18.18,stroke_003,draw_line,0.5001836051821369,0.0343230026473835,0.202,0.5001899152840937,0.03406036235609597,0.2020010260247072,0.5067208190411792,0.03468186332392541,0.21391515432325126,-6.31010195684123e-06,0.0002626402912875303,-1.0260247071958162e-06,0.00026271808601808187,0.04054509475827217,0.06193235144019127,0.027346104383468628,-2.352649688720703,-0.0018875084351748228,2.388552188873291,0.825433075428009,0.0035819802433252335,-0.013869477435946465,0.0037448599468916655,-0.004592138808220625,0.0028848161455243826,-0.06192170828580856,0.009631657041609287,0.255124843662399,3.0562595361341334,0.14285355247919732,0.02,1.0,0.7192401950836183,1.4902017015809028,1.0,0.6255950927734375,1.32822838682252,0.3744049072265625,0.01191515432325124,True,True,OK,metrics within configured thresholds
18.2,stroke_003,draw_line,0.5001585393169871,0.03436641799935876,0.202,0.5002259828906039,0.03411355006981311,0.20200103516698456,0.5066966788167248,0.034725067455767554,0.2135468479910128,-6.744357361687658e-05,0.0002528679295456457,-1.0351669845476419e-06,0.00026170956609494154,0.04059479013085365,0.06191981956362724,0.027398407459259033,-2.3527441024780273,-0.0019002865301445127,2.388932704925537,0.8256494402885437,0.0034371321089565754,-0.006942983251065016,0.0032297426369041204,-0.0021886248141527176,0.0012284464901313186,-0.03515273332595825,0.010512175969779491,0.25512462324257945,3.056046065685147,0.1428240385357513,0.02,1.0,0.719150311279297,1.473071942768311,1.0,2.0251944065093994,1.0823067339053412,-1.0251944065093994,0.011546847991012809,True,True,OK,metrics within configured thresholds
18.22,stroke_003,draw_line,0.500135757824,0.03440587670268448,0.202,0.5001213662039856,0.0341546993502874,0.20200125162587954,0.5066745838654723,0.03476426086779912,0.21404475024106517,1.4391620014375661e-05,0.000251177352397082,-1.2516258795225443e-06,0.0002515924236760487,0.04063768312335014,0.061801835894584656,0.027449116110801697,-2.3528003692626953,-0.0018833125941455364,2.388491630554199,0.8258374929428101,0.003571071196347475,-0.017170675098896027,0.0036218923050910234,-0.0039025722071528435,0.002828660188242793,-0.06780195236206055,0.008724546059966087,0.2551038620610194,3.0565099166696683,0.14283164841443916,0.02,1.0,0.7190558975219727,1.494816092215279,1.0,0.5429414510726929,1.4123174193167616,0.45705854892730713,0.012044750241065157,True,True,OK,metrics within configured thresholds
18.240000000000002,stroke_003,draw_line,0.5001151742227001,0.0344415285459386,0.202,0.5001547037756877,0.03420538261555058,0.20200101390076894,0.5066550201920814,0.03479962649117539,0.21358908410855004,-3.952955298758276e-05,0.00023614593038801673,-1.013900768925824e-06,0.0002394337361212688,0.040686529129743576,0.061784468591213226,0.027498040348291397,-2.352900981903076,-0.0018979944288730621,2.388868808746338,0.8260369300842285,0.003216527169570327,-0.0065387580543756485,0.0029983604326844215,-0.002278112806379795,0.001142273424193263,-0.03017916902899742,0.00970334094017744,0.25511475790991534,3.0560033861674003,0.14279211217137988,0.02,1.0,0.7189996307373048,1.4779689833360419,1.0,1.4476292133331299,1.1080358304313376,-0.4476292133331299,0.011589084108550042,True,True,OK,metrics within configured thresholds
18.26,stroke_003,draw_line,0.500096698492859,0.0344735294487304,0.202,0.500127855980215,0.03424146881068762,0.20200105066238946,0.5066373530572315,0.03483126758951897,0.21376895888917463,-3.1157487356048286e-05,0.00023206063804278448,-1.0506623894512845e-06,0.0002341453237598888,0.04072169214487076,0.06174361705780029,0.02753814123570919,-2.352940559387207,-0.001899242284707725,2.388810396194458,0.8262125253677368,0.0024685582611709833,-0.010446608997881413,0.002730489009991288,-0.002021819818764925,0.002633866388350725,-0.056189216673374176,0.008028589189052582,0.25509363514431044,3.056464043822376,0.142798295951231,0.02,1.0,0.7188990180969239,1.4812382681194998,1.0,1.3983228206634521,1.2268935144469648,-0.39832282066345215,0.011768958889174614,True,True,OK,metrics within configured thresholds
18.28,stroke_003,draw_line,0.5000802370370371,0.03450204152658061,0.202,0.5000847941748651,0.03426995306835581,0.20200123044600973,0.5066217385073793,0.034859391005669586,0.21386096753133965,-4.55713782798739e-06,0.00023208845822479673,-1.2304460097201098e-06,0.00023213645543888474,0.040749162435531616,0.06167735904455185,0.027572959661483765,-2.352999687194824,-0.0018968895310536027,2.388697385787964,0.8263788819313049,0.0021725106053054333,-0.010607406497001648,0.002594379475340247,-0.0025827435310930014,0.0031379088759422302,-0.06683801114559174,0.007391632068902254,0.25509257240079913,3.0564013396890783,0.14278706866086627,0.02,1.0,0.718859440612793,1.4872994555534316,1.0,0.5907682180404663,1.2868937716227353,0.4092317819595337,0.011860967531339627,True,True,OK,metrics within configured thresholds
18.3,stroke_003,draw_line,0.5000656926431264,0.03452723315579917,0.202,0.5001406109585275,0.03430303684923044,0.2020011528140149,0.5066081517014603,0.03488418235732157,0.21349580436450402,-7.491831540107352e-05,0.00022419630656873163,-1.1528140148875377e-06,0.00023638542011246875,0.04077620059251785,0.061701659113168716,0.027605192735791206,-2.353053092956543,-0.0019091753056272864,2.3891022205352783,0.8265511393547058,0.002193065360188484,-0.00510180089622736,0.00217176740989089,-0.0004928677808493376,0.001030520536005497,-0.03253902122378349,0.008424818515777588,0.2550919169700327,3.0562791535175142,0.14276875119879726,0.02,1.0,0.7188003128051759,1.4685558157349226,1.0,2.4440083503723145,1.0432498278689413,-1.4440083503723145,0.011495804364504019,True,True,OK,metrics within configured thresholds
18.32,stroke_003,draw_line,0.5000529644468928,0.034549279038364286,0.202,0.5000512139645702,0.034326855213540286,0.20200128437168163,0.5065961030829469,0.03490578541183713,0.21399580436450402,1.7504823226488497e-06,0.00022242382482400014,-1.284371681620211e-06,0.00022243442100609327,0.040799837559461594,0.061614904552698135,0.027638385072350502,-2.35307240486145,-0.0018910500220954418,2.388669967651367,0.8266974687576294,0.002555381041020155,-0.015108399093151093,0.0026823936495929956,-0.0021709760185331106,0.002704435493797064,-0.06998655200004578,0.006752584129571915,0.2550734555055958,3.056764692980776,0.14278544682796798,0.02,1.0,0.7187469070434571,1.489462032471592,1.0,0.6263139843940735,1.533515310745122,0.3736860156059265,0.01199580436450402,True,True,OK,metrics within configured thresholds
18.34,stroke_003,draw_line,0.5000419478945185,0.03456836026680089,0.202,0.5000448012181332,0.034355636562158856,0.20200101900430273,0.5065860769117482,0.03492440663499289,0.21376016846358487,-2.853323614715464e-06,0.00021272370464203716,-1.0190043027158424e-06,0.0002127452804225088,0.04082818701863289,0.06157402694225311,0.027669476345181465,-2.353146553039551,-0.0018998546293005347,2.388780355453491,0.8268519639968872,0.0019543885719031096,-0.008542366325855255,0.001884791417978704,-0.0013625766150653362,0.0009742809925228357,-0.04487057402729988,0.007496880833059549,0.25508705427859585,3.0562601666864424,0.14275336548909637,0.02,1.0,0.7187275951385499,1.4850429030665102,1.0,0.8710887432098389,1.215994846522255,0.12891125679016113,0.011760168463584861,True,True,OK,metrics within configured thresholds
18.36,stroke_003,draw_line,0.5000325347051437,0.034584664389059314,0.202,0.5000807818906116,0.03437919670913323,0.20200107823761718,0.5065776381402525,0.03494020268308614,0.21357975970331838,-4.824718546780904e-05,0.00020546767992608156,-1.0782376171636354e-06,0.00021105904623145374,0.04084712639451027,0.06159374490380287,0.027693357318639755,-2.35317325592041,-0.0019092712318524718,2.3890273571014404,0.8269962668418884,0.0015841432614251971,-0.006006039213389158,0.0014732516137883067,-0.00010611569450702518,0.00035235771792940795,-0.0373326912522316,0.007249627728015184,0.25507722959755325,3.0564046902947504,0.14274681606116993,0.02,1.0,0.7186534469604493,1.473535615681151,1.0,2.081821918487549,1.0952777103629094,-1.0818219184875488,0.011579759703318385,True,True,OK,metrics within configured thresholds
18.38,stroke_003,draw_line,0.5000246128334095,0.03459838547339408,0.202,0.49998368265936016,0.03439479585782637,0.20200133090013864,0.506570511178549,0.034953378369301846,0.21407975970331838,4.0930174049325085e-05,0.00020358961556771193,-1.330900138624136e-06,0.00020766747942298469,0.040862902998924255,0.061502017080783844,0.02771875075995922,-2.353187084197998,-0.0018872703658416867,2.3885416984558105,0.8271152973175049,0.002145061967894435,-0.016280319541692734,0.002204146469011903,-0.0011729078833013773,0.0021156605798751116,-0.05819155275821686,0.005645150784403086,0.2550664674068294,3.056699493088951,0.14275813701437495,0.02,1.0,0.7186267440795899,1.4969206235467043,1.0,0.481902539730072,1.4405681832065333,0.518097460269928,0.012079759703318385,True,True,OK,metrics within configured thresholds
18.400000000000002,stroke_003,draw_line,0.500018066432,0.03460972417324201,0.202,0.5000318701625472,0.034421892379730874,0.2020010110047844,0.5065651187188495,0.03496415681082781,0.21359821517349706,-1.3803730547268245e-05,0.00018783179351113816,-1.0110047843903125e-06,0.00018834104109648138,0.040887556970119476,0.06151755154132843,0.027743380516767502,-2.353245496749878,-0.0019026793306693435,2.388913154602051,0.8272501230239868,0.0017643466126173735,-0.004872987512499094,0.0015303960535675287,0.00016391242388635874,0.00039251428097486496,-0.030374811962246895,0.00671708770096302,0.25508239832454604,3.0561306574864546,0.1427235375713225,0.02,1.0,0.718612915802002,1.4798556313170694,1.0,1.2734477519989014,1.1050352079897718,-0.27344775199890137,0.01159821517349705,True,True,OK,metrics within configured thresholds
18.42,stroke_003,draw_line,0.5000127758141845,0.034618887792102024,0.202,0.5000393443157294,0.03443634760691079,0.20200095171713536,0.5065607635144931,0.03497269068078696,0.2136877796162906,-2.6568501544921297e-05,0.00018254018519123227,-9.517171353501386e-07,0.00018446601380606016,0.04089989885687828,0.06152663007378578,0.027759475633502007,-2.3532421588897705,-0.001908894395455718,2.3889522552490234,0.8273642659187317,0.0008207655046135187,-0.007221166044473648,0.0007822804618626833,0.00027976068668067455,6.709588342346251e-05,-0.04204548895359039,0.005674345884472132,0.25506475333629525,3.0565781375337164,0.14273721477111906,0.02,1.0,0.7185545032501222,1.4779413068276883,1.0,1.7420220375061035,1.1639795983929673,-0.7420220375061035,0.011687779616290596,True,True,OK,metrics within configured thresholds
18.44,stroke_003,draw_line,0.5000086174163597,0.034626090348412575,0.202,0.49997538397486657,0.03444324653284136,0.202001282326237,0.5065574902582697,0.03497923699650878,0.21399381595798958,3.3233441493141225e-05,0.0001828438155712167,-1.2823262370009747e-06,0.00018584393153045717,0.04090556129813194,0.061466895043849945,0.027774224057793617,-2.3532495498657227,-0.0018920827424153686,2.388627290725708,0.8274604082107544,0.0013429219834506512,-0.011833904311060905,0.001605761470273137,-0.0001743505708873272,0.0028819546569138765,-0.0682871863245964,0.0042977770790457726,0.2550635618777521,3.0566242175379585,0.1427403201591384,0.02,1.0,0.7185578411102296,1.4935602215569843,1.0,0.23955243825912476,1.366294452082565,0.7604475617408752,0.011993815957989571,True,True,OK,metrics within configured thresholds
18.46,stroke_003,draw_line,0.5000054637605926,0.0346315526404308,0.202,0.50005080361333,0.03446325522411503,0.20200110322248907,0.5065554614302779,0.03498403992636498,0.21349381595798958,-4.53398527373583e-05,0.00016829741631577133,-1.103222489057254e-06,0.00017430128996846165,0.04092065617442131,0.06152031198143959,0.027789875864982605,-2.353278160095215,-0.0019075846066698432,2.389087677001953,0.8275737166404724,0.0012837090762332082,-0.0027237744070589542,0.0010805890196934342,0.0010480822529643774,0.00023307591618504375,-0.030440418049693108,0.0056039742194116116,0.255074433283816,3.056242614506125,0.14271761074882008,0.02,1.0,0.7185504501342774,1.471878912512437,1.0,2.0991251468658447,0.9719347472443609,-1.0991251468658447,0.01149381595798957,True,True,OK,metrics within configured thresholds
18.48,stroke_003,draw_line,0.500003183417162,0.034635502311111246,0.202,0.5002224090723801,0.03449005631844078,0.2020010744257301,0.5065539906153838,0.03498726863624967,0.21299381595798958,-0.00021922565521814708,0.00014544599267046765,-1.0744257300798754e-06,0.00026308853848157863,0.0409374013543129,0.0616958811879158,0.02780461683869362,-2.353231906890869,-0.001930436585098505,2.3899271488189697,0.8276832699775696,0.0012036365224048495,0.0030993972904980183,0.0013263477012515068,0.004541368223726749,0.0011927935993298888,-0.01346694678068161,0.004509114660322666,0.25505592832937,3.05678982054734,0.14274253527972514,0.02,1.0,0.7185218399047852,1.4311842196081037,1.0,4.523345947265625,1.3664513871118802,-3.523345947265625,0.01099381595798957,True,True,OK,metrics within configured thresholds
18.5,stroke_003,draw_line,0.5000016409671013,0.034638173912984446,0.202,0.5004519658659827,0.034520415140487565,0.20200081152260094,0.5065525618641091,0.034989125643200496,0.21249381595798958,-0.0004503248988814157,0.00011775877249688149,-8.115226009242082e-07,0.00046546783092009847,0.040955543518066406,0.06194883584976196,0.027817705646157265,-2.3531346321105957,-0.00196078815497458,2.3909857273101807,0.8277871012687683,0.0011514881625771523,0.005901456810534,0.0010671581840142608,0.0061383796855807304,0.00022724014706909657,0.006879040505737066,0.00452647777274251,0.2550299331962978,3.057769644508646,0.14280621160424137,0.02,1.0,0.718568093109131,1.3794459251899354,1.0,6.751437664031982,2.471364483165691,-5.751437664031982,0.01049381595798957,True,True,OK,metrics within configured thresholds
18.52,stroke_003,draw_line,0.5000006969647407,0.03463980897303552,0.202,0.5007150510394129,0.03454945551204282,0.20200098128983424,0.5065508091025555,0.034989834471660895,0.21199381595798958,-0.000714354074672241,9.03534609927037e-05,-9.812898342231868e-07,0.0007200461477182782,0.0409708172082901,0.06224232539534569,0.027826709672808647,-2.3530147075653076,-0.0019961304496973753,2.392181158065796,0.8278825283050537,0.0009219198836944997,0.008036637678742409,0.0007775374688208103,0.006818211637437344,-4.0122577047441155e-05,0.0032969294115900993,0.00404080655425787,0.255000000066594,3.0589990219913132,0.14289346790975493,0.02,1.0,0.7186653678894044,1.3208745943033298,1.0,8.604875564575195,3.969390096468893,-7.604875564575195,0.00999381595798957,True,True,OK,metrics within configured thresholds
18.54,stroke_003,draw_line,0.5000002079002493,0.03464065605758278,0.202,0.5009965263349453,0.03457495721896402,0.20200081328828168,0.5065484602169562,0.03498964625639581,0.21149381595798958,-0.000996318434695942,6.569883861876069e-05,-8.132882816647147e-07,0.0009984825597618894,0.04098157584667206,0.06255721300840378,0.027831239625811577,-2.3528857231140137,-0.0020342092029750347,2.393458366394043,0.8279704451560974,0.0006789944600313902,0.008587377145886421,0.00047069654101505876,0.0069817653857171535,-0.0006156894378364086,0.013355977833271027,0.003835186129435897,0.254967102052834,3.0603850165597573,0.14299397655899426,0.02,1.0,0.7187852924346925,1.2583314985416578,1.0,10.868252754211426,5.591810010306098,-9.868252754211426,0.009493815957989569,True,True,OK,metrics within configured thresholds
18.56,stroke_003,draw_line,0.5000000261621778,0.03464097083715642,0.202,0.5010905183955175,0.034584233243821545,0.20200075813119558,0.5065452994689268,0.03498882912964697,0.21176871052264354,-0.0010904922333397904,5.6737593334875436e-05,-7.581311955717762e-07,0.0010919675087816244,0.04098493978381157,0.06268942356109619,0.027833672240376472,-2.3527896404266357,-0.0020437000785022974,2.3937904834747314,0.8280308842658997,0.0003425742906983942,-0.0030529845971614122,0.00026931599131785333,0.002396966563537717,0.00030082205194048584,-0.03394869714975357,0.002651492366567254,0.25493190923123193,3.0618660926964,0.1431013500155083,0.02,1.0,0.7189142768859864,1.2413697267541788,1.0,9.913631439208984,7.438564970672963,-8.913631439208984,0.009768710522643524,True,True,OK,metrics within configured thresholds
18.580000000000002,stroke_003,draw_line,0.5,0.03464101615137753,0.202,0.5010404182554715,0.03458441774521344,0.2020007998112282,0.5065419301399399,0.03498771014232834,0.21226871052264354,-0.0010404182554715202,5.6598406164093396e-05,-7.998112281915049e-07,0.0010419568923888925,0.04098617658019066,0.06265698373317719,0.027837643399834633,-2.3527653217315674,-0.002028045244514942,2.393480062484741,0.8280729651451111,0.000603086082264781,-0.009983835741877556,0.0008077704696916044,0.0014227123465389013,0.002668124157935381,-0.07544111460447311,0.0015742727555334568,0.2549275775086357,3.062239509793147,0.14314073186151188,0.02,1.0,0.7190103595733643,1.2559054891474355,1.0,6.703357219696045,8.30483823466057,-5.703357219696045,0.010268710522643524,True,True,OK,metrics within configured thresholds
18.6,unknown,pen_up,0.5,0.03464101615137754,0.202,0.50059262862128,0.03456874115694947,0.20200089482130387,0.5064162529343423,0.034973842382690315,0.21376871052264354,-0.0005926286212799559,7.227499442807178e-05,-8.948213038595387e-07,0.0005970202327266011,0.04099471494555473,0.06214708089828491,0.02785242348909378,-2.3529913425445557,-0.001955103361979127,2.3914947509765625,0.828068196773529,0.000857697450555861,-0.044450871646404266,0.0009093758999370039,-0.02179374359548092,0.003478213446214795,-0.1542186439037323,-0.00020784401567652822,0.2549403242668576,3.0618708884080177,0.14312476455312229,0.02,1.0,0.7190346782684327,1.3534309987711766,0.0,1.658238172531128,7.744319879422987,-1.658238172531128,0.011768710522643524,True,True,OK,metrics within configured thresholds
18.62,unknown,pen_up,0.5,0.03464101615137754,0.20200046464316052,0.5006230001871983,0.03457544860478573,0.20200103324118454,0.5062956028169686,0.03496052933343781,0.21226917516580404,-0.0006230001871982971,6.556754659180902e-05,-5.685980240255351e-07,0.000626441265977023,0.041005879640579224,0.06194503977894783,0.027854707092046738,-2.3534507751464844,-0.001980743370950222,2.392484664916992,0.8281193971633911,0.0005275185685604811,-0.009861060418188572,0.00016005719953682274,-0.014752134680747986,-0.0003549485409166664,-0.0035196435637772083,0.0021502766758203506,0.2549928339506479,3.059575509221317,0.14295295503042557,0.02,1.0,0.7188086574554444,1.3114449254527407,0.0,5.565678596496582,5.614191282010836,-5.565678596496582,0.010268710522643524,True,True,OK,metrics within configured thresholds
18.64,unknown,pen_up,0.5,0.03464101615137754,0.20200364250706174,0.5009739331314356,0.0345971105781935,0.202000719784942,0.5061797787042899,0.03494774880615539,0.21077235302970526,-0.000973933131435567,4.390557318403876e-05,2.9227221197414277e-06,0.0009749266568153204,0.04101177304983139,0.0621485710144043,0.02784930169582367,-2.353670358657837,-0.002037315396592021,2.3947596549987793,0.8281842470169067,0.00033590776729397476,0.006497399881482124,-0.00019742397125810385,-0.0054748812690377235,-0.0021137860603630543,0.06432190537452698,0.0029401793144643307,0.2549230958803212,3.06081283215298,0.14293389509688362,0.02,1.0,0.7183492248535157,1.2053261648038536,0.0,13.734216690063477,5.597211842080847,-13.734216690063477,0.008768710522643525,True,True,OK,metrics within configured thresholds
18.66,unknown,pen_up,0.5,0.03464101615137754,0.20201204428800001,0.5007853760851616,0.03458791851940334,0.20200053162941617,0.5060685875561183,0.034935479499964284,0.21228075481064354,-0.0007853760851616043,5.3097631974197146e-05,1.1512658583845425e-05,0.0007872531327169826,0.04101180657744408,0.06190057843923569,0.027852071449160576,-2.3538320064544678,-0.0019940603524446487,2.3940420150756836,0.8281757235527039,0.000298363680485636,-0.030330343171954155,0.0002636660065036267,-0.015824755653738976,0.0021827074233442545,-0.10552404075860977,-0.00045376000343821943,0.254826492314448,3.0635199869079313,0.14304286634426092,0.02,1.0,0.7181296413421632,1.2415219709548575,0.0,7.896410942077637,8.445163538874768,-7.896410942077637,0.010268710522643524,True,True,OK,metrics within configured thresholds
18.68,unknown,pen_up,0.5,0.03464101615137754,0.20202796526301237,0.5002258734297533,0.03455647678632955,0.202001187666233,0.5059618440538736,0.034923700966020814,0.2137966757856559,-0.00022587342975333158,8.453936504798643e-05,2.6777596779353763e-05,0.00024265768110762035,0.04101298749446869,0.0611603781580925,0.02785906009376049,-2.3543169498443604,-0.0019156112102791667,2.391920566558838,0.8281380534172058,0.00017969103646464646,-0.05435490235686302,0.0003976318403147161,-0.03175877034664154,0.0036856660153716803,-0.14317047595977783,-0.0018031488871201873,0.2548393215889428,3.062704579674026,0.14296618482979268,0.02,1.0,0.7179679935455323,1.3484718121315695,0.0,1.0352221727371216,8.253100129995772,-1.0352221727371216,0.011768710522643524,True,True,OK,metrics within configured thresholds
18.7,unknown,pen_up,0.5,0.03464101615137754,0.2020534913580247,0.5002037788703129,0.03455595580288049,0.20200073015775444,0.5058593702917186,0.034912393573435084,0.21232220188066822,-0.00020377887031286512,8.506034849704858e-05,5.27612002702571e-05,0.00022703487645378415,0.041020315140485764,0.06085934862494469,0.027857383713126183,-2.354881763458252,-0.0019327771151438355,2.3928191661834717,0.828161895275116,0.0003703284019138664,-0.014184299856424332,-0.00012182544742245227,-0.017824538052082062,-0.0006598812178708613,0.0010327924974262714,0.001095687155611813,0.25487667391385305,3.0602944729668047,0.14273811306126602,0.02,1.0,0.7174830501556397,1.3121044091963014,0.0,5.012965202331543,5.726842844955244,-5.012965202331543,0.010268710522643524,True,True,OK,metrics within configured thresholds
18.72,unknown,pen_up,0.5,0.03464101615137754,0.202090505216,0.5005257151372181,0.03457264346696197,0.20200069686420002,0.5057609954800498,0.03490153847655278,0.21085921573864352,-0.0005257151372181079,6.837268441556993e-05,8.980835179997482e-05,0.0005376957964569494,0.04102367162704468,0.06102248653769493,0.027848530560731888,-2.355130672454834,-0.001986313844099641,2.3949904441833496,0.8282052278518677,0.00017274657147936523,0.005011825822293758,-0.0004205842560622841,-0.006119620054960251,-0.0021344453562051058,0.060551464557647705,0.00197604694403708,0.25480191341867287,3.0614450889181657,0.14269361107130302,0.02,1.0,0.7169182365417481,1.2112842451141035,0.0,13.068696022033691,5.476985670036949,-13.068696022033691,0.008768710522643525,True,True,OK,metrics within configured thresholds
18.740000000000002,unknown,pen_up,0.5,0.03464101615137754,0.20214069226508644,0.5003163473212506,0.03455946214915681,0.20200063915237704,0.5056665556608478,0.034891117583545773,0.21240940278772996,-0.0003163473212506318,8.155400222072812e-05,0.00014005311270939846,0.0003554455757500161,0.04102189838886261,0.060757242143154144,0.02784823440015316,-2.355288505554199,-0.0019412529654800892,2.394153118133545,0.8281782865524292,6.6349239205010235e-06,-0.03113572485744953,-2.11440165003296e-05,-0.015565868467092514,0.0021818929817527533,-0.11246497929096222,-0.0013288528425619006,0.2547070080260635,3.064032171708452,0.14279051005676288,0.02,1.0,0.7166693275451661,1.253120798667206,0.0,7.298162460327148,8.134084293235809,-7.298162460327148,0.010268710522643524,True,True,OK,metrics within configured thresholds
18.76,unknown,pen_up,0.5,0.03464101615137754,0.20220554678676544,0.4997405915569454,0.034521768297816266,0.20200272167501787,0.5055758934344139,0.03488111352625904,0.21397425730940897,0.00025940844305460953,0.00011924785356127315,0.00020282511174757323,0.00035021538638729593,0.04101753234863281,0.06000852212309837,0.027850085869431496,-2.3557534217834473,-0.001861165277659893,2.3919050693511963,0.828125,-0.00022392506070900708,-0.05666505917906761,0.00012367559247650206,-0.028678754344582558,0.0037513012066483498,-0.12876735627651215,-0.002543461276218295,0.25472416880797444,3.0630777684388795,0.1427066685303342,0.02,1.0,0.7165114944458009,1.3657033560549618,0.0,0.8368929624557495,7.841511651717777,-0.8368929624557495,0.011768710522643524,True,True,OK,metrics within configured thresholds
18.78,unknown,pen_up,0.5,0.03464101615137754,0.202286377984,0.49969852695008454,0.034518093996126625,0.2020009732869693,0.5054888576970373,0.03487150963126378,0.21255508850664354,0.0003014730499154572,0.00012292215525091382,0.00028540469703070004,0.0004329569229889311,0.04102253541350365,0.05970814451575279,0.027846617624163628,-2.356287956237793,-0.0018733517499640584,2.392643928527832,0.8281370401382446,0.00038960055098868906,-0.01376301795244217,-0.00016832115943543613,-0.01660287007689476,-0.0005913496715947986,-0.009122028946876526,0.0004910279531031847,0.2547669149518344,3.060522574109515,0.14247388806255096,0.02,1.0,0.7160465782165528,1.3367859652576484,0.0,3.2981576919555664,5.389895110476068,-3.2981576919555664,0.010268710522643524,True,True,OK,metrics within configured thresholds
18.8,unknown,pen_up,0.5,0.03464101615137754,0.20238431604938273,0.500002815800453,0.034532986003851865,0.2020006778467093,0.5054053033891559,0.034862289892068334,0.21115302657202625,-2.81580045302654e-06,0.00010803014752567425,0.0003836382026734253,0.0003985683279653645,0.04102558270096779,0.05987204611301422,0.027837060391902924,-2.3565032482147217,-0.0019245677394792438,2.3946595191955566,0.8281710743904114,0.00013248213508632034,0.00519457645714283,-0.0004526269040070474,-0.004264413379132748,-0.001926403259858489,0.05098356679081917,0.0014554486842826009,0.2547000570442054,3.061481153124334,0.14242441162333574,0.02,1.0,0.7155120437622071,1.2430082607211022,0.0,11.882917404174805,4.657787013993893,-11.882917404174805,0.008768710522643525,True,True,OK,metrics within configured thresholds
18.82,unknown,pen_up,0.5,0.03464101615137754,0.20250031823328396,0.4997690243837589,0.034517324424090785,0.20200071005161896,0.5053250912535896,0.0348534389424407,0.2127690287559275,0.00023097561624108032,0.00012369172728675382,0.0004996081816650011,0.0005641433451559419,0.041022952646017075,0.059599924832582474,0.02783569134771824,-2.356630802154541,-0.0018768648151308298,2.393636465072632,0.8281351327896118,-7.337130955420434e-05,-0.031498946249485016,-0.00012573032290674746,-0.014537010341882706,0.0022553945891559124,-0.11946222931146622,-0.0017085984582081437,0.25461319152582634,3.063880639783078,0.14251717705344977,0.02,1.0,0.7152967517852784,1.2933550831615088,0.0,5.850546836853027,7.186582650557213,-5.850546836853027,0.010268710522643524,True,True,OK,metrics within configured thresholds
18.84,unknown,pen_up,0.5,0.03464101615137754,0.202635174912,0.49940114899108845,0.034491298856064244,0.2020006999175584,0.5052480876034461,0.03484494203079817,0.21348313354207965,0.0005988510089115495,0.00014971729531329525,0.0006344749944416084,0.0008852097593011434,0.04102003201842308,0.05907304584980011,0.027833817526698112,-2.357029438018799,-0.00182922778185457,2.3923842906951904,0.828098475933075,-0.00012965068162884563,-0.03767897188663483,-0.00016724377928767353,-0.021634770557284355,0.0022371283266693354,-0.12267459183931351,-0.0017479530069977045,0.2546390651156107,3.0627046015261308,0.1424267487819514,0.02,1.0,0.7151691978454591,1.3577756507003924,0.0,1.4363367557525635,6.718970115760748,-1.4363367557525635,0.010847958630079658,True,True,OK,metrics within configured thresholds
18.86,unknown,pen_up,0.5,0.03464101615137754,0.20278951565590125,0.4994776825488824,0.034494592976858925,0.20200087292817748,0.5051741640993083,0.034836784995621345,0.2121374742859809,0.0005223174511175821,0.00014642317451861453,0.0007886427277237762,0.0009571899590831878,0.041024819016456604,0.05895085260272026,0.027828695252537727,-2.357410430908203,-0.001852522836998105,2.393479108810425,0.8281134963035583,0.0002832954050973058,-0.006505416706204414,-0.00029248822829686105,-0.010817327536642551,-0.0010885631199926138,0.006503932178020477,0.0006102907937020063,0.25465176657035316,3.061310573245412,0.1422713535635747,0.02,1.0,0.7147705619812013,1.3098656045424442,0.0,6.436724662780762,4.870048439757884,-6.436724662780762,0.009347958630079659,True,True,OK,metrics within configured thresholds
18.88,unknown,pen_up,0.5,0.03464101615137754,0.20296381529758026,0.49954771214807725,0.03449830374107614,0.20200079485151343,0.5051031975353358,0.0348289542418516,0.21193291546564563,0.00045228785192275023,0.0001427124103014002,0.0009630204460668312,0.0010734707786398702,0.0410282239317894,0.05892369523644447,0.027824120596051216,-2.3575897216796875,-0.0018626193050295115,2.394177198410034,0.8281154632568359,0.00025209333398379385,-0.0085171302780509,-0.00026186861214227974,-0.007954693399369717,-0.0004251629870850593,-0.01511736586689949,6.854228558950126e-05,0.25458434646108496,3.0626593618046116,0.14227344890386728,0.02,1.0,0.714389569091797,1.2785958436881952,0.0,9.042192459106445,5.418385117815891,-9.042192459106445,0.008969100168065389,True,True,OK,metrics within configured thresholds
18.900000000000002,unknown,pen_up,0.5,0.03464101615137754,0.20315840000000002,0.49915029108373205,0.034471503185483504,0.20200099824579823,0.5050350696339224,0.03482143671823263,0.2136275001680654,0.000849708916267955,0.00016951296589403503,0.0011574017542017867,0.0014457934529595949,0.041024740785360336,0.05845843255519867,0.02782321721315384,-2.3578126430511475,-0.001799867837689817,2.3924500942230225,0.8280631303787231,-0.00016831870016176254,-0.040814075618982315,-0.0001550929300719872,-0.019402503967285156,0.002989508444443345,-0.1528700739145279,-0.0024840976111590862,0.2545462003560894,3.0635083700104633,0.14228629838650744,0.02,1.0,0.7142102783203126,1.3636845170877445,0.0,2.068678855895996,6.686717687267585,-2.068678855895996,0.010469100168065388,True,True,OK,metrics within configured thresholds
18.92,unknown,pen_up,0.5,0.03464101615137754,0.203373453324642,0.49918895103936,0.03447195649167357,0.20200087436113254,0.5049696668485656,0.034814219895558426,0.21234255349270736,0.0008110489606399929,0.0001690596597039712,0.001372578963509452,0.001603232545878207,0.04102889075875282,0.05830378830432892,0.02781778760254383,-2.3581907749176025,-0.0018184732180088758,2.3933370113372803,0.828070878982544,0.00030118253198452294,-0.007997201755642891,-0.00033971015363931656,-0.010496718809008598,-0.0011116437381133437,-0.0010280786082148552,0.0004236285458318889,0.25458899315569194,3.0615276767517554,0.14213214096651336,0.02,1.0,0.7139873569488526,1.3256654260262186,0.0,5.276411056518555,5.070404096287529,-5.276411056518555,0.008969100168065389,True,True,OK,metrics within configured thresholds
18.94,unknown,pen_up,0.5,0.03464101615137754,0.20360902229965433,0.4992046076011688,0.03447261362979187,0.2020009198350996,0.5049068801746229,0.0348072917457912,0.21228260198775992,0.0007953923988311962,0.00016840252158566854,0.0016081024645547282,0.0018019439541511403,0.04103260487318039,0.058230187743902206,0.02781389281153679,-2.358365774154663,-0.0018207060638815165,2.393735885620117,0.8280642628669739,0.00025479268515482545,-0.010707104578614235,-8.811281441012397e-05,-0.008604293689131737,0.00047694487147964537,-0.031230099499225616,-0.0006776718655601144,0.2545289245979259,3.0626340163339925,0.14212102189809225,0.02,1.0,0.7136092250823975,1.3086286983463078,0.0,7.44776725769043,5.1425065323683885,-7.44776725769043,0.0086735796881056,True,True,OK,metrics within configured thresholds
18.96,unknown,pen_up,0.5,0.03464101615137754,0.203865023488,0.4988241014022946,0.03444752015238587,0.2020016252935337,0.504846604967638,0.03480064072201465,0.2137905104914033,0.0011758985977053937,0.00019349599899166903,0.0018633981944663203,0.002211884048690536,0.04103051871061325,0.05778205767273903,0.027812885120511055,-2.3585822582244873,-0.001762143336236477,2.3920881748199463,0.8280118703842163,-0.0001934112806338817,-0.04024215042591095,-0.0001044168311636895,-0.017200659960508347,0.002720583463087678,-0.11613186448812485,-0.002469222526997328,0.25450153357925465,3.063132595091241,0.14211510888581508,0.02,1.0,0.713434225845337,1.3897916345722283,0.0,1.8233634233474731,5.949347786231103,-1.8233634233474731,0.009925487003403288,True,True,OK,metrics within configured thresholds
18.98,unknown,pen_up,0.5,0.03464101615137754,0.20414124905560496,0.4988622589378964,0.03444776682958159,0.20200084607189392,0.5047887407689324,0.034794255739189164,0.21256673605900825,0.0011377410621036255,0.0001932493217959505,0.0021404029837110428,0.002431691789156351,0.041034672409296036,0.057646289467811584,0.027807123959064484,-2.358924388885498,-0.0017799766501411796,2.3929085731506348,0.8280149102210999,0.0002549740602262318,-0.007481860928237438,-0.00032841216307133436,-0.009007366374135017,-0.0009031533263623714,-0.0023459969088435173,0.00013181846588850021,0.2545417273545757,3.061246883568162,0.1419671771032583,0.02,1.0,0.7132177417755128,1.3546054313048108,0.0,3.9974281787872314,4.505253259221832,-3.9974281787872314,0.008425487003403289,True,True,OK,metrics within configured thresholds
19.0,unknown,pen_up,0.5,0.03464101615137754,0.2044373728395062,0.49901443154795616,0.03445380718273835,0.20200089724885878,0.5047331911381752,0.034788126155676696,0.21199193925934945,0.000985568452043839,0.0001872089686391909,0.0024364755906474134,0.002634920430567819,0.041036300361156464,0.05772019550204277,0.027799082919955254,-2.3590478897094727,-0.00180360721424222,2.393944501876831,0.828019917011261,0.00012225034879520535,-0.0018229488050565124,-0.0004127692664042115,-0.0036378242075443268,-0.0008405809057876468,-0.0003469446673989296,0.0001176895311800763,0.2544866914065842,3.0622698919618734,0.14195823720571754,0.02,1.0,0.712875611114502,1.3065473079865324,0.0,8.402605056762695,4.327514481069722,-8.402605056762695,0.007554566419843258,True,True,OK,metrics within configured thresholds
19.02,unknown,pen_up,0.5,0.03464101615137754,0.20475295641600003,0.49864144787598436,0.03442797383196417,0.20200211887351566,0.5046798634926482,0.034782241755504734,0.21380752283584328,0.001358552124015644,0.00021304231941336738,0.002750837542484369,0.0030754118567551058,0.04103199392557144,0.057316750288009644,0.027797171846032143,-2.359185218811035,-0.0017410572618246078,2.392192840576172,0.8279644846916199,-0.0003413677040953189,-0.04052869603037834,-0.0001561051612952724,-0.015254263766109943,0.0028896350413560867,-0.11464495956897736,-0.0026518201921135187,0.2544412774767056,3.063502938526404,0.14200356937339462,0.02,1.0,0.7127521102905274,1.391681965227315,0.0,2.168522357940674,5.7537961825622626,-2.168522357940674,0.009054566419843257,True,True,OK,metrics within configured thresholds
19.04,unknown,pen_up,0.5,0.03464101615137754,0.20508745516879012,0.4985907079944715,0.03442233994272154,0.2020011558169733,0.5046286689529422,0.034776592731339644,0.21297094460863142,0.001409292005528473,0.00021867620865599624,0.0030862993518168125,0.003399877487513852,0.04103374853730202,0.057107049971818924,0.02779233828186989,-2.3595175743103027,-0.00174181058537215,2.392519950866699,0.8279568552970886,-2.9896646083216183e-05,-0.011862593702971935,0.0009827781468629837,-0.010114354081451893,0.0054422118701040745,-0.01347319781780243,-0.0025357198901474476,0.2544912707321866,3.061480694826385,0.1418634793174165,0.02,1.0,0.7126147811889649,1.379977835937813,0.0,1.9434714317321777,4.498950343944706,-1.9434714317321777,0.007883489439841284,True,True,OK,metrics within configured thresholds
19.06,unknown,pen_up,0.5,0.03464101615137754,0.20544022435713583,0.49878847608096416,0.034433210974510006,0.20200106372159646,0.5045795221948246,0.03477116966814116,0.2120073190971382,0.0012115239190358396,0.00020780517686753291,0.003439160635539368,0.0036522320675132975,0.04103903844952583,0.05721765756607056,0.02778535708785057,-2.3596482276916504,-0.0017767701065167785,2.393812656402588,0.8279706835746765,0.00021161293261684477,0.0015449556522071362,-0.00035061457310803235,-0.00218788324855268,-0.0011679889867082238,0.013612284325063229,0.00046660215593874454,0.2544539863483677,3.061927074926121,0.14182393831542647,0.02,1.0,0.7122824256896974,1.3197167801395264,0.0,8.03271770477295,3.6045327246703214,-8.03271770477295,0.006567094740002398,True,True,OK,metrics within configured thresholds
19.080000000000002,unknown,pen_up,0.5,0.03464101615137754,0.205810525184,0.49843000660791503,0.03440912653744863,0.2020028576348217,0.5045323413070316,0.03476596352747061,0.2138776199240024,0.0015699933920849674,0.00023188961392890672,0.0038076675491783007,0.004125164749352933,0.04103576019406319,0.05684441700577736,0.027783934026956558,-2.3597495555877686,-0.001715594669803977,2.3920738697052,0.827915608882904,-0.0003042589232791215,-0.04043595865368843,-0.0001182010310003534,-0.012840376235544682,0.002856325823813677,-0.10763418674468994,-0.0026414915919303894,0.25439914063023955,3.0634621341760817,0.14188482686712178,0.02,1.0,0.7121517723083497,1.403784877104913,0.0,2.283345937728882,5.154397467706241,-2.283345937728882,0.008067094740002398,True,True,OK,metrics within configured thresholds
19.1,unknown,pen_up,0.5,0.03464101615137754,0.20619753086419754,0.49823707303630566,0.034392539353288315,0.20200220236160024,0.5044870476547503,0.03476096563242689,0.21364724815381514,0.0017629269636943445,0.0002484767980892241,0.004195328502597295,0.004557459099456022,0.0410342663526535,0.056507959961891174,0.02777857705950737,-2.3600809574127197,-0.0016986029222607613,2.3916378021240234,0.8278924822807312,-0.00024338910588994622,-0.0249814223498106,-0.0003010972577612847,-0.010372799821197987,0.0007550320588052273,-0.04091528430581093,-0.0011178783606737852,0.2544512717607899,3.061450212225341,0.1417521380500109,0.02,1.0,0.7120504444122315,1.4284890385455804,0.0,0.0,4.149529432214165,0.0,0.007449717289617607,True,False,OK,metrics within configured thresholds
19.12,unknown,pen_up,0.5,0.03464101615137754,0.20660033269254321,0.4983761017468136,0.03439724849219978,0.2020008741353944,0.5044435657485603,0.03475616765318492,0.21255004998216082,0.0016238982531863733,0.0002437676591777599,0.004599458557148828,0.004883798442533469,0.04103574901819229,0.056538160890340805,0.027770645916461945,-2.3602726459503174,-0.0017257019644603133,2.3927268981933594,0.8279023170471191,0.00010364910122007132,-0.0008573143277317286,-0.00042358387145213783,-0.0031823625322431326,-0.0011679467279464006,0.009017393924295902,0.0004335818230174482,0.25444034923605224,3.0610054533180797,0.14166258961385347,0.02,1.0,0.7117190425872804,1.3787950402973979,0.0,4.618155479431152,2.6971941309392076,-4.618155479431152,0.005949717289617606,True,True,OK,metrics within configured thresholds
19.14,unknown,pen_up,0.5,0.03464101615137754,0.207017946112,0.49826285004417004,0.034388540910316845,0.20200078782331468,0.5044018231186179,0.03475156159311262,0.2133401322308004,0.0017371499558299641,0.00025247524106069424,0.0050171582886853194,0.005315384370872205,0.04103514552116394,0.05640510469675064,0.027767056599259377,-2.360337495803833,-0.001702764886431396,2.3922371864318848,0.8278774619102478,-8.635884296381846e-05,-0.018690058961510658,-0.0002881316759157926,-0.005466837901622057,0.0010390403913334012,-0.08613183349370956,-0.0012406691676005721,0.2543878635897224,3.0623135719566172,0.14169896130546666,0.02,1.0,0.7115273540496827,1.402959217842642,0.0,3.0101747512817383,3.3695306029113885,-3.0101747512817383,0.006322186118800396,True,True,OK,metrics within configured thresholds
19.16,unknown,pen_up,0.5,0.03464101615137754,0.20744931678182718,0.49810686495495043,0.034375553872048575,0.20200072617716974,0.5043617501938732,0.03474713977544322,0.2136055473709059,0.0018931350450495654,0.00026546227932896377,0.005448590604657438,0.005774215972554426,0.041033729910850525,0.056172795593738556,0.027762632817029953,-2.3605241775512695,-0.001682947389781475,2.391737699508667,0.8278552293777466,-0.00015011834329925478,-0.020466195419430733,-0.00034099514596164227,-0.008493438363075256,0.0008512203930877149,-0.08235302567481995,-0.0010848137317225337,0.2543996849007343,3.061754527824562,0.14165490092821653,0.02,1.0,0.7114625041961671,1.4289745377574647,0.0,0.9754066467285156,3.243756054841011,-0.9754066467285156,0.006156230589078717,True,True,OK,metrics within configured thresholds
19.18,unknown,pen_up,0.5,0.03464101615137754,0.2078933266457284,0.49816801739102207,0.034378250763628874,0.20200087519645918,0.5043232801861183,0.03474289483048059,0.21287582263188207,0.0018319826089779334,0.00026276538774866465,0.005892451449269226,0.0061762601961536,0.04103720933198929,0.05613446608185768,0.027757955715060234,-2.3607091903686523,-0.0016967671690508723,2.39239764213562,0.8278594017028809,0.00024910629144869745,-0.00563519774004817,-0.00029553650529123843,-0.004761418793350458,-0.0008578808628953993,-0.011258641257882118,0.00022098264889791608,0.25440224322701377,3.061208274205422,0.1415878325679903,0.02,1.0,0.7112758224487306,1.3995629417923658,0.0,4.040544509887695,2.4498337620016377,-4.040544509887695,0.004982495986153667,True,True,OK,metrics within configured thresholds
19.2,unknown,pen_up,0.5,0.03464101615137754,0.2083488,0.49787723949463436,0.03435790505444013,0.20200516511119362,0.5042863489786735,0.03473881968331647,0.21418746520646018,0.0021227605053656395,0.00028311109693741204,0.0063436348888063765,0.006695369120431732,0.04103456065058708,0.055807191878557205,0.02775583602488041,-2.360827684402466,-0.0016506684478372335,2.3910489082336426,0.8278184533119202,-0.0002511430939193815,-0.03681142255663872,-0.00010426518565509468,-0.007041478529572487,0.0022007208317518234,-0.07766145467758179,-0.0019750718493014574,0.254365091429572,3.06201315117449,0.14159723350644107,0.02,1.0,0.7110908096313477,1.4648916836327142,0.0,1.296581745147705,3.006582523761758,-1.296581745147705,0.00583866520646018,True,True,OK,metrics within configured thresholds
19.22,unknown,pen_up,0.5,0.03464101615137754,0.20881450956167902,0.49778069991644375,0.03434889314524211,0.20200577586738494,0.5042508950195266,0.034734907542038916,0.21377228093512554,0.0022193000835562526,0.00029212300613543074,0.006808733694294078,0.007167250744281371,0.04103489965200424,0.055593859404325485,0.027751244604587555,-2.361079216003418,-0.0016447912203148007,2.3909831047058105,0.8278082013130188,-6.526398647110909e-05,-0.021758774295449257,-0.00017293925338890404,-0.001530053443275392,0.0002869147574529052,-0.009490321390330791,-0.0005583665333688259,0.25440219749640813,3.060462721688871,0.1414870009444833,0.02,1.0,0.7109723155975343,1.470847016682325,0.0,0.0,2.4080822512468396,0.0,0.004957771373446531,True,False,OK,metrics within configured thresholds
19.240000000000002,unknown,pen_up,0.5,0.03464101615137754,0.20928918253669138,0.49789390179812704,0.03435179093198528,0.20200091399325942,0.5042168592187455,0.03473115188641246,0.2129936675024765,0.0021060982018729635,0.0002892252193922584,0.007288268543431953,0.0075919799278346845,0.041035182774066925,0.055640995502471924,0.02774362824857235,-2.361206293106079,-0.0016672887140884995,2.3918230533599854,0.8278177380561829,0.00012181283091194928,-0.0019364082254469395,-0.0003408376651350409,-0.0018487701890990138,-0.0009060677257366478,-0.0026856535114347935,0.00040843369788490236,0.2543846954221564,3.0604357525042913,0.14143651755482442,0.02,1.0,0.7107207839965821,1.432708211551055,0.0,2.132931709289551,1.5652534633104458,-2.132931709289551,0.0037044849657851134,True,True,OK,metrics within configured thresholds
19.26,unknown,pen_up,0.5,0.03464101615137754,0.20977150668800001,0.49776817226328174,0.03434265192118253,0.20200109962044177,0.5041841848499957,0.03472754645701106,0.21378637031887,0.0022318277367182615,0.00029836423019501124,0.007770407067558244,0.008090074304714631,0.04103455692529678,0.055502183735370636,0.02774081751704216,-2.361260414123535,-0.00164340331684798,2.391246795654297,0.8277954459190369,-1.765552588040009e-05,-0.01886168122291565,-0.00023113055794965476,-0.004813077859580517,0.0010471976129338145,-0.09154820442199707,-0.0010315626859664917,0.2543458349287563,3.061440955100741,0.1414682056468375,0.02,1.0,0.710593706893921,1.4608800927508463,0.0,1.1271337270736694,1.7639408494031326,-1.1271337270736694,0.004014863630869965,True,True,OK,metrics within configured thresholds
19.28,unknown,pen_up,0.5,0.03464101615137754,0.2102601364037531,0.4976350758204362,0.034331970000803576,0.20200153703286258,0.5041528174559958,0.03472408524478572,0.2139514637038962,0.0023649241795637987,0.00030904615057396334,0.008258599370890518,0.008596094431027579,0.041034143418073654,0.05530020222067833,0.0277373269200325,-2.3614249229431152,-0.0016270880587399006,2.3908300399780273,0.8277796506881714,-0.00010900017514359206,-0.019825773313641548,-0.00019912586139980704,-0.005835692398250103,0.0007012239657342434,-0.051880694925785065,-0.0008005064446479082,0.25436152090800107,3.0607780551595316,0.1414205122489504,0.02,1.0,0.7105395858764649,1.4826161714673904,0.0,0.0,1.5410583565878206,0.0,0.003691327300143112,True,False,OK,metrics within configured thresholds
19.3,unknown,pen_up,0.5,0.03464101615137754,0.2107536987654321,0.4976178937161648,0.03433028408109495,0.2020012372512509,0.504122704757756,0.03472076248104939,0.21364298224388908,0.0023821062838351725,0.00031073207028258637,0.008752461514181187,0.009076153773720008,0.041036322712898254,0.05521274730563164,0.027734300121665,-2.3615705966949463,-0.0016256115632131696,2.3910000324249268,0.8277761340141296,0.00025352113880217075,-0.008614164777100086,7.186034054029733e-05,-0.005094780586659908,0.001318040769547224,-0.02417673170566559,-0.000601485837250948,0.2543627860019372,3.060325371577171,0.14136282448213824,0.02,1.0,0.7103750770568849,1.4762071228469604,0.0,0.10612846910953522,1.0016879317820835,-0.10612846910953522,0.002889283478456981,True,True,OK,metrics within configured thresholds
19.32,unknown,pen_up,0.5,0.03464101615137754,0.21125079961600002,0.4975949371708409,0.03432881300121873,0.20200085115248742,0.5040937965674458,0.03471757262786252,0.21367473207139284,0.002405062829159088,0.000312203150158806,0.009249948463512597,0.009562601350930136,0.041039321571588516,0.05514894425868988,0.027731522917747498,-2.3616578578948975,-0.0016225819708779454,2.3910346031188965,0.8277699947357178,0.0002959630801342428,-0.009156540036201477,-0.0002347984118387103,-0.004286178853362799,-0.0003934060805477202,-0.03432569280266762,-3.694020415423438e-05,0.2543455202414077,3.0605528442178778,0.1413473132980198,0.02,1.0,0.7102294033050538,1.4755808886574135,0.0,0.9159880876541138,0.6882421198466916,-0.9159880876541138,0.00242393245539282,True,True,OK,metrics within configured thresholds
19.34,unknown,pen_up,0.5,0.03464101615137754,0.2117500296280494,0.4974188307797255,0.034316781073704956,0.20200469028171572,0.5040660447047479,0.03471451036880312,0.21429890438900118,0.002581169220274515,0.00032423507767258275,0.009745339346333676,0.010086585244991744,0.04103932902216911,0.05492939427495003,0.027729367837309837,-2.361767530441284,-0.001596432295627892,2.3902852535247803,0.8277462124824524,-9.857452823780477e-05,-0.02761491760611534,-9.161064372165129e-05,-0.0031982355285435915,0.0012333294143900275,-0.0476502887904644,-0.001172587857581675,0.2543373820375372,3.0606114154049995,0.1413334796669966,0.02,1.0,0.7101421421051026,1.512227540517399,0.0,0.3964664340019226,0.7679532085792894,-0.3964664340019226,0.0025488747609517717,True,True,OK,metrics within configured thresholds
19.36,unknown,pen_up,0.5,0.03464101615137754,0.21224997037195062,0.49723073945034657,0.03430241976770227,0.20202302935272978,0.504039402916558,0.034711570600106094,0.2146082801061116,0.0027692605496534295,0.0003385963836752687,0.010226941019220837,0.010600649702425155,0.041037920862436295,0.05463358387351036,0.027726314961910248,-2.361943483352661,-0.0015716656344011426,2.3895702362060547,0.8277232646942139,-0.00021931638184469193,-0.04017309099435806,-0.00014230626402422786,0.007996930740773678,0.001200467930175364,-0.037744853645563126,-0.0010911201825365424,0.2543544832190453,3.059758960523095,0.14126418789522663,0.02,1.0,0.7100324695587159,1.5463381210179084,0.0,0.0,0.6379328374772111,0.0,0.002358309734160995,True,False,OK,metrics within configured thresholds
19.38,unknown,pen_up,0.5,0.03464101615137754,0.21274920038400003,0.4971127319967419,0.03429211854867859,0.20211805458410842,0.5040138267998957,0.03470874842215695,0.214775497972896,0.0028872680032581144,0.0003488976026989471,0.010631145799891606,0.0110217651525679,0.0410364493727684,0.054264213889837265,0.027723226696252823,-2.362048387527466,-0.0015506237978115678,2.38899564743042,0.8277053236961365,-0.00022779451683163643,-0.04888796806335449,-0.00014311278937384486,0.020503303036093712,0.0009897405980154872,-0.02996147610247135,-0.0008994443924166262,0.2543652143066317,3.058959388228026,0.1411855455525725,0.02,1.0,0.709856516647339,1.5641238000825726,0.0,0.0,0.4146563443601872,0.0,0.0020262975888959804,True,False,OK,metrics within configured thresholds
19.400000000000002,unknown,pen_up,0.5,0.03464101615137754,0.21324630123456792,0.49707034053726495,0.03428571487135147,0.20235672252613995,0.5039892737278998,0.03470603913132578,0.21505679092904165,0.002929659462735046,0.00035530128002606715,0.010889578708427966,0.011282378650543016,0.041033461689949036,0.05371713638305664,0.027719944715499878,-2.3619985580444336,-0.0015274642501026392,2.3883442878723145,0.8276845812797546,-0.0002925482694990933,-0.05715348571538925,-0.0001447643298888579,0.026660284027457237,0.0011220435844734311,-0.03347788378596306,-0.0009243109961971641,0.2543766177000782,3.058309571026457,0.14113183106229193,0.02,1.0,0.7097516124725343,1.567253743136387,0.0,0.0,0.2695266238341217,0.0,0.001810489694473721,True,False,OK,metrics within configured thresholds
19.42,unknown,pen_up,0.5,0.03464101615137754,0.21373986359624692,0.49706785647047086,0.03428151797778905,0.2026978169291878,0.5039657027787838,0.034703438212127846,0.21541007815934618,0.002932143529529141,0.00035949817358849057,0.011042046667059102,0.01143037616231785,0.0410296693444252,0.053025878965854645,0.027717119082808495,-2.3618505001068115,-0.0015008733607828617,2.3875882625579834,0.82766193151474,-0.00030756424530409276,-0.06326189637184143,-0.00011021115642506629,0.03039432130753994,0.0012865819735452533,-0.03848368301987648,-0.000953479902818799,0.2544029488790214,3.057538633960129,0.14110677835650098,0.02,1.0,0.7098014419555665,1.5624898633736561,0.0,0.0,0.1751923054921791,0.0,0.0016702145630992525,True,False,OK,metrics within configured thresholds
19.44,unknown,pen_up,0.5,0.03464101615137754,0.214228493312,0.49708197233927953,0.03427879668541531,0.20310312094432995,0.5039430746676326,0.03470094132969784,0.21580752903970585,0.002918027660720468,0.00036221946596223104,0.011125372367670056,0.01150738887365714,0.04102591425180435,0.052234236150979996,0.02771521359682083,-2.3616459369659424,-0.0014712568372488022,2.3867313861846924,0.8276392221450806,-0.00028929009567946196,-0.06729767471551895,-5.925851291976869e-05,0.032686080783605576,0.0014289969112724066,-0.04332815110683441,-0.0009549091919325292,0.25444063551044066,3.056624988150905,0.1410965091523681,0.02,1.0,0.7099494998931886,1.5545270847657433,0.0,0.0,0.11387499856991641,0.0,0.0015790357277058477,True,False,OK,metrics within configured thresholds
19.46,unknown,pen_up,0.5,0.03464101615137754,0.21471081746330867,0.49710172122410684,0.034277308472581466,0.20354700610787638,0.5039213516809272,0.03469854432256502,0.2162305869480088,0.0028982787758931594,0.00036370767879607274,0.01116381135543229,0.011539626818839807,0.04102271422743797,0.05138024315237999,0.02771436981856823,-2.361406087875366,-0.0014394011814147234,2.3857905864715576,0.8276172876358032,-0.00025575191830284894,-0.06962147355079651,-6.053470315237064e-06,0.0340731218457222,0.0015358333475887775,-0.04734989255666733,-0.0009453652892261744,0.2544863393379124,3.0555811347934703,0.14109229509007584,0.02,1.0,0.7101540630340577,1.5457799628977003,0.0,0.0,0.07401874907044567,0.0,0.0015197694847001347,True,False,OK,metrics within configured thresholds
19.48,unknown,pen_up,0.5,0.03464101615137754,0.215185490438321,0.49712173454666964,0.034276568157315994,0.20401051556645805,0.5039004976136902,0.03469624319571753,0.2166667368650674,0.002878265453330364,0.00036444799406154527,0.011174974871862947,0.011545444891686886,0.041020236909389496,0.05049353837966919,0.02771448902785778,-2.3611443042755127,-0.0014058907981961966,2.3847880363464355,0.8275951147079468,-0.0002214825217379257,-0.07065378129482269,3.7888166843913496e-05,0.0348350964486599,0.0016143072862178087,-0.050334323197603226,-0.0009487435454502702,0.25453779700862567,3.0544304098095316,0.14109037099675995,0.02,1.0,0.7103939121246339,1.5374388092629017,0.0,0.0,0.04811218689578969,0.0,0.001481246426746421,True,False,OK,metrics within configured thresholds
19.5,unknown,pen_up,0.5,0.03464101615137754,0.21565120000000002,0.4971371857147155,0.03427632870712168,0.20447971049860147,0.5038804777091425,0.03469403411394392,0.21710740643907653,0.0028628142852845095,0.00036468744425585675,0.01117148950139854,0.011538235577586582,0.04101838171482086,0.04959561675786972,0.02771536447107792,-2.3608744144439697,-0.0013713556108996272,2.3837411403656006,0.8275724053382874,-0.0001936394110089168,-0.07077974081039429,7.001389167271554e-05,0.03517188876867294,0.0016624591080471873,-0.05235742777585983,-0.0009550892864353955,0.254592986911034,3.0532041681239854,0.14108886127610593,0.02,1.0,0.7106556957244874,1.530526925688365,0.0,0.0,0.0312729214822633,0.0,0.0014562064390765076,True,False,OK,metrics within configured thresholds
19.52,unknown,pen_up,0.5,0.03464101615137754,0.2161066733542716,0.49714737257263797,0.0342761498502601,0.20494558857899764,0.5038612586007768,0.03469191339544127,0.21754660380136268,0.002852627427362031,0.0003648663011174419,0.011161084775273972,0.011525642021938808,0.041016992181539536,0.04870133474469185,0.02771671488881111,-2.3606033325195312,-0.0013365644263103604,2.38267183303833,0.8275496959686279,-0.00017580468556843698,-0.07029378414154053,8.838861685944721e-05,0.03525055944919586,0.0016746867913752794,-0.05346657335758209,-0.0009616064489819109,0.25465047958582815,3.0519229538008563,0.14108614435561095,0.02,1.0,0.7109255855560304,1.525042691267251,0.0,0.0,0.020327398963471147,0.0,0.0014399304470910637,True,False,OK,metrics within configured thresholds
19.54,unknown,pen_up,0.5,0.03464101615137754,0.21655068321817286,0.4971530330389625,0.034276278768318506,0.20540346063828951,0.5038428082567458,0.03468987750567872,0.21798003427047338,0.002846966961037478,0.0003647373830590328,0.011147222579883348,0.011510813415276128,0.04101587459445,0.04782046005129814,0.027718333527445793,-2.36033296585083,-0.001301769632846117,2.3815934658050537,0.8275269269943237,-0.00016788595530670136,-0.06941846758127213,9.672434680396691e-05,0.03519647195935249,0.0016744495369493961,-0.05388548597693443,-0.000972994661424309,0.25470895214924144,3.050613416864823,0.1410819656632135,0.02,1.0,0.7111966674804688,1.5208951276405456,0.0,0.0,0.013212809326256245,0.0,0.001429351052300525,True,False,OK,metrics within configured thresholds
19.56,unknown,pen_up,0.5,0.03464101615137754,0.21698205388800004,0.4971555693086811,0.03427615698130498,0.2058516855364038,0.503825095926476,0.034687923051506676,0.21840452833368673,0.0028444306913189,0.0003648591700725623,0.011130368351596254,0.011493868270252554,0.04101484641432762,0.046958841383457184,0.027720000594854355,-2.360064744949341,-0.001267487881705165,2.3805184364318848,0.8275041580200195,-0.0001694600796326995,-0.06831570714712143,9.400589624419808e-05,0.03504014387726784,0.0016494590090587735,-0.053729455918073654,-0.0009851750219240785,0.2547674496503856,3.049295979568963,0.14107651872678642,0.02,1.0,0.71146703414917,1.5177627568491272,0.0,0.0,0.008588326062066559,0.0,0.001422474445686675,True,False,OK,metrics within configured thresholds
19.580000000000002,unknown,pen_up,0.5,0.03464101615137754,0.2173996673074568,0.49715548296163947,0.03427563480934039,0.20628744178059039,0.5038080920894169,0.03468604677550151,0.21881767195884447,0.002844517038360528,0.00036538134203714656,0.011112225526866415,0.011476338129672452,0.04101370647549629,0.04612037166953087,0.027721596881747246,-2.359801769256592,-0.0012339523527771235,2.379457950592041,0.8274813890457153,-0.0001767597859725356,-0.06704951822757721,8.747725951252505e-05,0.03480401262640953,0.0016141990199685097,-0.05309133231639862,-0.0009856419637799263,0.2548259607150929,3.047978823825427,0.14107055652213085,0.02,1.0,0.7117352550506593,1.515441784380991,0.0,0.0,0.005582411940343263,0.0,0.0014180046513876726,True,False,OK,metrics within configured thresholds
19.6,unknown,pen_up,0.5,0.03464101615137754,0.21780246913580248,0.49715114382911435,0.0342748643041307,0.20670767075236812,0.5037917684058402,0.03468424555053655,0.2192175684208958,0.0028488561708856497,0.00036615184724683725,0.011094798383434357,0.01146056716863058,0.04101237282156944,0.04530783370137215,0.027723105624318123,-2.3595495223999023,-0.0012010636273771524,2.378417730331421,0.8274586200714111,-0.00018543211626820266,-0.06566431373357773,8.122525468934327e-05,0.034530069679021835,0.0015830082120373845,-0.05208658054471016,-0.0009805780136957765,0.2548834680041212,3.0466808987827996,0.14106406479120698,0.02,1.0,0.7119982307434083,1.514051395836676,0.0,0.0,0.003628567761223121,0.0,0.001415099285093321,True,False,OK,metrics within configured thresholds
19.62,unknown,pen_up,0.5,0.03464101615137754,0.218189474816,0.49714587316434333,0.03427407970314014,0.2071134562618742,0.5037760976696066,0.03468251637457019,0.219602685613002,0.0028541268356566674,0.00036693644823739685,0.011076018554125822,0.011443726200953956,0.041010864078998566,0.04452366754412651,0.027724508196115494,-2.3593034744262695,-0.0011691534891724586,2.3774046897888184,0.8274359107017517,-0.0001935065956786275,-0.06417153030633926,7.395446300506592e-05,0.03428928926587105,0.0015355212381109595,-0.05076858401298523,-0.0009614369482733309,0.2549395549221315,3.045406697614828,0.1410563065646436,0.02,1.0,0.7122504776000977,1.5130839757342756,0.0,0.0,0.002358569044795029,0.0,0.0014132107970019922,True,False,OK,metrics within configured thresholds
19.64,unknown,pen_up,0.5,0.03464101615137754,0.21855977564286422,0.49714199952053856,0.034273189271001786,0.20750615631717964,0.5037610537628223,0.034680856365642485,0.21997175892260684,0.002858000479461442,0.0003678268803757531,0.011053619325684577,0.011423045283621893,0.041009221225976944,0.04376930370926857,0.027725782245397568,-2.359060525894165,-0.0011384416138753295,2.37642502784729,0.8274147510528564,-0.00020131915516685694,-0.06262093782424927,6.675969052594155e-05,0.03398355841636658,0.0014790541026741266,-0.04920406639575958,-0.00093467952683568,0.25499419801842493,3.0441662055480325,0.14104861185023243,0.02,1.0,0.7124965255737306,1.512092496849266,0.0,0.0,0.0015330698791167687,0.0,0.0014119832797426287,True,False,OK,metrics within configured thresholds
19.66,unknown,pen_up,0.5,0.03464101615137754,0.2189125448312099,0.49713794386205723,0.034272153355934525,0.20788295631468925,0.5037466116123094,0.03467926275707189,0.22032373022473395,0.00286205613794277,0.0003688627954430146,0.011029588516520639,0.011400844176742433,0.041007399559020996,0.04304608330130577,0.027726957574486732,-2.3588263988494873,-0.0011090465122833848,2.3754825592041016,0.8273960947990417,-0.00020671306992881,-0.060994554311037064,6.121576006989926e-05,0.03357971832156181,0.001415541279129684,-0.04743530973792076,-0.000903166423086077,0.255047576007763,3.0429629967686913,0.14104206884079726,0.02,1.0,0.712739474105835,1.5112513201059312,0.0,0.0,0.0009964954214258996,0.0,0.0014111853935240425,True,False,OK,metrics within configured thresholds
19.68,unknown,pen_up,0.5,0.03464101615137754,0.21924704358400002,0.49713152177289416,0.03427102085977763,0.20824066041300437,0.503732747147817,0.034677732892844114,0.220657710351482,0.0028684782271058418,0.00036999529159990885,0.011006383170995643,0.011380049840047384,0.041005488485097885,0.04235581308603287,0.02772807702422142,-2.3586065769195557,-0.0010809204541146755,2.3745806217193604,0.8273805379867554,-0.0002098730328725651,-0.059279654175043106,5.859349403181113e-05,0.03313564136624336,0.0013560146326199174,-0.04549999162554741,-0.0008739886688999832,0.2550988160145864,3.041807494948248,0.14103566582455074,0.02,1.0,0.7129736011505128,1.5108001752247264,0.0,0.0,0.0006477220239268348,0.0,0.0014106667674819613,True,False,OK,metrics within configured thresholds
19.7,unknown,pen_up,0.5,0.03464101615137754,0.21956262716049385,0.4971270063299449,0.034269933628234966,0.20858252549331674,0.5037194372619044,0.03467626422318545,0.22097295682104845,0.002872993670055113,0.0003710825231425727,0.010980101667177111,0.011355810296438744,0.04100355505943298,0.041700318455696106,0.027729162946343422,-2.3583924770355225,-0.0010544609976932406,2.3737218379974365,0.8273652791976929,-0.00021001407003495842,-0.05748692899942398,5.605077967629768e-05,0.03271156921982765,0.0012762175174430013,-0.04345352202653885,-0.0008135414682328701,0.2551475309423377,3.0407020450110602,0.14102861170368403,0.02,1.0,0.7131934230804444,1.5102020280928308,0.0,0.0,0.00042101931555244264,0.0,0.0014103296605546087,True,False,OK,metrics within configured thresholds
19.72,unknown,pen_up,0.5,0.03464101615137754,0.21985875094439505,0.49712298637467855,0.034268871187142926,0.20890624054451487,0.5037066597714281,0.034674854300313133,0.2212688614854469,0.002877013625321445,0.00037214496423461363,0.010952510399880183,0.01133018902464447,0.04100162535905838,0.041080500930547714,0.027730248868465424,-2.3581888675689697,-0.0010294107487425208,2.3729090690612793,0.8273500204086304,-0.00020901625975966454,-0.0556550994515419,5.489501927513629e-05,0.03218359500169754,0.0012079684529453516,-0.0412759929895401,-0.0007588945445604622,0.25519448702320635,3.0396456681753787,0.1410227338206237,0.02,1.0,0.7134075229644776,1.5095992860787646,0.0,0.0,0.00027366255510908775,0.0,0.0014101105410518294,True,False,OK,metrics within configured thresholds
19.740000000000002,unknown,pen_up,0.5,0.03464101615137754,0.22013497651200004,0.49711715018685776,0.034267862965498226,0.20920935971834934,0.5036943933805711,0.03467350077435571,0.22154494462537505,0.002882849813142241,0.000373153185879313,0.0109256167936507,0.011305713983069284,0.04099971055984497,0.04049743339419365,0.02773134596645832,-2.3580005168914795,-0.001005683559924364,2.372143507003784,0.8273347616195679,-0.0002076508098980412,-0.05377235636115074,5.5372958740917966e-05,0.031609002500772476,0.0011470799800008535,-0.039011891931295395,-0.0007092434680089355,0.2552388830282679,3.038647998094432,0.14101738210570264,0.02,1.0,0.7136111324310304,1.5092835341248623,0.0,0.0,0.00017788066082090705,0.0,0.0014099681133750229,True,False,OK,metrics within configured thresholds
19.76,unknown,pen_up,0.5,0.03464101615137754,0.2203909777003457,0.49711281432065835,0.03426695780936368,0.20949396046072893,0.5036826176453482,0.03467220138943658,0.22180085323573082,0.002887185679341653,0.00037405834201385824,0.01089701723961678,0.011279217415704468,0.04099784046411514,0.039952293038368225,0.02773244120180607,-2.357821226119995,-0.000983655103482306,2.371426820755005,0.8273195624351501,-0.00020479557861108333,-0.05183875188231468,5.367948688217439e-05,0.031048372387886047,0.0010650077601894736,-0.03667420148849487,-0.00064547621877864,0.2552805810591846,3.037706111832458,0.14101155977646557,0.02,1.0,0.7137994831085206,1.5088501009947353,0.0,0.0,0.00011562242953358959,0.0,0.0014098755353850986,True,False,OK,metrics within configured thresholds
19.78,unknown,pen_up,0.5,0.03464101615137754,0.22062654667535803,0.4971071267177937,0.034266000684588065,0.20975751241886825,0.5036713129395343,0.03467095397991422,0.22203636203504967,0.0028928732822062764,0.0003750154667894745,0.010869034256489774,0.011253677536520337,0.040995996445417404,0.03944540396332741,0.02773352712392807,-2.3576581478118896,-0.0009631592547520995,2.370760679244995,0.8273045420646667,-0.0002028183953370899,-0.04990106448531151,5.232929834164679e-05,0.030411573126912117,0.0009923743782564998,-0.03428177163004875,-0.0005906829028390348,0.25531983037105316,3.036824338264917,0.14100666643145018,0.02,1.0,0.713978773880005,1.5086421512242896,0.0,0.0,7.515457919683324e-05,0.0,0.0014098153596916478,True,False,OK,metrics within configured thresholds
19.8,unknown,pen_up,0.5,0.03464101615137754,0.22084160000000003,0.49710275961320005,0.03426510307046973,0.2100013193119485,0.5036604604219529,0.034669756466772755,0.22225137624549093,0.0028972403867999486,0.0003759130809078068,0.01084028068805154,0.011227065417955196,0.04099419713020325,0.03897732123732567,0.02773459441959858,-2.3575057983398438,-0.0009443289018236101,2.3701469898223877,0.827293872833252,-0.00020045903511345387,-0.04793723300099373,5.0509355787653476e-05,0.02978975884616375,0.0009122522897087038,-0.03184109553694725,-0.0005413464969024062,0.25535611483693343,3.036003973464095,0.141001455489965,0.02,1.0,0.7141418521881104,1.5082666884495803,0.0,0.0,4.885047647794161e-05,0.0,0.0014097762454909047,True,False,OK,metrics within configured thresholds
19.82,unknown,pen_up,0.5,0.03464101615137754,0.22103618470241976,0.4970971462378533,0.03426411082217283,0.21022390224920723,0.5036500420050748,0.034668606854156944,0.22244593552368017,0.0029028537621467176,0.00037690532920470893,0.01081228245321253,0.011201520853868005,0.04099243879318237,0.03854792192578316,0.027735648676753044,-2.3573687076568604,-0.0009270569426007569,2.3695826530456543,0.8272862434387207,-0.00019801713642664254,-0.04599525406956673,4.902707223664038e-05,0.029112212359905243,0.0008366944966837764,-0.029423894360661507,-0.0004965468542650342,0.25538954364003286,3.0352498072736624,0.14099688525126972,0.02,1.0,0.7142942016601563,1.5081551246434313,0.0,0.0,3.175280971066205e-05,0.0,0.0014097508212604218,True,False,OK,metrics within configured thresholds
19.84,unknown,pen_up,0.5,0.03464101615137754,0.2212104843440988,0.497091725739755,0.034263370848302444,0.2104263068938295,0.5036400403248718,0.03466750322604577,0.2226202186396094,0.0029082742602449807,0.00037764530307509564,0.0107841774502693,0.01117582920532678,0.04099073261022568,0.03815716877579689,0.02773670107126236,-2.357245445251465,-0.0009111880208365619,2.3690710067749023,0.8272786140441895,-0.0001957135391421616,-0.044054631143808365,4.869024996878579e-05,0.028454182669520378,0.0007718708366155624,-0.026965312659740448,-0.00044446616084314883,0.2554201490286575,3.0345559920766574,0.14099212795382907,0.02,1.0,0.7144312923431397,1.5080212513910762,0.0,0.0,2.0639326311930334e-05,0.0,0.0014097342955106077,True,False,OK,metrics within configured thresholds
19.86,unknown,pen_up,0.5,0.03464101615137754,0.22136482508799998,0.49708622041470324,0.034262484794847024,0.21060800599658713,0.503630438711877,0.034666443743059036,0.2227745486417732,0.0029137795852967607,0.00037853135653051484,0.01075681909141285,0.011150899265303806,0.040989089757204056,0.03780468553304672,0.02773771621286869,-2.357135534286499,-0.0008970246417447925,2.36860990524292,0.8272709846496582,-0.0001934128813445568,-0.04214133694767952,4.564202390611172e-05,0.027775663882493973,0.0006903173052705824,-0.024521691724658012,-0.00038476582267321646,0.25544782090670226,3.0339261326785834,0.140987610162887,0.02,1.0,0.7145545547485352,1.5079617537073342,0.0,0.0,1.3415562102754717e-05,0.0,0.0014097235537732285,True,False,OK,metrics within configured thresholds
19.88,unknown,pen_up,0.5,0.03464101615137754,0.22149968176671608,0.49707951210028584,0.03426163656015283,0.21076865399844502,0.5036212211634018,0.03466542663939178,0.22290939833836002,0.0029204878997141637,0.0003793795912247072,0.010731027768271062,0.011127809101975972,0.04098748043179512,0.03748982772231102,0.027738699689507484,-2.357041835784912,-0.000884297420270741,2.368199110031128,0.827263355255127,-0.00019153875473421067,-0.04027024656534195,4.383796112961136e-05,0.027102956548333168,0.0006220783106982708,-0.022123342379927635,-0.00033099474967457354,0.2554726568227892,3.033359785782431,0.14098329976033977,0.02,1.0,0.7146644657135011,1.508103574240748,0.0,0.0,8.720115366790566e-06,0.0,0.0014097165716439322,True,False,OK,metrics within configured thresholds
19.900000000000002,unknown,pen_up,0.5,0.03464101615137754,0.22161568395061731,0.49707424053010285,0.0342608386421451,0.21091095605493904,0.5036123723168657,0.03466445021987121,0.22302539598387722,0.002925759469897149,0.00038017750923243637,0.010704727895678279,0.011103864315396318,0.04098591208457947,0.037211719900369644,0.027739640325307846,-2.356959104537964,-0.0008729834808036685,2.3678388595581055,0.8272557854652405,-0.00019008871458936483,-0.03845023736357689,4.116378113394603e-05,0.026453929021954536,0.0005551272188313305,-0.019765786826610565,-0.0002819121000356972,0.25549440447498484,3.032855789169325,0.14097853222145035,0.02,1.0,0.714758164215088,1.508061159363539,0.0,0.0,5.668074988413868e-06,0.0,0.0014097120332598897,True,False,OK,metrics within configured thresholds
19.92,unknown,pen_up,0.5,0.03464101615137754,0.221713622016,0.4970666135379758,0.03425984526446943,0.2110323111138393,0.5036038774241911,0.034663512857131464,0.22312333109931026,0.002933386462024179,0.0003811708869081096,0.010681310902160707,0.01108334110136606,0.040984369814395905,0.03696905076503754,0.027740541845560074,-2.3568942546844482,-0.0008631179807707667,2.367526054382324,0.8272483944892883,-0.00018825061852112412,-0.03670044615864754,3.88616717827972e-05,0.02578943781554699,0.00048577235429547727,-0.01749682053923607,-0.0002280993212480098,0.2555136320689567,3.0324131226505693,0.14097467398812227,0.02,1.0,0.7148408954620362,1.5083745905783112,0.0,0.0,3.6842487424690147e-06,0.0,0.0014097090833102618,True,False,OK,metrics within configured thresholds
19.94,unknown,pen_up,0.5,0.03464101615137754,0.22179445321323457,0.4970608576403732,0.03425914788530283,0.2111370766243161,0.5035957223272235,0.034662612988901303,0.2232041603790776,0.0029391423596267785,0.00038186826607471136,0.010657376588918466,0.011061828824422061,0.04098287224769592,0.03676072880625725,0.027741417288780212,-2.356837272644043,-0.0008546383469365537,2.3672590255737305,0.827244222164154,-0.00018577462469693273,-0.035014163702726364,3.7431240343721583e-05,0.025188099592924118,0.00042003608541563153,-0.01529004331678152,-0.0001818854798329994,0.25552968142281357,3.0320306261122214,0.14096984853795524,0.02,1.0,0.7149057453155518,1.508483390000814,0.0,0.0,2.3947616826048595e-06,0.0,0.0014097071658430039,True,False,OK,metrics within configured thresholds
19.96,unknown,pen_up,0.5,0.03464101615137754,0.22185930773491358,0.497053278995619,0.03425828831478098,0.21122255310169322,0.5035878934341346,0.034661749115400355,0.22326901365440285,0.002946721004380981,0.00038272783659656223,0.010636754633220363,0.011044011698739765,0.040981415659189224,0.03658474236726761,0.027742251753807068,-2.356797218322754,-0.0008474005735479295,2.367036819458008,0.827244222164154,-0.000184116157470271,-0.03343462198972702,3.4656175557756796e-05,0.024556560441851616,0.00036067827022634447,-0.013204189017415047,-0.00015834721853025258,0.2555436190281319,3.0317023055721712,0.14096605914959842,0.02,1.0,0.7149627273559571,1.5088326284507076,0.0,0.0,1.5565950936931588e-06,0.0,0.001409705919489286,True,False,OK,metrics within configured thresholds
19.98,unknown,pen_up,0.5,0.03464101615137754,0.22190949478400002,0.49704569271116367,0.034257501781094116,0.21129167776040833,0.5035803776967691,0.03466091979683944,0.22331919989335938,0.002954307288836333,0.00038351437028342344,0.010617817023591686,0.01102783084634321,0.040979981422424316,0.03643940016627312,0.02774304710328579,-2.3567676544189453,-0.0008414284093305469,2.366854190826416,0.827244222164154,-0.00018245354294776917,-0.031948067247867584,3.22312225762289e-05,0.024013223126530647,0.0003007625346072018,-0.011257929727435112,-0.00011138858099002391,0.2555545364161252,3.0314318832135183,0.14096146475457275,0.02,1.0,0.7150027816772462,1.5092832662365339,0.0,0.0,1.0117868109005532e-06,0.0,0.0014097051093593695,True,False,OK,metrics within configured thresholds
20.0,unknown,pen_up,0.5,0.03464101615137754,0.22194650864197532,0.49703878975288496,0.03425656276633702,0.2113467256982714,0.5035731625888984,0.03466012365102097,0.22335621322475024,0.0029612102471150425,0.0003844533850405202,0.010599782943703923,0.011012355287881193,0.0409785658121109,0.036322131752967834,0.027743790298700333,-2.3567469120025635,-0.00083659787196666,2.3667101860046387,0.827244222164154,-0.0001814012066461146,-0.030602429062128067,2.9393053409876302e-05,0.02348293364048004,0.00024660470080561936,-0.009446387179195881,-7.150934106903151e-05,0.2555632771888887,3.0312104611881048,0.14095714002814466,0.02,1.0,0.7150323455810548,1.5096284495827743,0.0,0.0,6.576614270853595e-07,0.0,0.001409704582774924,True,False,OK,metrics within configured thresholds
20.02,unknown,pen_up,0.5,0.03464101615137754,0.2219720347369877,0.4970293229589217,0.034255698092648564,0.21138529757218313,0.5035662360853425,0.03465935935103523,0.22338173897748273,0.0029706770410782846,0.0003853180587289756,0.010586737164804572,0.011002381373385793,0.040977172553539276,0.03623035177588463,0.027744509279727936,-2.3567421436309814,-0.0008325363742187619,2.3666012287139893,0.827244222164154,-0.00018005027959588915,-0.029379813000559807,2.8777436455129646e-05,0.02300024963915348,0.00021054512762930244,-0.00781338568776846,-3.939443558920175e-05,0.2555699096834383,3.031036050377248,0.1409531407974088,0.02,1.0,0.7150530879974366,1.5103350872447356,0.0,0.0,4.2747992760548373e-07,0.0,0.0014097042404950342,True,False,OK,metrics within configured thresholds
20.04,unknown,pen_up,0.5,0.03464101615137754,0.22198795571200003,0.4970207889632128,0.0342546737318862,0.21141271937218126,0.5035595866419288,0.03465862562304892,0.22339765973001313,0.0029792110367872215,0.0003863424194913423,0.010575236339818772,0.010993661014868376,0.04097582399845123,0.03616147115826607,0.027745181694626808,-2.3567426204681396,-0.0008295646985061467,2.3665213584899902,0.827244222164154,-0.00017802270303945988,-0.02830727957189083,2.6238139980705455e-05,0.022634584456682205,0.00015767071454320103,-0.006402552127838135,1.4551753793057287e-06,0.2555740920407617,3.030906718259585,0.14094808589667052,0.02,1.0,0.7150578563690186,1.51099935145539,0.0,0.0,2.7786195294356444e-07,0.0,0.0014097040180131057,True,False,OK,metrics within configured thresholds
20.06,unknown,pen_up,0.5,0.03464101615137754,0.2219963574929383,0.4970131985107783,0.03425389269043187,0.21143098581251601,0.5035532031762516,0.034657921244182065,0.22340606136633817,0.002986801489221702,0.0003871234609456667,0.010565371680422292,0.010986260804090757,0.04097449406981468,0.03611176460981369,0.027745846658945084,-2.3567473888397217,-0.00082727475091815,2.3664660453796387,0.827244222164154,-0.0001761546591296792,-0.027427133172750473,2.633203075674828e-05,0.022287720814347267,0.0001255975366802886,-0.005188602022826672,3.2809974072733894e-05,0.25557687692780534,3.030812292410858,0.1409436137341812,0.02,1.0,0.7150573795318604,1.5115998788887774,0.0,0.0,1.806102694133169e-07,0.0,0.0014097038733998524,True,False,OK,metrics within configured thresholds
20.080000000000002,unknown,pen_up,0.5,0.03464101615137754,0.2219995353568395,0.4970049742120205,0.03425311386448218,0.21144046784347684,0.5035470750492015,0.03465724504046989,0.22340923913624075,0.0029950257879794995,0.00038790228689535716,0.010559067513362663,0.010982465770790805,0.040973205119371414,0.03607741743326187,0.027746502310037613,-2.356759786605835,-0.0008255750290118158,2.3664321899414062,0.827244222164154,-0.00017444934928789735,-0.026737168431282043,2.5432535039726645e-05,0.021969009190797806,9.753216727403924e-05,-0.004208914935588837,5.583172242040746e-05,0.25557845832395526,3.0307470807918264,0.14093964851399274,0.02,1.0,0.7150526111602784,1.5122764779379392,0.0,0.0,1.1739667511865599e-07,0.0,0.0014097037794012378,True,False,OK,metrics within configured thresholds
20.1,unknown,pen_up,0.5,0.03464101615137754,0.222,0.496993770559527,0.034251962993691404,0.21144087151879065,0.5035411920472335,0.03465659588490619,0.22340970371830216,0.0030062294404730183,0.0003890531576861353,0.010559128481209351,0.010985625703206839,0.04097193852066994,0.036054786294698715,0.02774713933467865,-2.356782913208008,-0.0008243965567089617,2.3664133548736572,0.827244222164154,-0.00017359825142193586,-0.02623179368674755,2.4395432774326764e-05,0.02176292985677719,7.287922198884189e-05,-0.0035144237335771322,7.52503183321096e-05,0.25557864281941084,3.030710032021179,0.14093547413804397,0.02,1.0,0.7150402133941651,1.513384155233003,0.0,0.0,7.63078388271264e-08,0.0,0.0014097037183021383,True,False,OK,metrics within configured thresholds
20.12,unknown,pen_up,0.5,0.03464101615137754,0.222,0.4969825316698612,0.03425093280171311,0.21143701749584523,0.5035355443653441,0.03465597269556504,0.22340970367858773,0.003017468330138773,0.00039008334966442876,0.010562982504154772,0.01099244647592863,0.04097067937254906,0.03604009747505188,0.027747787535190582,-2.356808662414551,-0.0008233244298025966,2.3664042949676514,0.827244222164154,-0.00017270610260311514,-0.025926582515239716,2.5528106561978348e-05,0.021735748276114464,6.829793710494414e-05,-0.0031129615381360054,8.507139136781916e-05,0.25557752252583915,3.030691204514938,0.14092999872171016,0.02,1.0,0.7150170867919923,1.5145332672228875,0.0,0.0,4.9600095237632156e-08,0.0,0.0014097036785877236,True,False,OK,metrics within configured thresholds
20.14,unknown,pen_up,0.5,0.03464101615137754,0.222,0.49697169490861676,0.03424997727125769,0.21143143228090563,0.5035301225907304,0.03465537443379754,0.22340970365277335,0.0030283050913832432,0.00039103888011984833,0.010568567719094368,0.011000825731068854,0.040969446301460266,0.03602931275963783,0.02774844691157341,-2.3568344116210938,-0.0008224869961850345,2.3663995265960693,0.8272444605827332,-0.0001713219244265929,-0.02580949105322361,2.583516834420152e-05,0.021790292114019394,5.549602065002546e-05,-0.002890960779041052,9.705733828013763e-05,0.2555757803302212,3.0306861986756446,0.14092455799123638,0.02,1.0,0.7149913375854493,1.5156537007440807,0.0,0.0,3.22400619044609e-08,0.0,0.001409703652773354,True,False,OK,metrics within configured thresholds
20.16,unknown,pen_up,0.5,0.03464101615137754,0.222,0.49696222579783256,0.03424911049668876,0.21142693570813662,0.5035249176871012,0.034654800102500743,0.22340970363599402,0.0030377742021674425,0.0003919056546887803,0.010573064291863388,0.011007785911136159,0.04096823185682297,0.03601949289441109,0.027749117463827133,-2.3568570613861084,-0.0008217935683205724,2.3663957118988037,0.8272446990013123,-0.0001704931928543374,-0.025810372084379196,2.6569099645712413e-05,0.0218904260545969,4.973155228071846e-05,-0.002748689614236355,0.00010375968849984929,0.255573778609452,3.0306872045265,0.14091927347774827,0.02,1.0,0.7149655883789063,1.5166264448420286,0.0,0.0,2.0956040237899585e-08,0.0,0.001409703635994014,True,False,OK,metrics within configured thresholds
20.18,unknown,pen_up,0.5,0.03464101615137754,0.222,0.4969559565740919,0.03424831908317352,0.21142512940678654,0.5035199209796171,0.034654248744455815,0.22340970362508744,0.003044043425908083,0.00039269706820401623,0.010574870593213465,0.011011280553568743,0.04096703231334686,0.036008983850479126,0.027749797329306602,-2.3568742275238037,-0.0008211986860260367,2.3663947582244873,0.8272449374198914,-0.00016979440988507122,-0.025867275893688202,2.7221834898227826e-05,0.021967172622680664,4.5066211896482855e-05,-0.00260834489017725,0.00010865970398299396,0.2555721660249723,3.0306861059913732,0.14091467708626212,0.02,1.0,0.7149429386138917,1.5170597884305297,0.0,0.0,1.362142615463473e-08,0.0,0.0014097036250874427,True,False,OK,metrics within configured thresholds
20.2,unknown,pen_up,0.5,0.03464101615137754,0.222,0.4969505437387174,0.03424779469207185,0.21142470415088943,0.5035151241404324,0.034653719440732686,0.22340970361799817,0.0030494562612826126,0.00039322145930568986,0.010575295849110572,0.011013205205649695,0.04096585139632225,0.03599706292152405,0.027750521898269653,-2.3568899631500244,-0.0008204949554055929,2.366394519805908,0.8272451758384705,-0.00016827283252496272,-0.025937359780073166,2.93189768854063e-05,0.021986888721585274,5.038465678808279e-05,-0.0025258453097194433,0.00011109300248790532,0.2555707886213121,3.030689274385948,0.14091143142061796,0.02,1.0,0.7149257724761964,1.5172874695913947,0.0,0.0,8.853927000512575e-09,0.0,0.0014097036179981715,True,False,OK,metrics within configured thresholds
20.22,unknown,pen_up,0.5,0.03464101615137754,0.222,0.49694543890592524,0.03424729593080969,0.21142498595466608,0.5035105191748152,0.03465321130915848,0.22340970361339016,0.003054561094074759,0.0003937202205678489,0.010575014045333925,0.011014367033494434,0.040964704006910324,0.03598417714238167,0.027751268818974495,-2.356905221939087,-0.0008199134608730674,2.366394519805908,0.8272454142570496,-0.00016686710296198726,-0.025971025228500366,2.981104626087472e-05,0.022004127502441406,4.419495235197246e-05,-0.0024583833292126656,0.00011547498434083536,0.25556956388725466,3.0306917420582313,0.14090851406859206,0.02,1.0,0.7149100368499757,1.517429450255954,0.0,0.0,5.755052550333174e-09,0.0,0.001409703613390145,True,False,OK,metrics within configured thresholds
20.240000000000002,unknown,pen_up,0.5,0.03464101615137754,0.222,0.49694139541295856,0.0342467949400754,0.21142572289271103,0.5035060984078226,0.03465272350284724,0.22340970361039494,0.003058604587041436,0.0003942212113021426,0.010574277107288976,0.011014799531768482,0.04096357896924019,0.035971030592918396,0.027752019464969635,-2.356919765472412,-0.0008195203263312578,2.3663973808288574,0.8272456526756287,-0.00016585267439950258,-0.02597079984843731,3.0057419280637987e-05,0.02202462963759899,3.531158290570602e-05,-0.002405107021331787,0.00012254728062544018,0.25556834439755477,3.0306946465504385,0.14090567275092358,0.02,1.0,0.7148947780609132,1.5173445740137246,0.0,0.0,3.740784157716563e-09,0.0,0.001409703610394928,True,False,OK,metrics within configured thresholds
20.26,unknown,pen_up,0.5,0.03464101615137754,0.222,0.49693748073729116,0.034246440168773366,0.21142687513819938,0.5035018544715096,0.03465225520878845,0.22340970360844803,0.0030625192627088405,0.0003945759826041728,0.01057312486180062,0.011014793860247096,0.040962472558021545,0.03595798462629318,0.027752796187996864,-2.356933832168579,-0.000819050648715347,2.3664002418518066,0.8272458910942078,-0.00016526256513316184,-0.025959687307476997,3.0828432500129566e-05,0.02203371375799179,3.917048161383718e-05,-0.0024079838767647743,0.00012076115672243759,0.2555670235295511,3.0307023755388305,0.1409032296958442,0.02,1.0,0.714880234527588,1.517239568986327,0.0,0.0,2.431509702515766e-09,0.0,0.001409703608448037,True,False,OK,metrics within configured thresholds
20.28,unknown,pen_up,0.5,0.03464101615137754,0.222,0.4969339490315702,0.03424593620023615,0.211428113030838,0.5034977802926492,0.03465180564649202,0.22340970360718257,0.003066050968429823,0.00039507995114138744,0.010571886969162003,0.011014606247957331,0.040961384773254395,0.03594541922211647,0.027753571048378944,-2.356947183609009,-0.0008186818449757993,2.366403579711914,0.8272461295127869,-0.00016504983068443835,-0.025928806513547897,3.0294768293970264e-05,0.022044209763407707,3.405525058042258e-05,-0.0024028108455240726,0.0001224524457938969,0.2555658830878237,3.030707564530554,0.14090091592717718,0.02,1.0,0.714866167831421,1.5170952493308805,0.0,0.0,1.580481306635248e-09,0.0,0.0014097036071825575,True,False,OK,metrics within configured thresholds
20.3,unknown,pen_up,0.5,0.03464101615137754,0.222,0.49693028273278594,0.034245603282034714,0.21142887762148715,0.5034938690809433,0.03465137406668744,0.22340970360636,0.003069717267214056,0.00039541286934282466,0.010571122378512848,0.011014905527482712,0.04096028208732605,0.035933513194322586,0.02775435894727707,-2.3569605350494385,-0.0008182704914361238,2.3664069175720215,0.827246367931366,-0.0001647315511945635,-0.02589372731745243,3.130757249891758e-05,0.02204802818596363,3.650839062174782e-05,-0.0024049205239862204,0.0001236339012393728,0.2555646877304976,3.030714155957266,0.14089872196437728,0.02,1.0,0.7148528163909913,1.5169878782483293,0.0,0.0,1.0273128493129112e-09,0.0,0.001409703606359996,True,False,OK,metrics within configured thresholds
20.32,unknown,pen_up,0.5,0.03464101615137754,0.222,0.49692631177448754,0.03424513749780275,0.21142914683281855,0.5034901143177055,0.03465095975007504,0.22340970360582532,0.003073688225512461,0.00039587865357478685,0.010570853167181454,0.011015771234830557,0.0409591980278492,0.0359223373234272,0.027755141258239746,-2.356973886489868,-0.000817881606053561,2.3664088249206543,0.8272466063499451,-0.00016470714763272554,-0.025858571752905846,3.0782550311414525e-05,0.022061187773942947,3.5188448237022385e-05,-0.0024120428133755922,0.00012201755453133956,0.2555634883580978,3.030720886709793,0.14089650355453323,0.02,1.0,0.7148394649505616,1.5169982336222039,0.0,0.0,6.677533520533924e-10,0.0,0.0014097036058253309,True,False,OK,metrics within configured thresholds
20.34,unknown,pen_up,0.5,0.03464101615137754,0.222,0.4969223268957056,0.034244826522749905,0.21142911836541062,0.5034865097449973,0.03465056200612714,0.2234097036054778,0.0030776731042944094,0.00039618962862763424,0.010570881634589385,0.011016922278532622,0.040958110243082047,0.035911764949560165,0.02775593101978302,-2.356987237930298,-0.0008174885297194123,2.3664114475250244,0.8272468447685242,-0.00016447744565084577,-0.025830840691924095,3.106455551460385e-05,0.02207874320447445,3.522113911458291e-05,-0.002407696796581149,0.00012382208660710603,0.25556234557771673,3.030726539666849,0.14089421757949905,0.02,1.0,0.7148261135101319,1.5170121906207379,0.0,0.0,4.34039678834705e-10,0.0,0.0014097036054777988,True,False,OK,metrics within configured thresholds
20.36,unknown,pen_up,0.5,0.03464101615137754,0.222,0.49691851498651074,0.03424439385486712,0.21142918102377467,0.5034830493551974,0.034650180171937155,0.22340970360525192,0.00308148501348926,0.00039662229651041964,0.010570818976225332,0.011017943227416527,0.040957022458314896,0.03590172156691551,0.02775670774281025,-2.3569998741149902,-0.0008171366644091904,2.3664135932922363,0.8272470831871033,-0.00016493657312821597,-0.02580707147717476,3.0171959224389866e-05,0.022108273580670357,3.331072366563603e-05,-0.002411434892565012,0.00012127740046707913,0.2555611345355775,3.0307328256762247,0.140891899075072,0.02,1.0,0.7148127620697022,1.5170441178421796,0.0,0.0,2.821257912425583e-10,0.0,0.0014097036052519028,True,False,OK,metrics within configured thresholds
20.38,unknown,pen_up,0.5,0.03464101615137754,0.222,0.4969154159832759,0.034244035159415855,0.21142988840342278,0.5034797273809896,0.03464981361111477,0.22340970360510506,0.0030845840167241234,0.00039698099196168457,0.010570111596577225,0.01101814465453713,0.040955930948257446,0.03589208424091339,0.02775748260319233,-2.357011079788208,-0.0008168588392436504,2.3664164543151855,0.8272473216056824,-0.0001650868507567793,-0.025788966566324234,3.0307593988254666e-05,0.02213091403245926,2.988923733937554e-05,-0.0024078129790723324,0.0001261536090169102,0.2555601179067727,3.0307367540303893,0.14088973334842742,0.02,1.0,0.7148001258850099,1.516961770447233,0.0,0.0,1.833817643076629e-10,0.0,0.0014097036051050704,True,False,OK,metrics within configured thresholds
20.400000000000002,unknown,pen_up,0.5,0.03464101615137754,0.222,0.4969123588991274,0.03424359865570556,0.21143024176994119,0.5034765382857499,0.03464946171272528,0.22340970360500964,0.003087641100872618,0.00039741749567197976,0.010569758230058818,0.011018677655488439,0.0409548394382,0.03588283807039261,0.027758263051509857,-2.3570220470428467,-0.0008165101171471179,2.3664188385009766,0.8272475600242615,-0.0001651137717999518,-0.0257673691958189,3.051258136110846e-05,0.022143138572573662,3.3721265936037526e-05,-0.0024098074063658714,0.00012314050400163978,0.2555590841779283,3.0307428702297345,0.14088787786060922,0.02,1.0,0.7147889202117921,1.516917214608551,0.0,0.0,1.1919814679998089e-10,0.0,0.0014097036050096294,True,False,OK,metrics within configured thresholds
20.42,unknown,pen_up,0.5,0.03464101615137754,0.222,0.4969092884847026,0.03424327246948777,0.21143041978281554,0.50347347675432,0.034649123890271374,0.2234097036049476,0.003090711515297384,0.0003977436818897659,0.01056958021718446,0.011019379459605344,0.04095373675227165,0.03587395325303078,0.027759060263633728,-2.357032537460327,-0.0008161127334460616,2.3664207458496094,0.8272477984428406,-0.00016455643344670534,-0.025751037523150444,3.148480027448386e-05,0.022151362150907516,3.549521352397278e-05,-0.002414522459730506,0.0001246939937118441,0.25555820963086057,3.0307474919369466,0.14088610211986438,0.02,1.0,0.7147779529571534,1.516908838736692,0.0,0.0,7.747879541998758e-11,0.0,0.0014097036049475929,True,False,OK,metrics within configured thresholds
20.44,unknown,pen_up,0.5,0.03464101615137754,0.222,0.49690623091816205,0.03424293422004818,0.21143083588095246,0.5034705376841472,0.03464879958071562,0.22340970360490728,0.0030937690818379493,0.00039808193132936237,0.010569164119047542,0.011019850567550784,0.0409526564180851,0.03586534410715103,0.027759864926338196,-2.3570430278778076,-0.0008157715201377869,2.366422653198242,0.8272480368614197,-0.0001638334069866687,-0.025738392025232315,3.1676132493885234e-05,0.022160574793815613,3.237169948988594e-05,-0.0024146265350282192,0.0001275475660804659,0.25555720911134894,3.0307529051525974,0.14088428379434267,0.02,1.0,0.7147674625396729,1.5168969776342203,0.0,0.0,5.0361217022991924e-11,0.0,0.001409703604907269,True,False,OK,metrics within configured thresholds
20.46,unknown,pen_up,0.5,0.03464101615137754,0.222,0.4969031126230394,0.034242551802109424,0.2114307171476663,0.5034677161767812,0.034648488243542094,0.22340970360488105,0.003096887376960622,0.0003984643492681156,0.010569282852333689,0.011020854108273581,0.04095158353447914,0.03585713729262352,0.02776067517697811,-2.357053518295288,-0.0008154840325005352,2.366425037384033,0.8272482752799988,-0.00016318807320203632,-0.025716375559568405,3.212432056898251e-05,0.02217850834131241,3.022572855115868e-05,-0.0024075813125818968,0.0001302897435380146,0.2555564165617761,3.030755682612343,0.14088253220155125,0.02,1.0,0.7147569721221925,1.5169019547636382,0.0,0.0,3.2734791064944754e-11,0.0,0.0014097036048810584,True,False,OK,metrics within configured thresholds
20.48,unknown,pen_up,0.5,0.03464101615137754,0.222,0.49690014728571325,0.03424228386822789,0.21143068855323796,0.50346500752971,0.034648189359855516,0.22340970360486404,0.003099852714286755,0.0003987322831496484,0.010569311446762042,0.011021724853331798,0.040950533002614975,0.035849303007125854,0.027761494740843773,-2.3570635318756104,-0.0008152428199537098,2.366426944732666,0.8272485136985779,-0.00016233601490966976,-0.025699565187096596,3.29770082316827e-05,0.02220446988940239,2.8019796445732936e-05,-0.0024182950146496296,0.0001346725330222398,0.25555537910431964,3.0307620001429565,0.14088065437758976,0.02,1.0,0.714746481704712,1.5169145845245473,0.0,0.0,2.127761419221409e-11,0.0,0.0014097036048640217,True,False,OK,metrics within configured thresholds
20.5,unknown,pen_up,0.5,0.03464101615137754,0.222,0.4968978422626582,0.03424196955989195,0.21143130911142033,0.5034624072285215,0.03464790243151639,0.22340970360485296,0.003102157737341793,0.0003990465914855898,0.010568690888579674,0.011021789687154842,0.04094948619604111,0.035841744393110275,0.027762319892644882,-2.357072114944458,-0.0008149641216732562,2.366428852081299,0.827248752117157,-0.00016215072537306696,-0.02568797394633293,3.2882588129723445e-05,0.02222319319844246,2.9822325814166106e-05,-0.00242162705399096,0.00013117211346980184,0.25555457141878724,3.0307659473982596,0.1408790049195167,0.02,1.0,0.7147364681243897,1.5168592652656228,0.0,0.0,1.383044922493916e-11,0.0,0.0014097036048529477,True,False,OK,metrics within configured thresholds
20.52,unknown,pen_up,0.5,0.03464101615137754,0.222,0.4968952853930773,0.034241720879057864,0.21143160381378248,0.5034599109393807,0.03464762698031084,0.22340970360484574,0.003104714606922687,0.00039929527231967465,0.010568396186217521,0.011022236046002326,0.04094843938946724,0.03583436459302902,0.02776315063238144,-2.3570806980133057,-0.0008147379267029464,2.3664307594299316,0.8272489905357361,-0.00016159180086106062,-0.02567676082253456,3.344627111800946e-05,0.02222347818315029,2.731458516791463e-05,-0.002415489638224244,0.00013581759412772954,0.25555382706128404,3.030769975380658,0.14087765173240957,0.02,1.0,0.7147278850555421,1.5168245407557877,0.0,0.0,8.989791996210454e-12,0.0,0.0014097036048457492,True,False,OK,metrics within configured thresholds
20.54,unknown,pen_up,0.5,0.03464101615137754,0.222,0.4968928642572474,0.03424140842615275,0.21143186986405046,0.5034575145018055,0.03464736254715351,0.22340970360484108,0.0031071357427526203,0.0003996077252247862,0.010568130135949538,0.011022674513398053,0.040947411209344864,0.03582735359668732,0.027763983234763145,-2.3570892810821533,-0.0008145103929564357,2.3664326667785645,0.8272492289543152,-0.0001614443026483059,-0.025656526908278465,3.348472455400042e-05,0.02224133536219597,2.760392271738965e-05,-0.0024224952794611454,0.0001344742631772533,0.2555529476371942,3.0307748263833156,0.1408760332684147,0.02,1.0,0.7147193019866944,1.5168018431488246,0.0,0.0,5.843364797536795e-12,0.0,0.0014097036048410709,True,False,OK,metrics within configured thresholds
20.56,unknown,pen_up,0.5,0.03464101615137754,0.222,0.496890353537936,0.03424126583039537,0.21143178221273487,0.5034552139217333,0.03464710869132247,0.22340970360483803,0.0031096464620640196,0.00039975032098216873,0.010568217787265133,0.011023471714356588,0.04094638675451279,0.03582068532705307,0.02776482328772545,-2.357097864151001,-0.0008142633596435189,2.366434335708618,0.8272494673728943,-0.00016098804189823568,-0.025640513747930527,3.386148819117807e-05,0.022253399714827538,2.7885351300938055e-05,-0.002423757454380393,0.00013619060337077826,0.25555227937094055,3.030777664775712,0.14087465126587093,0.02,1.0,0.7147107189178468,1.5168202014517547,0.0,0.0,3.7981871183989165e-12,0.0,0.0014097036048380297,True,False,OK,metrics within configured thresholds
20.580000000000002,unknown,pen_up,0.5,0.03464101615137754,0.222,0.496887555602868,0.03424091670639307,0.21143152027040057,0.5034530053648639,0.03464686498972468,0.22340970360483606,0.003112444397131986,0.0004000994449844669,0.010568479729599428,0.011024525091180534,0.04094536602497101,0.035814281553030014,0.027765652164816856,-2.3571064472198486,-0.0008140528807416558,2.3664355278015137,0.8272497057914734,-0.0001613844360690564,-0.025630120187997818,3.2877622288651764e-05,0.022269416600465775,2.656107062648516e-05,-0.002425028244033456,0.00013261070125736296,0.25555152684472654,3.0307817639453516,0.14087317946429898,0.02,1.0,0.7147021358489991,1.5168858526551743,0.0,0.0,2.4688216269592957e-12,0.0,0.001409703604836053,True,False,OK,metrics within configured thresholds
20.6,unknown,pen_up,0.5,0.03464101615137754,0.222,0.49688494006337647,0.03424074886767056,0.2114312251714996,0.5034508851502694,0.03464663103619079,0.22340970360483478,0.003115059936623532,0.00040026728370697734,0.01056877482850041,0.011025552760869046,0.040944330394268036,0.03580816462635994,0.027766484767198563,-2.3571150302886963,-0.0008137631812132895,2.3664374351501465,0.8272499442100525,-0.0001616531953914091,-0.025615183636546135,3.327816739329137e-05,0.022300351411104202,3.0221024644561112e-05,-0.002421747427433729,0.00013168725126888603,0.2555508151750542,3.0307847746613015,0.14087168246587242,0.02,1.0,0.7146935527801515,1.516916429571042,0.0,0.0,1.6047340575235422e-12,0.0,0.0014097036048347682,True,False,OK,metrics within configured thresholds
20.62,unknown,pen_up,0.5,0.03464101615137754,0.222,0.4968825414585902,0.034240355751281065,0.21143126328595985,0.5034488497442586,0.03464640644079826,0.22340970360483395,0.0031174585414098233,0.0004006604000964739,0.010568736714040156,0.01102620842557925,0.040943294763565063,0.03580232337117195,0.027767306193709373,-2.3571224212646484,-0.0008135706302709877,2.3664374351501465,0.8272501826286316,-0.0001619784306967631,-0.025603242218494415,3.236535849282518e-05,0.022332115098834038,2.5671884941402823e-05,-0.002426339779049158,0.00013237379607744515,0.25555006149196985,3.03078883683326,0.14087020506797918,0.02,1.0,0.7146849697113038,1.5170033384804567,0.0,0.0,1.0430771373903024e-12,0.0,0.001409703604833933,True,False,OK,metrics within configured thresholds
20.64,unknown,pen_up,0.5,0.03464101615137754,0.222,0.4968810994647161,0.034240257612369665,0.21143178728820736,0.5034468957544883,0.03464619082922143,0.2234097036048334,0.0031189005352839083,0.0004007585390078741,0.010568212711792646,0.011026117534167575,0.040942251682281494,0.03579660877585411,0.02776814065873623,-2.357128858566284,-0.0008133408264257014,2.3664402961730957,0.8272504210472107,-0.00016132502059917897,-0.025597436353564262,3.3468400943093e-05,0.022342532873153687,2.6672505555325188e-05,-0.002405208069831133,0.0001371696125715971,0.2555495018200225,3.0307902372464715,0.14086892388311903,0.02,1.0,0.7146775787353516,1.5168732728358671,0.0,0.0,6.780001393036966e-13,0.0,0.0014097036048333898,True,False,OK,metrics within configured thresholds
20.66,unknown,pen_up,0.5,0.03464101615137754,0.222,0.49687946510164227,0.03423997265886267,0.21143226014980326,0.5034450199243087,0.034645983842107674,0.22340970360483303,0.0031205348983577297,0.00040104349251486593,0.010567739850196739,0.011026137105813315,0.04094122722744942,0.03579102084040642,0.027768971398472786,-2.3571345806121826,-0.0008132760995067656,2.366441011428833,0.8272506594657898,-0.0001608691381989047,-0.02559077739715576,3.327920421725139e-05,0.022342637181282043,1.954167237272486e-05,-0.002425729064270854,0.00014119911065790802,0.25554885406832,3.0307950687256646,0.14086791449360414,0.02,1.0,0.7146711414337159,1.5168317027544747,0.0,0.0,4.4070009054740283e-13,0.0,0.0014097036048330372,True,False,OK,metrics within configured thresholds
20.68,unknown,pen_up,0.5,0.03464101615137754,0.222,0.4968780047174097,0.03423976589806746,0.21143264203693438,0.5034432191273364,0.03464578513447847,0.2234097036048328,0.003121995282590273,0.0004012502533100801,0.010567357963065627,0.011026192027616054,0.04094020277261734,0.035785604268312454,0.027769817039370537,-2.357140302658081,-0.0008130183559842408,2.3664424419403076,0.8272508978843689,-0.00016058693290688097,-0.025580503046512604,3.422289955778979e-05,0.022340796887874603,2.845036578946747e-05,-0.0024245462846010923,0.00013637219672091305,0.2555483774775136,3.0307970901246235,0.14086694199731542,0.02,1.0,0.7146654193878175,1.5167737403874209,0.0,0.0,2.8645505885581184e-13,0.0,0.0014097036048328075,True,False,OK,metrics within configured thresholds
20.7,unknown,pen_up,0.5,0.03464101615137754,0.222,0.4968758749649004,0.03423944618097689,0.21143270439014816,0.503441490362243,0.03464559437515443,0.22340970360483267,0.003124125035099623,0.0004015699704006462,0.01056729560985184,0.011026747126059333,0.040939196944236755,0.03578031808137894,0.027770673856139183,-2.357146739959717,-0.0008127709734253585,2.366443157196045,0.827251136302948,-0.0001601039111847058,-0.025573421269655228,3.491467941785231e-05,0.022335238754749298,2.8413094696588814e-05,-0.002425659215077758,0.00013761434820480645,0.25554781932764437,3.0308010889596053,0.1408660069927315,0.02,1.0,0.714659697341919,1.5168024817498902,0.0,0.0,1.861957882562777e-13,0.0,0.0014097036048326583,True,False,OK,metrics within configured thresholds
20.72,unknown,pen_up,0.5,0.03464101615137754,0.222,0.496874364013878,0.03423935995381944,0.2114331754123767,0.5034398307477532,0.03464541124620336,0.22340970360483256,0.0031256359861219773,0.00040165619755810206,0.010566824587623314,0.011026727070367623,0.040938206017017365,0.03577541187405586,0.027771547436714172,-2.3571524620056152,-0.0008125112508423626,2.3664450645446777,0.8272513747215271,-0.00015884269669186324,-0.02555236592888832,3.604548328439705e-05,0.022357473149895668,2.8143411327619106e-05,-0.0024223497603088617,0.0001419608888681978,0.2555472703327998,3.0308026898927047,0.14086481160896042,0.02,1.0,0.7146532600402833,1.5167416752814151,0.0,0.0,1.210272623665805e-13,0.0,0.0014097036048325614,True,False,OK,metrics within configured thresholds
20.740000000000002,unknown,pen_up,0.5,0.03464101615137754,0.222,0.49687266583155154,0.034239277631843694,0.21143314629578364,0.5034382375178431,0.03464523544241032,0.2234097036048325,0.003127334168448459,0.0004017385195338452,0.010566853704216367,0.011027239457159423,0.04093724116683006,0.03577083721756935,0.027772419154644012,-2.3571581840515137,-0.0008123346487991512,2.366446018218994,0.8272516131401062,-0.0001583477423992008,-0.025536533445119858,3.59418845619075e-05,0.0223645381629467,2.5294088118243963e-05,-0.002424441045150161,0.00014215899864211679,0.2555467407639838,3.030805797651028,0.1408638738754748,0.02,1.0,0.7146475379943849,1.5167488460505847,0.0,0.0,7.866772053827732e-14,0.0,0.0014097036048324985,True,False,OK,metrics within configured thresholds
20.76,unknown,pen_up,0.5,0.03464101615137754,0.222,0.4968707229196085,0.034239123050739714,0.21143291362107916,0.5034367080171294,0.03464506667076901,0.22340970360483245,0.0031292770803915126,0.00040189310063782485,0.010567086378920842,0.011028019207898502,0.04093627259135246,0.03576647862792015,0.027773281559348106,-2.357163906097412,-0.000812324695289135,2.3664464950561523,0.8272518515586853,-0.00015850503405090421,-0.02552798017859459,3.502775143715553e-05,0.022372473031282425,1.727293783915229e-05,-0.0024246496614068747,0.00014556798851117492,0.2555462635057513,3.0308082871819217,0.1408629161631342,0.02,1.0,0.7146418159484864,1.5168089092308161,0.0,0.0,5.113401834988026e-14,0.0,0.0014097036048324576,True,False,OK,metrics within configured thresholds
20.78,unknown,pen_up,0.5,0.03464101615137754,0.222,0.49686933794332416,0.03423881478945628,0.21143308972104577,0.5034352396964442,0.034644904649993355,0.22340970360483242,0.003130662056675837,0.00040220136192126166,0.010566910278954234,0.011028254789045715,0.040935300290584564,0.03576231375336647,0.027774136513471603,-2.3571696281433105,-0.0008122119470499456,2.366448402404785,0.8272520899772644,-0.00015920087753329426,-0.025519752874970436,3.4328855690546334e-05,0.022390084341168404,2.1985688363201916e-05,-0.0024224964436143637,0.00013958408089820296,0.2555457287698216,3.0308106119195934,0.14086183319782927,0.02,1.0,0.714636093902588,1.516780529811064,0.0,0.0,3.323711192742217e-14,0.0,0.001409703604832431,True,False,OK,metrics within configured thresholds
20.8,unknown,pen_up,0.5,0.03464101615137754,0.222,0.49686751807123747,0.03423869417525275,0.2114327658212611,0.5034338301085864,0.03464474911004872,0.22340970360483242,0.0031324819287625316,0.00040232197612478926,0.010567234178738893,0.011029086281048138,0.040934305638074875,0.035758260637521744,0.027775000780820847,-2.357175350189209,-0.0008119525737129152,2.3664493560791016,0.8272523283958435,-0.00015906339103821665,-0.02551436424255371,3.5455890611046925e-05,0.02239787019789219,2.8328711778158322e-05,-0.0024247916880995035,0.0001393393613398075,0.2555453523088463,3.030812741171695,0.1408610378532706,0.02,1.0,0.7146303718566895,1.5168215805478424,0.0,0.0,2.1604122752824414e-14,0.0,0.0014097036048324135,True,False,OK,metrics within configured thresholds
20.82,unknown,pen_up,0.5,0.03464101615137754,0.222,0.49686543233337954,0.03423853695329062,0.2114323282281278,0.503432476904243,0.034644599791701876,0.2234097036048324,0.003134567666620458,0.0004024791980869191,0.010567671771872206,0.011030103836299083,0.04093332961201668,0.03575434908270836,0.02777586318552494,-2.3571810722351074,-0.0008118366240523756,2.3664493560791016,0.8272525668144226,-0.00015860272105783224,-0.025506891310214996,3.512695911922492e-05,0.022419704124331474,2.1547681171796285e-05,-0.002426127204671502,0.00014343357179313898,0.2555448110502133,3.0308150584550306,0.14085996736574474,0.02,1.0,0.7146246498107911,1.5169203055917542,0.0,0.0,1.404267978933587e-14,0.0,0.0014097036048324023,True,False,OK,metrics within configured thresholds
20.84,unknown,pen_up,0.5,0.03464101615137754,0.222,0.49686434974918775,0.03423834645024015,0.2114325920607378,0.5034311778280732,0.0346444564460889,0.2234097036048324,0.0031356502508122497,0.00040266970113739253,0.010567407939262197,0.01103016572579101,0.04093236103653908,0.03575064241886139,0.027776723727583885,-2.3571858406066895,-0.0008117914549075067,2.3664512634277344,0.8272528052330017,-0.00015854128287173808,-0.0254978034645319,3.4935965231852606e-05,0.02244892530143261,1.8657126929610968e-05,-0.00242257141508162,0.00014512713823933154,0.25554429134846723,3.0308174513843014,0.14085890797510786,0.02,1.0,0.7146189277648927,1.5168744212043224,0.0,0.0,9.127741863068316e-15,0.0,0.0014097036048323949,True,False,OK,metrics within configured thresholds
20.86,unknown,pen_up,0.5,0.03464101615137754,0.222,0.4968627377578327,0.034238314356726404,0.21143247598407025,0.5034299307149503,0.03464431883430045,0.2234097036048324,0.0031372622421673158,0.0004027017946511349,0.010567524015929752,0.011030736464026145,0.04093138501048088,0.035746980458498,0.02777758613228798,-2.3571906089782715,-0.0008115587406791747,2.3664519786834717,0.8272530436515808,-0.0001589064922882244,-0.02549680694937706,3.555294097168371e-05,0.022452063858509064,2.8165357434772886e-05,-0.002425729064270854,0.00013839500024914742,0.2555439076496425,3.030819533861131,0.1408582129903809,0.02,1.0,0.7146141593933106,1.5169071763345796,0.0,0.0,5.9330322109944054e-15,0.0,0.0014097036048323901,True,False,OK,metrics within configured thresholds
20.88,unknown,pen_up,0.5,0.03464101615137754,0.222,0.49686127790529405,0.034238150442543684,0.21143221009973995,0.5034287334863523,0.03464418672698353,0.2234097036048324,0.003138722094705948,0.000402865708833855,0.010567789900260055,0.01103141244552065,0.04093041643500328,0.035743482410907745,0.027778437361121178,-2.3571953773498535,-0.0008115139207802713,2.366452693939209,0.8272532820701599,-0.00015892897499725223,-0.025486448779702187,3.424928218009882e-05,0.02247222140431404,1.8583154087536968e-05,-0.002424687147140503,0.0001427872630301863,0.2555434547630644,3.0308220570071236,0.14085733177750578,0.02,1.0,0.7146093910217286,1.5169316073856611,0.0,0.0,3.8564709371463635e-15,0.0,0.001409703604832387,True,False,OK,metrics within configured thresholds
20.900000000000002,unknown,pen_up,0.5,0.03464101615137754,0.222,0.49685969480451597,0.03423787552795095,0.21143209818631412,0.5034275841468981,0.03464405990395929,0.2234097036048324,0.0031403051954840278,0.00040314062342659135,0.010567901813685887,0.011031980231433803,0.040929440408945084,0.03574007749557495,0.02777928300201893,-2.3572001457214355,-0.0008115090895444155,2.366452693939209,0.827253520488739,-0.00015898837591521442,-0.02548287995159626,3.3873227948788553e-05,0.022489583119750023,1.557741779834032e-05,-0.00242954702116549,0.00014608177298214287,0.2555429616099309,3.0308246198982998,0.14085641146708114,0.02,1.0,0.7146046226501466,1.5170078899815191,0.0,0.0,2.5067061091451363e-15,0.0,0.001409703604832385,True,False,OK,metrics within configured thresholds
20.92,unknown,pen_up,0.5,0.03464101615137754,0.222,0.49685878794660665,0.03423783093769545,0.2114322113402167,0.5034264807810223,0.03464393815385602,0.2234097036048324,0.0031412120533933496,0.00040318521368208626,0.010567788659783306,0.01103213164527872,0.04092845693230629,0.03573679178953171,0.027780145406723022,-2.3572041988372803,-0.0008113489602692425,2.366454601287842,0.8272537589073181,-0.00015875299868639559,-0.025476645678281784,3.534045026754029e-05,0.022504929453134537,2.4242086510639638e-05,-0.002414145041257143,0.0001428023533662781,0.25554268030227784,3.0308248963790554,0.140855641235833,0.02,1.0,0.7145998542785645,1.5169445775795063,0.0,0.0,1.6293589709443386e-15,0.0,0.0014097036048323836,True,False,OK,metrics within configured thresholds
20.94,unknown,pen_up,0.5,0.03464101615137754,0.222,0.4968574671796908,0.0342377168428738,0.2114322131544592,0.5034254215497813,0.034643821273756883,0.2234097036048324,0.003142532820309185,0.00040329930850373924,0.0105677868455408,0.011032510216253831,0.04092748835682869,0.035733580589294434,0.027781004086136818,-2.357208013534546,-0.0008113075164146721,2.366454839706421,0.8272539973258972,-0.00015833633369766176,-0.025474684312939644,3.501290120766498e-05,0.022511295974254608,1.8512431779527105e-05,-0.0024315081536769867,0.0001459778577554971,0.25554228223456854,3.0308278884744775,0.14085502263840477,0.02,1.0,0.7145958011627198,1.5169635467590743,0.0,0.0,1.0590833311138202e-15,0.0,0.0014097036048323827,True,False,OK,metrics within configured thresholds
20.96,unknown,pen_up,0.5,0.03464101615137754,0.222,0.4968562431439087,0.03423745401575892,0.21143227685278598,0.5034244046877902,0.03464370906886171,0.2234097036048324,0.0031437568560913065,0.0004035621356186167,0.01056772314721402,0.011032807534063537,0.04092652350664139,0.0357305146753788,0.027781862765550613,-2.3572118282318115,-0.0008113030926324427,2.366454839706421,0.8272542357444763,-0.00015823138528503478,-0.025464709848165512,3.4841574233723804e-05,0.022526737302541733,1.6758958736318164e-05,-0.002426805440336466,0.00014714818098582327,0.2555419419012028,3.0308292592027057,0.14085430321620468,0.02,1.0,0.7145919864654542,1.5170063482112746,0.0,0.0,6.884041652239831e-16,0.0,0.0014097036048323823,True,False,OK,metrics within configured thresholds
20.98,unknown,pen_up,0.5,0.03464101615137754,0.222,0.49685529678295814,0.03423739912206938,0.21143236125820852,0.5034234285002785,0.03464360135216234,0.2234097036048324,0.0031447032170418554,0.000403617029308162,0.01056763874179148,0.011032998396022413,0.040925558656454086,0.03572759032249451,0.027782738208770752,-2.357215642929077,-0.0008111438364721835,2.3664567470550537,0.8272544741630554,-0.00015780574176460505,-0.025457991287112236,3.629332422860898e-05,0.022533828392624855,2.4431121346424334e-05,-0.002415088936686516,0.00014493057096842676,0.2555416258878534,3.0308302872157515,0.14085363332867612,0.02,1.0,0.7145881717681886,1.5169540544461313,0.0,0.0,4.47462707395589e-16,0.0,0.0014097036048323819,True,False,OK,metrics within configured thresholds
21.0,unknown,pen_up,0.5,0.03464101615137754,0.222,0.4968539562748994,0.03423717981907263,0.2114320986105783,0.5034224913602674,0.03464349794413095,0.2234097036048324,0.003146043725100578,0.00040383633230491045,0.010567901389421708,0.011033640137328908,0.04092460870742798,0.035724837332963943,0.02778361178934574,-2.3572194576263428,-0.00081109709572047,2.366456985473633,0.8272547125816345,-0.00015718091162852943,-0.02544873021543026,3.6171582905808464e-05,0.022547591477632523,1.9156355847371742e-05,-0.0024313400499522686,0.00014839500363450497,0.25554128687808536,3.030832779303903,0.14085304907931662,0.02,1.0,0.7145843570709229,1.5170123257953898,0.0,0.0,2.9085075980713287e-16,0.0,0.0014097036048323817,True,False,OK,metrics within configured thresholds
21.02,unknown,pen_up,0.5,0.03464101615137754,0.222,0.4968528370285754,0.03423714448096656,0.2114319837670725,0.5034215917058567,0.03464339867242081,0.2234097036048324,0.0031471629714245886,0.0004038716704109768,0.010568016232927496,0.011034070608541785,0.04092367738485336,0.03572225570678711,0.027784502133727074,-2.3572230339050293,-0.0008109481423161924,2.366456985473633,0.8272549510002136,-0.0001565320126246661,-0.025442248210310936,3.710080636665225e-05,0.022564321756362915,2.3708822482149117e-05,-0.0024233851581811905,0.00014743892825208604,0.2555409559997997,3.0308339961797577,0.14085232605489392,0.02,1.0,0.7145805423736573,1.5170579706952039,0.0,0.0,1.8905299387463636e-16,0.0,0.0014097036048323814,True,False,OK,metrics within configured thresholds
21.04,unknown,pen_up,0.5,0.03464101615137754,0.222,0.4968523577014775,0.03423714818295246,0.21143227236190446,0.5034207280376224,0.03464330337157908,0.2234097036048324,0.0031476422985224906,0.00040386796842507844,0.010567727638095548,0.011033930795883044,0.040922753512859344,0.035719722509384155,0.027785392478108406,-2.3572258949279785,-0.0008108479087240994,2.3664588928222656,0.8272551894187927,-0.00015633284056093544,-0.025442110374569893,3.630482024163939e-05,0.022569820284843445,2.0241686797817238e-05,-0.002419852651655674,0.00014753377763554454,0.25554067172206263,3.0308347307356205,0.14085167671943366,0.02,1.0,0.7145769660949708,1.5169593937791184,0.0,0.0,1.2288444601851365e-16,0.0,0.0014097036048323814,True,False,OK,metrics within configured thresholds
21.06,unknown,pen_up,0.5,0.03464101615137754,0.222,0.4968513658290548,0.03423701218711513,0.21143233452967342,0.5034198989161175,0.034643211882771016,0.2234097036048324,0.003148634170945186,0.00040400396426240603,0.010567665470326587,0.011034159226616057,0.04092182591557503,0.0357172004878521,0.027786267921328545,-2.3572287559509277,-0.0008107497706077993,2.3664588928222656,0.8272554278373718,-0.0001571215398143977,-0.025440199300646782,3.5845896491082385e-05,0.02257094532251358,2.1737323550041765e-05,-0.0024393750354647636,0.00014393033052328974,0.2555404047718289,3.0308374422219146,0.14085134292189308,0.02,1.0,0.7145741050720216,1.5169861927137025,0.0,0.0,7.987488991203387e-17,0.0,0.0014097036048323814,True,False,OK,metrics within configured thresholds
21.080000000000002,unknown,pen_up,0.5,0.03464101615137754,0.222,0.4968504211550296,0.03423694773924566,0.21143260409041648,0.5034191029594728,0.03464312405351528,0.2234097036048324,0.003149578844970413,0.0004040684121318777,0.010567395909583527,0.011034173031643585,0.04092087969183922,0.0357147678732872,0.027787141501903534,-2.357231616973877,-0.0008107108878903091,2.3664588928222656,0.8272556662559509,-0.00015710509615018964,-0.02543325535953045,3.5902026866097e-05,0.02257685735821724,1.8475187971489504e-05,-0.0024277763441205025,0.0001477729674661532,0.2555401578988858,3.0308380870104292,0.140850776180295,0.02,1.0,0.7145712440490724,1.5170002013372148,0.0,0.0,5.191867844282202e-17,0.0,0.0014097036048323812,True,False,OK,metrics within configured thresholds
21.1,unknown,pen_up,0.5,0.03464101615137754,0.222,0.49684989887248976,0.03423679065064944,0.21143256764056764,0.5034183388410939,0.03464303973742977,0.2234097036048324,0.003150101127510241,0.000404225500728099,0.01056743235943236,0.011034362783602793,0.040919940918684006,0.035712551325559616,0.027788011357188225,-2.357234477996826,-0.0008106824825517833,2.3664608001708984,0.82725590467453,-0.00015706592239439487,-0.02542065642774105,3.553575515979901e-05,0.022584589198231697,1.7907999790622853e-05,-0.002418317599222064,0.00014742974599357694,0.25553991282146143,3.0308384119167013,0.14085023761065257,0.02,1.0,0.7145683830261231,1.5169306972976957,0.0,0.0,3.3747140987834315e-17,0.0,0.0014097036048323812,True,False,OK,metrics within configured thresholds
21.12,unknown,pen_up,0.5,0.03464101615137754,0.222,0.49684887743379935,0.03423671614779178,0.21143251293377552,0.5034176052874502,0.03464295879398768,0.2234097036048324,0.003151122566200648,0.00040430000358575996,0.010567487066224485,0.011034709548281738,0.040918994694948196,0.03571045398712158,0.027788886800408363,-2.3572373390197754,-0.0008105385350063443,2.3664608001708984,0.8272561430931091,-0.00015681762306485325,-0.025419484823942184,3.604080848162994e-05,0.022588098421692848,2.2255680960370228e-05,-0.002443091943860054,0.00014637869026046246,0.25553960297526174,3.03084179526703,0.14084983952359648,0.02,1.0,0.7145655220031739,1.5169819077139646,0.0,0.0,2.1935641642092307e-17,0.0,0.0014097036048323812,True,False,OK,metrics within configured thresholds
21.14,unknown,pen_up,0.5,0.03464101615137754,0.222,0.49684786555443317,0.03423663864008921,0.21143233887827717,0.5034169010759522,0.03464288108828328,0.2234097036048324,0.0031521344455668343,0.00040437751128832855,0.010567661121722832,0.011035168069319876,0.04091806709766388,0.03570842742919922,0.02778976410627365,-2.3572402000427246,-0.000810510478913784,2.3664608001708984,0.8272563815116882,-0.00015638508193660527,-0.025413868948817253,3.628540434874594e-05,0.022596174851059914,1.782182698661927e-05,-0.002427817089483142,0.00015034744865261018,0.25553937097718193,3.0308421681844733,0.14084929242835892,0.02,1.0,0.7145626609802247,1.5170316587789003,0.0,0.0,1.425816706736e-17,0.0,0.0014097036048323812,True,False,OK,metrics within configured thresholds
21.16,unknown,pen_up,0.5,0.03464101615137754,0.222,0.4968470582332658,0.03423659359258862,0.21143221892564107,0.503416225032914,0.034642806490807046,0.2234097036048324,0.0031529417667341963,0.0004044225587889194,0.010567781074358934,0.011035515222501086,0.04091714322566986,0.035706471651792526,0.027790643274784088,-2.357243061065674,-0.0008103873115032911,2.366461753845215,0.8272566199302673,-0.00015662530495319515,-0.02540975622832775,3.6175260902382433e-05,0.0226069875061512,2.2611911845160648e-05,-0.002424397971481085,0.00014506521984003484,0.2555391407643861,3.0308430212609987,0.14084876523992923,0.02,1.0,0.7145597999572755,1.5170238869437216,0.0,0.0,9.267808593784e-18,0.0,0.0014097036048323812,True,False,OK,metrics within configured thresholds
21.18,unknown,pen_up,0.5,0.03464101615137754,0.222,0.49684607576876955,0.034236518086977884,0.21143195616549515,0.5034155760315975,0.03464273487722987,0.2234097036048324,0.003153924231230454,0.0004044980643996554,0.010568043834504853,0.011036050345502313,0.040916215628385544,0.03570462763309479,0.02779151313006878,-2.357245922088623,-0.0008103019208647311,2.366461753845215,0.8272568583488464,-0.00015683608944527805,-0.025405455380678177,3.552668567863293e-05,0.022621583193540573,2.017481892835349e-05,-0.0024325905833393335,0.00014564099546987563,0.25553890210432145,3.0308442834282894,0.14084831534311487,0.02,1.0,0.7145569389343263,1.5170809792799795,0.0,0.0,6.0240755859596e-18,0.0,0.0014097036048323812,True,False,OK,metrics within configured thresholds
21.2,unknown,pen_up,0.5,0.03464101615137754,0.222,0.4968450564623479,0.03423635712477096,0.2114314560701266,0.5034149529903336,0.03464266612819577,0.2234097036048324,0.0031549435376521107,0.0004046590266065797,0.010568543929873414,0.011036826466482618,0.04091528430581093,0.03570284694433212,0.027792375534772873,-2.3572487831115723,-0.0008103012223728001,2.366461753845215,0.8272570967674255,-0.00015681695367675275,-0.025404393672943115,3.512613329803571e-05,0.022633904591202736,1.5659443306503817e-05,-0.002424606354907155,0.00014919873501639813,0.25553864201581555,3.0308454114253784,0.14084778233579798,0.02,1.0,0.714554077911377,1.5171493953047095,0.0,0.0,3.915649130873741e-18,0.0,0.0014097036048323812,True,False,OK,metrics within configured thresholds
21.22,unknown,pen_up,0.5,0.03464101615137754,0.222,0.49684391475445583,0.03423638395634778,0.2114315519791718,0.5034143548707203,0.03464260012912304,0.2234097036048324,0.0031560852455441712,0.0004046321950297582,0.010568448020828208,0.011037060064135915,0.040914345532655716,0.03570101410150528,0.027793249115347862,-2.3572516441345215,-0.0008101837593130767,2.366461753845215,0.8272573351860046,-0.00015687329869251698,-0.025408005341887474,3.601434946176596e-05,0.022649239748716354,2.2461599655798636e-05,-0.0024257421027868986,0.00014594820095226169,0.2555383610121465,3.0308469004030134,0.14084722009280395,0.02,1.0,0.7145512168884278,1.517217368826648,0.0,0.0,2.5451719350679317e-18,0.0,0.0014097036048323812,True,False,OK,metrics within configured thresholds
21.240000000000002,unknown,pen_up,0.5,0.03464101615137754,0.222,0.49684342050977287,0.03423625325875892,0.21143133588935414,0.5034137806758914,0.03464253677001322,0.2234097036048324,0.0031565794902271294,0.00040476289261862086,0.010568664110645859,0.011037413110009853,0.0409134179353714,0.03569934889674187,0.027794107794761658,-2.3572545051574707,-0.0008102094288915396,2.366464138031006,0.8272575736045837,-0.00015711515152361244,-0.025394456461071968,3.468315117061138e-05,0.02267139032483101,1.5202710528683383e-05,-0.0024080793373286724,0.0001472816220484674,0.2555382057966416,3.0308456734363043,0.14084665470333452,0.02,1.0,0.7145483558654786,1.5171392390408234,0.0,0.0,1.6543617577941557e-18,0.0,0.0014097036048323812,True,False,OK,metrics within configured thresholds
21.26,unknown,pen_up,0.5,0.03464101615137754,0.222,0.49684252340067214,0.03423611756638701,0.21143095492561356,0.5034132294488558,0.034642475945267794,0.2234097036048324,0.0031574765993278575,0.000404898584990529,0.01056904507438644,0.011038039460150641,0.040912479162216187,0.035697802901268005,0.02779497019946575,-2.35725736618042,-0.0008102713618427515,2.366464138031006,0.8272578120231628,-0.00015682593220844865,-0.02539149671792984,3.523663690430112e-05,0.02269047312438488,1.362972761853598e-05,-0.002445410005748272,0.00015207374235615134,0.2555378518858685,3.030850168232435,0.1408463025232741,0.02,1.0,0.7145454948425294,1.5172068405691759,0.0,0.0,1.0753351425662013e-18,0.0,0.0014097036048323812,True,False,OK,metrics within configured thresholds
21.28,unknown,pen_up,0.5,0.03464101615137754,0.222,0.49684139008012107,0.03423603239365394,0.21143060521748108,0.5034127002709016,0.03464241755351218,0.2234097036048324,0.0031586099198789297,0.0004049837577235968,0.01056939478251892,0.011038701669069406,0.04091154783964157,0.035696230828762054,0.027795841917395592,-2.357260227203369,-0.0008102166466414928,2.366464138031006,0.8272580504417419,-0.00015671430446673185,-0.025395013391971588,3.5954861232312396e-05,0.02270146645605564,1.9432365661486983e-05,-0.00243964116089046,0.00014839405776001513,0.2555376020464477,3.030850821373898,0.140845794919153,0.02,1.0,0.7145426338195802,1.5172896309249557,0.0,0.0,6.989678426680309e-19,0.0,0.0014097036048323812,True,False,OK,metrics within configured thresholds
21.3,unknown,pen_up,0.5,0.03464101615137754,0.222,0.496841072535049,0.03423610522897851,0.21143078131902834,0.5034121922600655,0.0346423614974268,0.2234097036048324,0.003158927464951,0.0004049109223990266,0.01056921868097166,0.011038621250414387,0.04091062396764755,0.03569471463561058,0.02779671549797058,-2.3572611808776855,-0.0008101837593130767,2.366464138031006,0.827258288860321,-0.00015624832303728908,-0.025390662252902985,3.5924542316934094e-05,0.022721463814377785,1.8147711671190336e-05,-0.0024278301279991865,0.00014946518058422953,0.2555374325006143,3.030850538233691,0.1408452556157796,0.02,1.0,0.714539772796631,1.5172612770186689,0.0,0.0,4.543290977342201e-19,0.0,0.0014097036048323812,True,False,OK,metrics within configured thresholds
